metric,entity,entity_type,tier,period_end,period_type,value,source,pulled_at
bank_card_loans_sa,COMBANKS_ALL,aggregate,all,2000-06-28,W,211.4984,fred,2026-09-07T17:18:12Z
bank_card_loans_sa,COMBANKS_ALL,aggregate,all,2000-07-05,W,212.0107,fred,2026-09-07T17:18:12Z
bank_card_loans_sa,COMBANKS_ALL,aggregate,all,2000-07-12,W,210.8742,fred,2026-09-07T17:18:12Z
bank_card_loans_sa,COMBANKS_ALL,aggregate,all,2000-07-19,W,212.5366,fred,2026-09-07T17:18:12Z
bank_card_loans_sa,COMBANKS_ALL,aggregate,all,2000-07-26,W,211.5435,fred,2026-09-07T17:18:12Z
bank_card_loans_sa,COMBANKS_ALL,aggregate,all,2000-07-31,M,211.7899,fred,2026-09-07T17:18:12Z
bank_card_loans_sa,COMBANKS_ALL,aggregate,all,2000-08-02,W,212.1509,fred,2026-09-07T17:18:12Z
bank_card_loans_sa,COMBANKS_ALL,aggregate,all,2000-08-09,W,214.2497,fred,2026-09-07T17:18:12Z
bank_card_loans_sa,COMBANKS_ALL,aggregate,all,2000-08-16,W,218.2647,fred,2026-09-07T17:18:12Z
bank_card_loans_sa,COMBANKS_ALL,aggregate,all,2000-08-23,W,220.0864,fred,2026-09-07T17:18:12Z
bank_card_loans_sa,COMBANKS_ALL,aggregate,all,2000-08-30,W,218.576,fred,2026-09-07T17:18:12Z
bank_card_loans_sa,COMBANKS_ALL,aggregate,all,2000-08-31,M,217.4877,fred,2026-09-07T17:18:12Z
bank_card_loans_sa,COMBANKS_ALL,aggregate,all,2000-09-06,W,219.579,fred,2026-09-07T17:18:12Z
bank_card_loans_sa,COMBANKS_ALL,aggregate,all,2000-09-13,W,219.1403,fred,2026-09-07T17:18:12Z
bank_card_loans_sa,COMBANKS_ALL,aggregate,all,2000-09-20,W,225.6298,fred,2026-09-07T17:18:12Z
bank_card_loans_sa,COMBANKS_ALL,aggregate,all,2000-09-27,W,224.4915,fred,2026-09-07T17:18:12Z
bank_card_loans_sa,COMBANKS_ALL,aggregate,all,2000-09-30,M,222.1507,fred,2026-09-07T17:18:12Z
bank_card_loans_sa,COMBANKS_ALL,aggregate,all,2000-10-04,W,220.7384,fred,2026-09-07T17:18:12Z
bank_card_loans_sa,COMBANKS_ALL,aggregate,all,2000-10-11,W,219.4584,fred,2026-09-07T17:18:12Z
bank_card_loans_sa,COMBANKS_ALL,aggregate,all,2000-10-18,W,222.1211,fred,2026-09-07T17:18:12Z
bank_card_loans_sa,COMBANKS_ALL,aggregate,all,2000-10-25,W,221.3812,fred,2026-09-07T17:18:12Z
bank_card_loans_sa,COMBANKS_ALL,aggregate,all,2000-10-31,M,220.7404,fred,2026-09-07T17:18:12Z
bank_card_loans_sa,COMBANKS_ALL,aggregate,all,2000-11-01,W,219.879,fred,2026-09-07T17:18:12Z
bank_card_loans_sa,COMBANKS_ALL,aggregate,all,2000-11-08,W,217.5661,fred,2026-09-07T17:18:12Z
bank_card_loans_sa,COMBANKS_ALL,aggregate,all,2000-11-15,W,222.8506,fred,2026-09-07T17:18:12Z
bank_card_loans_sa,COMBANKS_ALL,aggregate,all,2000-11-22,W,224.5091,fred,2026-09-07T17:18:12Z
bank_card_loans_sa,COMBANKS_ALL,aggregate,all,2000-11-29,W,225.8295,fred,2026-09-07T17:18:12Z
bank_card_loans_sa,COMBANKS_ALL,aggregate,all,2000-11-30,M,222.6309,fred,2026-09-07T17:18:12Z
bank_card_loans_sa,COMBANKS_ALL,aggregate,all,2000-12-06,W,223.7623,fred,2026-09-07T17:18:12Z
bank_card_loans_sa,COMBANKS_ALL,aggregate,all,2000-12-13,W,224.0401,fred,2026-09-07T17:18:12Z
bank_card_loans_sa,COMBANKS_ALL,aggregate,all,2000-12-20,W,229.5627,fred,2026-09-07T17:18:12Z
bank_card_loans_sa,COMBANKS_ALL,aggregate,all,2000-12-27,W,232.7521,fred,2026-09-07T17:18:12Z
bank_card_loans_sa,COMBANKS_ALL,aggregate,all,2000-12-31,M,228.334,fred,2026-09-07T17:18:12Z
bank_card_loans_sa,COMBANKS_ALL,aggregate,all,2001-01-03,W,232.8239,fred,2026-09-07T17:18:12Z
bank_card_loans_sa,COMBANKS_ALL,aggregate,all,2001-01-10,W,229.8194,fred,2026-09-07T17:18:12Z
bank_card_loans_sa,COMBANKS_ALL,aggregate,all,2001-01-17,W,232.0682,fred,2026-09-07T17:18:12Z
bank_card_loans_sa,COMBANKS_ALL,aggregate,all,2001-01-24,W,232.6527,fred,2026-09-07T17:18:12Z
bank_card_loans_sa,COMBANKS_ALL,aggregate,all,2001-01-31,M,231.3357,fred,2026-09-07T17:18:12Z
bank_card_loans_sa,COMBANKS_ALL,aggregate,all,2001-01-31,W,230.1647,fred,2026-09-07T17:18:12Z
bank_card_loans_sa,COMBANKS_ALL,aggregate,all,2001-02-07,W,228.1967,fred,2026-09-07T17:18:12Z
bank_card_loans_sa,COMBANKS_ALL,aggregate,all,2001-02-14,W,231.5068,fred,2026-09-07T17:18:12Z
bank_card_loans_sa,COMBANKS_ALL,aggregate,all,2001-02-21,W,232.4337,fred,2026-09-07T17:18:12Z
bank_card_loans_sa,COMBANKS_ALL,aggregate,all,2001-02-28,M,230.2298,fred,2026-09-07T17:18:12Z
bank_card_loans_sa,COMBANKS_ALL,aggregate,all,2001-02-28,W,228.7822,fred,2026-09-07T17:18:12Z
bank_card_loans_sa,COMBANKS_ALL,aggregate,all,2001-03-07,W,227.8008,fred,2026-09-07T17:18:12Z
bank_card_loans_sa,COMBANKS_ALL,aggregate,all,2001-03-14,W,228.1327,fred,2026-09-07T17:18:12Z
bank_card_loans_sa,COMBANKS_ALL,aggregate,all,2001-03-21,W,229.0501,fred,2026-09-07T17:18:12Z
bank_card_loans_sa,COMBANKS_ALL,aggregate,all,2001-03-28,W,230.8298,fred,2026-09-07T17:18:12Z
bank_card_loans_sa,COMBANKS_ALL,aggregate,all,2001-03-31,M,228.9953,fred,2026-09-07T17:18:12Z
bank_card_loans_sa,COMBANKS_ALL,aggregate,all,2001-04-04,W,229.3869,fred,2026-09-07T17:18:12Z
bank_card_loans_sa,COMBANKS_ALL,aggregate,all,2001-04-11,W,230.3746,fred,2026-09-07T17:18:12Z
bank_card_loans_sa,COMBANKS_ALL,aggregate,all,2001-04-18,W,233.1077,fred,2026-09-07T17:18:12Z
bank_card_loans_sa,COMBANKS_ALL,aggregate,all,2001-04-25,W,234.0978,fred,2026-09-07T17:18:12Z
bank_card_loans_sa,COMBANKS_ALL,aggregate,all,2001-04-30,M,232.4303,fred,2026-09-07T17:18:12Z
bank_card_loans_sa,COMBANKS_ALL,aggregate,all,2001-05-02,W,234.4598,fred,2026-09-07T17:18:12Z
bank_card_loans_sa,COMBANKS_ALL,aggregate,all,2001-05-09,W,231.7587,fred,2026-09-07T17:18:12Z
bank_card_loans_sa,COMBANKS_ALL,aggregate,all,2001-05-16,W,235.3372,fred,2026-09-07T17:18:12Z
bank_card_loans_sa,COMBANKS_ALL,aggregate,all,2001-05-23,W,235.9437,fred,2026-09-07T17:18:12Z
bank_card_loans_sa,COMBANKS_ALL,aggregate,all,2001-05-30,W,234.7617,fred,2026-09-07T17:18:12Z
bank_card_loans_sa,COMBANKS_ALL,aggregate,all,2001-05-31,M,234.4148,fred,2026-09-07T17:18:12Z
bank_card_loans_sa,COMBANKS_ALL,aggregate,all,2001-06-06,W,233.331,fred,2026-09-07T17:18:12Z
bank_card_loans_sa,COMBANKS_ALL,aggregate,all,2001-06-13,W,231.6536,fred,2026-09-07T17:18:12Z
bank_card_loans_sa,COMBANKS_ALL,aggregate,all,2001-06-20,W,232.5539,fred,2026-09-07T17:18:12Z
bank_card_loans_sa,COMBANKS_ALL,aggregate,all,2001-06-27,W,234.3814,fred,2026-09-07T17:18:12Z
bank_card_loans_sa,COMBANKS_ALL,aggregate,all,2001-06-30,M,232.7097,fred,2026-09-07T17:18:12Z
bank_card_loans_sa,COMBANKS_ALL,aggregate,all,2001-07-04,W,230.3944,fred,2026-09-07T17:18:12Z
bank_card_loans_sa,COMBANKS_ALL,aggregate,all,2001-07-11,W,229.8096,fred,2026-09-07T17:18:12Z
bank_card_loans_sa,COMBANKS_ALL,aggregate,all,2001-07-18,W,231.8434,fred,2026-09-07T17:18:12Z
bank_card_loans_sa,COMBANKS_ALL,aggregate,all,2001-07-25,W,233.6923,fred,2026-09-07T17:18:12Z
bank_card_loans_sa,COMBANKS_ALL,aggregate,all,2001-07-31,M,231.5211,fred,2026-09-07T17:18:12Z
bank_card_loans_sa,COMBANKS_ALL,aggregate,all,2001-08-01,W,231.3597,fred,2026-09-07T17:18:12Z
bank_card_loans_sa,COMBANKS_ALL,aggregate,all,2001-08-08,W,230.7868,fred,2026-09-07T17:18:12Z
bank_card_loans_sa,COMBANKS_ALL,aggregate,all,2001-08-15,W,233.3958,fred,2026-09-07T17:18:12Z
bank_card_loans_sa,COMBANKS_ALL,aggregate,all,2001-08-22,W,235.8871,fred,2026-09-07T17:18:12Z
bank_card_loans_sa,COMBANKS_ALL,aggregate,all,2001-08-29,W,233.8029,fred,2026-09-07T17:18:12Z
bank_card_loans_sa,COMBANKS_ALL,aggregate,all,2001-08-31,M,233.3815,fred,2026-09-07T17:18:12Z
bank_card_loans_sa,COMBANKS_ALL,aggregate,all,2001-09-05,W,233.1785,fred,2026-09-07T17:18:12Z
bank_card_loans_sa,COMBANKS_ALL,aggregate,all,2001-09-12,W,231.666,fred,2026-09-07T17:18:12Z
bank_card_loans_sa,COMBANKS_ALL,aggregate,all,2001-09-19,W,235.5795,fred,2026-09-07T17:18:12Z
bank_card_loans_sa,COMBANKS_ALL,aggregate,all,2001-09-26,W,231.5165,fred,2026-09-07T17:18:12Z
bank_card_loans_sa,COMBANKS_ALL,aggregate,all,2001-09-30,M,232.5996,fred,2026-09-07T17:18:12Z
bank_card_loans_sa,COMBANKS_ALL,aggregate,all,2001-10-03,W,230.1907,fred,2026-09-07T17:18:12Z
bank_card_loans_sa,COMBANKS_ALL,aggregate,all,2001-10-10,W,228.6587,fred,2026-09-07T17:18:12Z
bank_card_loans_sa,COMBANKS_ALL,aggregate,all,2001-10-17,W,235.4796,fred,2026-09-07T17:18:12Z
bank_card_loans_sa,COMBANKS_ALL,aggregate,all,2001-10-24,W,236.1833,fred,2026-09-07T17:18:12Z
bank_card_loans_sa,COMBANKS_ALL,aggregate,all,2001-10-31,M,233.6211,fred,2026-09-07T17:18:12Z
bank_card_loans_sa,COMBANKS_ALL,aggregate,all,2001-10-31,W,235.633,fred,2026-09-07T17:18:12Z
bank_card_loans_sa,COMBANKS_ALL,aggregate,all,2001-11-07,W,236.0256,fred,2026-09-07T17:18:12Z
bank_card_loans_sa,COMBANKS_ALL,aggregate,all,2001-11-14,W,236.6018,fred,2026-09-07T17:18:12Z
bank_card_loans_sa,COMBANKS_ALL,aggregate,all,2001-11-21,W,241.566,fred,2026-09-07T17:18:12Z
bank_card_loans_sa,COMBANKS_ALL,aggregate,all,2001-11-28,W,243.3548,fred,2026-09-07T17:18:12Z
bank_card_loans_sa,COMBANKS_ALL,aggregate,all,2001-11-30,M,239.419,fred,2026-09-07T17:18:12Z
bank_card_loans_sa,COMBANKS_ALL,aggregate,all,2001-12-05,W,239.8665,fred,2026-09-07T17:18:12Z
bank_card_loans_sa,COMBANKS_ALL,aggregate,all,2001-12-12,W,240.6116,fred,2026-09-07T17:18:12Z
bank_card_loans_sa,COMBANKS_ALL,aggregate,all,2001-12-19,W,241.782,fred,2026-09-07T17:18:12Z
bank_card_loans_sa,COMBANKS_ALL,aggregate,all,2001-12-26,W,245.413,fred,2026-09-07T17:18:12Z
bank_card_loans_sa,COMBANKS_ALL,aggregate,all,2001-12-31,M,242.0903,fred,2026-09-07T17:18:12Z
bank_card_loans_sa,COMBANKS_ALL,aggregate,all,2002-01-02,W,242.1641,fred,2026-09-07T17:18:12Z
bank_card_loans_sa,COMBANKS_ALL,aggregate,all,2002-01-09,W,241.9671,fred,2026-09-07T17:18:12Z
bank_card_loans_sa,COMBANKS_ALL,aggregate,all,2002-01-16,W,241.8326,fred,2026-09-07T17:18:12Z
bank_card_loans_sa,COMBANKS_ALL,aggregate,all,2002-01-23,W,242.304,fred,2026-09-07T17:18:12Z
bank_card_loans_sa,COMBANKS_ALL,aggregate,all,2002-01-30,W,240.381,fred,2026-09-07T17:18:12Z
bank_card_loans_sa,COMBANKS_ALL,aggregate,all,2002-01-31,M,241.7079,fred,2026-09-07T17:18:12Z
bank_card_loans_sa,COMBANKS_ALL,aggregate,all,2002-02-06,W,243.223,fred,2026-09-07T17:18:12Z
bank_card_loans_sa,COMBANKS_ALL,aggregate,all,2002-02-13,W,237.8905,fred,2026-09-07T17:18:12Z
bank_card_loans_sa,COMBANKS_ALL,aggregate,all,2002-02-20,W,241.9115,fred,2026-09-07T17:18:12Z
bank_card_loans_sa,COMBANKS_ALL,aggregate,all,2002-02-27,W,242.4001,fred,2026-09-07T17:18:12Z
bank_card_loans_sa,COMBANKS_ALL,aggregate,all,2002-02-28,M,241.2786,fred,2026-09-07T17:18:12Z
bank_card_loans_sa,COMBANKS_ALL,aggregate,all,2002-03-06,W,241.0492,fred,2026-09-07T17:18:12Z
bank_card_loans_sa,COMBANKS_ALL,aggregate,all,2002-03-13,W,237.5681,fred,2026-09-07T17:18:12Z
bank_card_loans_sa,COMBANKS_ALL,aggregate,all,2002-03-20,W,242.3398,fred,2026-09-07T17:18:12Z
bank_card_loans_sa,COMBANKS_ALL,aggregate,all,2002-03-27,W,243.669,fred,2026-09-07T17:18:12Z
bank_card_loans_sa,COMBANKS_ALL,aggregate,all,2002-03-31,M,241.1881,fred,2026-09-07T17:18:12Z
bank_card_loans_sa,COMBANKS_ALL,aggregate,all,2002-04-03,W,241.3747,fred,2026-09-07T17:18:12Z
bank_card_loans_sa,COMBANKS_ALL,aggregate,all,2002-04-10,W,242.1699,fred,2026-09-07T17:18:12Z
bank_card_loans_sa,COMBANKS_ALL,aggregate,all,2002-04-17,W,249.0564,fred,2026-09-07T17:18:12Z
bank_card_loans_sa,COMBANKS_ALL,aggregate,all,2002-04-24,W,249.371,fred,2026-09-07T17:18:12Z
bank_card_loans_sa,COMBANKS_ALL,aggregate,all,2002-04-30,M,246.0181,fred,2026-09-07T17:18:12Z
bank_card_loans_sa,COMBANKS_ALL,aggregate,all,2002-05-01,W,245.3728,fred,2026-09-07T17:18:12Z
bank_card_loans_sa,COMBANKS_ALL,aggregate,all,2002-05-08,W,244.2388,fred,2026-09-07T17:18:12Z
bank_card_loans_sa,COMBANKS_ALL,aggregate,all,2002-05-15,W,245.1074,fred,2026-09-07T17:18:12Z
bank_card_loans_sa,COMBANKS_ALL,aggregate,all,2002-05-22,W,242.095,fred,2026-09-07T17:18:12Z
bank_card_loans_sa,COMBANKS_ALL,aggregate,all,2002-05-29,W,244.7872,fred,2026-09-07T17:18:12Z
bank_card_loans_sa,COMBANKS_ALL,aggregate,all,2002-05-31,M,243.8238,fred,2026-09-07T17:18:12Z
bank_card_loans_sa,COMBANKS_ALL,aggregate,all,2002-06-05,W,239.7825,fred,2026-09-07T17:18:12Z
bank_card_loans_sa,COMBANKS_ALL,aggregate,all,2002-06-12,W,240.7314,fred,2026-09-07T17:18:12Z
bank_card_loans_sa,COMBANKS_ALL,aggregate,all,2002-06-19,W,247.6286,fred,2026-09-07T17:18:12Z
bank_card_loans_sa,COMBANKS_ALL,aggregate,all,2002-06-26,W,245.4951,fred,2026-09-07T17:18:12Z
bank_card_loans_sa,COMBANKS_ALL,aggregate,all,2002-06-30,M,242.7888,fred,2026-09-07T17:18:12Z
bank_card_loans_sa,COMBANKS_ALL,aggregate,all,2002-07-03,W,236.9416,fred,2026-09-07T17:18:12Z
bank_card_loans_sa,COMBANKS_ALL,aggregate,all,2002-07-10,W,236.0234,fred,2026-09-07T17:18:12Z
bank_card_loans_sa,COMBANKS_ALL,aggregate,all,2002-07-17,W,239.8616,fred,2026-09-07T17:18:12Z
bank_card_loans_sa,COMBANKS_ALL,aggregate,all,2002-07-24,W,241.6479,fred,2026-09-07T17:18:12Z
bank_card_loans_sa,COMBANKS_ALL,aggregate,all,2002-07-31,M,239.6833,fred,2026-09-07T17:18:12Z
bank_card_loans_sa,COMBANKS_ALL,aggregate,all,2002-07-31,W,242.3753,fred,2026-09-07T17:18:12Z
bank_card_loans_sa,COMBANKS_ALL,aggregate,all,2002-08-07,W,243.6494,fred,2026-09-07T17:18:12Z
bank_card_loans_sa,COMBANKS_ALL,aggregate,all,2002-08-14,W,246.6849,fred,2026-09-07T17:18:12Z
bank_card_loans_sa,COMBANKS_ALL,aggregate,all,2002-08-21,W,251.2968,fred,2026-09-07T17:18:12Z
bank_card_loans_sa,COMBANKS_ALL,aggregate,all,2002-08-28,W,254.1118,fred,2026-09-07T17:18:12Z
bank_card_loans_sa,COMBANKS_ALL,aggregate,all,2002-08-31,M,249.4455,fred,2026-09-07T17:18:12Z
bank_card_loans_sa,COMBANKS_ALL,aggregate,all,2002-09-04,W,254.2033,fred,2026-09-07T17:18:12Z
bank_card_loans_sa,COMBANKS_ALL,aggregate,all,2002-09-11,W,253.3593,fred,2026-09-07T17:18:12Z
bank_card_loans_sa,COMBANKS_ALL,aggregate,all,2002-09-18,W,257.2249,fred,2026-09-07T17:18:12Z
bank_card_loans_sa,COMBANKS_ALL,aggregate,all,2002-09-25,W,256.0983,fred,2026-09-07T17:18:12Z
bank_card_loans_sa,COMBANKS_ALL,aggregate,all,2002-09-30,M,255.2246,fred,2026-09-07T17:18:12Z
bank_card_loans_sa,COMBANKS_ALL,aggregate,all,2002-10-02,W,254.6297,fred,2026-09-07T17:18:12Z
bank_card_loans_sa,COMBANKS_ALL,aggregate,all,2002-10-09,W,252.4734,fred,2026-09-07T17:18:12Z
bank_card_loans_sa,COMBANKS_ALL,aggregate,all,2002-10-16,W,257.9337,fred,2026-09-07T17:18:12Z
bank_card_loans_sa,COMBANKS_ALL,aggregate,all,2002-10-23,W,257.4545,fred,2026-09-07T17:18:12Z
bank_card_loans_sa,COMBANKS_ALL,aggregate,all,2002-10-30,W,256.2368,fred,2026-09-07T17:18:12Z
bank_card_loans_sa,COMBANKS_ALL,aggregate,all,2002-10-31,M,255.7798,fred,2026-09-07T17:18:12Z
bank_card_loans_sa,COMBANKS_ALL,aggregate,all,2002-11-06,W,251.2263,fred,2026-09-07T17:18:12Z
bank_card_loans_sa,COMBANKS_ALL,aggregate,all,2002-11-13,W,251.1516,fred,2026-09-07T17:18:12Z
bank_card_loans_sa,COMBANKS_ALL,aggregate,all,2002-11-20,W,252.7684,fred,2026-09-07T17:18:12Z
bank_card_loans_sa,COMBANKS_ALL,aggregate,all,2002-11-27,W,253.7173,fred,2026-09-07T17:18:12Z
bank_card_loans_sa,COMBANKS_ALL,aggregate,all,2002-11-30,M,252.2887,fred,2026-09-07T17:18:12Z
bank_card_loans_sa,COMBANKS_ALL,aggregate,all,2002-12-04,W,252.6138,fred,2026-09-07T17:18:12Z
bank_card_loans_sa,COMBANKS_ALL,aggregate,all,2002-12-11,W,254.5535,fred,2026-09-07T17:18:12Z
bank_card_loans_sa,COMBANKS_ALL,aggregate,all,2002-12-18,W,257.3246,fred,2026-09-07T17:18:12Z
bank_card_loans_sa,COMBANKS_ALL,aggregate,all,2002-12-25,W,256.1996,fred,2026-09-07T17:18:12Z
bank_card_loans_sa,COMBANKS_ALL,aggregate,all,2002-12-31,M,255.1805,fred,2026-09-07T17:18:12Z
bank_card_loans_sa,COMBANKS_ALL,aggregate,all,2003-01-01,W,253.9327,fred,2026-09-07T17:18:12Z
bank_card_loans_sa,COMBANKS_ALL,aggregate,all,2003-01-08,W,252.868,fred,2026-09-07T17:18:12Z
bank_card_loans_sa,COMBANKS_ALL,aggregate,all,2003-01-15,W,252.0445,fred,2026-09-07T17:18:12Z
bank_card_loans_sa,COMBANKS_ALL,aggregate,all,2003-01-22,W,252.8494,fred,2026-09-07T17:18:12Z
bank_card_loans_sa,COMBANKS_ALL,aggregate,all,2003-01-29,W,249.8747,fred,2026-09-07T17:18:12Z
bank_card_loans_sa,COMBANKS_ALL,aggregate,all,2003-01-31,M,251.5158,fred,2026-09-07T17:18:12Z
bank_card_loans_sa,COMBANKS_ALL,aggregate,all,2003-02-05,W,244.8012,fred,2026-09-07T17:18:12Z
bank_card_loans_sa,COMBANKS_ALL,aggregate,all,2003-02-12,W,245.0354,fred,2026-09-07T17:18:12Z
bank_card_loans_sa,COMBANKS_ALL,aggregate,all,2003-02-19,W,249.9653,fred,2026-09-07T17:18:12Z
bank_card_loans_sa,COMBANKS_ALL,aggregate,all,2003-02-26,W,250.0451,fred,2026-09-07T17:18:12Z
bank_card_loans_sa,COMBANKS_ALL,aggregate,all,2003-02-28,M,247.6096,fred,2026-09-07T17:18:12Z
bank_card_loans_sa,COMBANKS_ALL,aggregate,all,2003-03-05,W,246.8705,fred,2026-09-07T17:18:12Z
bank_card_loans_sa,COMBANKS_ALL,aggregate,all,2003-03-12,W,242.3444,fred,2026-09-07T17:18:12Z
bank_card_loans_sa,COMBANKS_ALL,aggregate,all,2003-03-19,W,247.1116,fred,2026-09-07T17:18:12Z
bank_card_loans_sa,COMBANKS_ALL,aggregate,all,2003-03-26,W,244.2472,fred,2026-09-07T17:18:12Z
bank_card_loans_sa,COMBANKS_ALL,aggregate,all,2003-03-31,M,244.418,fred,2026-09-07T17:18:12Z
bank_card_loans_sa,COMBANKS_ALL,aggregate,all,2003-04-02,W,241.3368,fred,2026-09-07T17:18:12Z
bank_card_loans_sa,COMBANKS_ALL,aggregate,all,2003-04-09,W,239.8628,fred,2026-09-07T17:18:12Z
bank_card_loans_sa,COMBANKS_ALL,aggregate,all,2003-04-16,W,239.699,fred,2026-09-07T17:18:12Z
bank_card_loans_sa,COMBANKS_ALL,aggregate,all,2003-04-23,W,239.9928,fred,2026-09-07T17:18:12Z
bank_card_loans_sa,COMBANKS_ALL,aggregate,all,2003-04-30,M,240.0154,fred,2026-09-07T17:18:12Z
bank_card_loans_sa,COMBANKS_ALL,aggregate,all,2003-04-30,W,240.1293,fred,2026-09-07T17:18:12Z
bank_card_loans_sa,COMBANKS_ALL,aggregate,all,2003-05-07,W,244.961,fred,2026-09-07T17:18:12Z
bank_card_loans_sa,COMBANKS_ALL,aggregate,all,2003-05-14,W,246.9298,fred,2026-09-07T17:18:12Z
bank_card_loans_sa,COMBANKS_ALL,aggregate,all,2003-05-21,W,247.9714,fred,2026-09-07T17:18:12Z
bank_card_loans_sa,COMBANKS_ALL,aggregate,all,2003-05-28,W,251.6345,fred,2026-09-07T17:18:12Z
bank_card_loans_sa,COMBANKS_ALL,aggregate,all,2003-05-31,M,247.4918,fred,2026-09-07T17:18:12Z
bank_card_loans_sa,COMBANKS_ALL,aggregate,all,2003-06-04,W,243.9231,fred,2026-09-07T17:18:12Z
bank_card_loans_sa,COMBANKS_ALL,aggregate,all,2003-06-11,W,244.0069,fred,2026-09-07T17:18:12Z
bank_card_loans_sa,COMBANKS_ALL,aggregate,all,2003-06-18,W,247.5101,fred,2026-09-07T17:18:12Z
bank_card_loans_sa,COMBANKS_ALL,aggregate,all,2003-06-25,W,243.9138,fred,2026-09-07T17:18:12Z
bank_card_loans_sa,COMBANKS_ALL,aggregate,all,2003-06-30,M,244.8622,fred,2026-09-07T17:18:12Z
bank_card_loans_sa,COMBANKS_ALL,aggregate,all,2003-07-02,W,244.4318,fred,2026-09-07T17:18:12Z
bank_card_loans_sa,COMBANKS_ALL,aggregate,all,2003-07-09,W,242.9815,fred,2026-09-07T17:18:12Z
bank_card_loans_sa,COMBANKS_ALL,aggregate,all,2003-07-16,W,245.452,fred,2026-09-07T17:18:12Z
bank_card_loans_sa,COMBANKS_ALL,aggregate,all,2003-07-23,W,246.4932,fred,2026-09-07T17:18:12Z
bank_card_loans_sa,COMBANKS_ALL,aggregate,all,2003-07-30,W,248.462,fred,2026-09-07T17:18:12Z
bank_card_loans_sa,COMBANKS_ALL,aggregate,all,2003-07-31,M,245.6816,fred,2026-09-07T17:18:12Z
bank_card_loans_sa,COMBANKS_ALL,aggregate,all,2003-08-06,W,243.5448,fred,2026-09-07T17:18:12Z
bank_card_loans_sa,COMBANKS_ALL,aggregate,all,2003-08-13,W,244.2403,fred,2026-09-07T17:18:12Z
bank_card_loans_sa,COMBANKS_ALL,aggregate,all,2003-08-20,W,247.2905,fred,2026-09-07T17:18:12Z
bank_card_loans_sa,COMBANKS_ALL,aggregate,all,2003-08-27,W,246.5429,fred,2026-09-07T17:18:12Z
bank_card_loans_sa,COMBANKS_ALL,aggregate,all,2003-08-31,M,245.3483,fred,2026-09-07T17:18:12Z
bank_card_loans_sa,COMBANKS_ALL,aggregate,all,2003-09-03,W,244.503,fred,2026-09-07T17:18:12Z
bank_card_loans_sa,COMBANKS_ALL,aggregate,all,2003-09-10,W,243.5136,fred,2026-09-07T17:18:12Z
bank_card_loans_sa,COMBANKS_ALL,aggregate,all,2003-09-17,W,245.9314,fred,2026-09-07T17:18:12Z
bank_card_loans_sa,COMBANKS_ALL,aggregate,all,2003-09-24,W,244.3796,fred,2026-09-07T17:18:12Z
bank_card_loans_sa,COMBANKS_ALL,aggregate,all,2003-09-30,M,243.7783,fred,2026-09-07T17:18:12Z
bank_card_loans_sa,COMBANKS_ALL,aggregate,all,2003-10-01,W,240.5114,fred,2026-09-07T17:18:12Z
bank_card_loans_sa,COMBANKS_ALL,aggregate,all,2003-10-08,W,238.4509,fred,2026-09-07T17:18:12Z
bank_card_loans_sa,COMBANKS_ALL,aggregate,all,2003-10-15,W,240.8893,fred,2026-09-07T17:18:12Z
bank_card_loans_sa,COMBANKS_ALL,aggregate,all,2003-10-22,W,239.5737,fred,2026-09-07T17:18:12Z
bank_card_loans_sa,COMBANKS_ALL,aggregate,all,2003-10-29,W,240.043,fred,2026-09-07T17:18:12Z
bank_card_loans_sa,COMBANKS_ALL,aggregate,all,2003-10-31,M,241.5182,fred,2026-09-07T17:18:12Z
bank_card_loans_sa,COMBANKS_ALL,aggregate,all,2003-11-05,W,266.9274,fred,2026-09-07T17:18:12Z
bank_card_loans_sa,COMBANKS_ALL,aggregate,all,2003-11-12,W,269.5972,fred,2026-09-07T17:18:12Z
bank_card_loans_sa,COMBANKS_ALL,aggregate,all,2003-11-19,W,274.9485,fred,2026-09-07T17:18:12Z
bank_card_loans_sa,COMBANKS_ALL,aggregate,all,2003-11-26,W,272.8656,fred,2026-09-07T17:18:12Z
bank_card_loans_sa,COMBANKS_ALL,aggregate,all,2003-11-30,M,271.3537,fred,2026-09-07T17:18:12Z
bank_card_loans_sa,COMBANKS_ALL,aggregate,all,2003-12-03,W,271.0232,fred,2026-09-07T17:18:12Z
bank_card_loans_sa,COMBANKS_ALL,aggregate,all,2003-12-10,W,272.0207,fred,2026-09-07T17:18:12Z
bank_card_loans_sa,COMBANKS_ALL,aggregate,all,2003-12-17,W,284.2233,fred,2026-09-07T17:18:12Z
bank_card_loans_sa,COMBANKS_ALL,aggregate,all,2003-12-24,W,287.276,fred,2026-09-07T17:18:12Z
bank_card_loans_sa,COMBANKS_ALL,aggregate,all,2003-12-31,M,281.1432,fred,2026-09-07T17:18:12Z
bank_card_loans_sa,COMBANKS_ALL,aggregate,all,2003-12-31,W,285.3901,fred,2026-09-07T17:18:12Z
bank_card_loans_sa,COMBANKS_ALL,aggregate,all,2004-01-07,W,284.6054,fred,2026-09-07T17:18:12Z
bank_card_loans_sa,COMBANKS_ALL,aggregate,all,2004-01-14,W,282.976,fred,2026-09-07T17:18:12Z
bank_card_loans_sa,COMBANKS_ALL,aggregate,all,2004-01-21,W,285.0112,fred,2026-09-07T17:18:12Z
bank_card_loans_sa,COMBANKS_ALL,aggregate,all,2004-01-28,W,283.5178,fred,2026-09-07T17:18:12Z
bank_card_loans_sa,COMBANKS_ALL,aggregate,all,2004-01-31,M,283.5916,fred,2026-09-07T17:18:12Z
bank_card_loans_sa,COMBANKS_ALL,aggregate,all,2004-02-04,W,279.522,fred,2026-09-07T17:18:12Z
bank_card_loans_sa,COMBANKS_ALL,aggregate,all,2004-02-11,W,278.7937,fred,2026-09-07T17:18:12Z
bank_card_loans_sa,COMBANKS_ALL,aggregate,all,2004-02-18,W,286.02,fred,2026-09-07T17:18:12Z
bank_card_loans_sa,COMBANKS_ALL,aggregate,all,2004-02-25,W,284.4219,fred,2026-09-07T17:18:12Z
bank_card_loans_sa,COMBANKS_ALL,aggregate,all,2004-02-29,M,281.9923,fred,2026-09-07T17:18:12Z
bank_card_loans_sa,COMBANKS_ALL,aggregate,all,2004-03-03,W,278.7593,fred,2026-09-07T17:18:12Z
bank_card_loans_sa,COMBANKS_ALL,aggregate,all,2004-03-10,W,277.9607,fred,2026-09-07T17:18:12Z
bank_card_loans_sa,COMBANKS_ALL,aggregate,all,2004-03-17,W,280.1669,fred,2026-09-07T17:18:12Z
bank_card_loans_sa,COMBANKS_ALL,aggregate,all,2004-03-24,W,283.1425,fred,2026-09-07T17:18:12Z
bank_card_loans_sa,COMBANKS_ALL,aggregate,all,2004-03-31,M,280.0267,fred,2026-09-07T17:18:12Z
bank_card_loans_sa,COMBANKS_ALL,aggregate,all,2004-03-31,W,279.3799,fred,2026-09-07T17:18:12Z
bank_card_loans_sa,COMBANKS_ALL,aggregate,all,2004-04-07,W,280.0586,fred,2026-09-07T17:18:12Z
bank_card_loans_sa,COMBANKS_ALL,aggregate,all,2004-04-14,W,281.3386,fred,2026-09-07T17:18:12Z
bank_card_loans_sa,COMBANKS_ALL,aggregate,all,2004-04-21,W,280.9381,fred,2026-09-07T17:18:12Z
bank_card_loans_sa,COMBANKS_ALL,aggregate,all,2004-04-28,W,282.5665,fred,2026-09-07T17:18:12Z
bank_card_loans_sa,COMBANKS_ALL,aggregate,all,2004-04-30,M,281.1971,fred,2026-09-07T17:18:12Z
bank_card_loans_sa,COMBANKS_ALL,aggregate,all,2004-05-05,W,280.8005,fred,2026-09-07T17:18:12Z
bank_card_loans_sa,COMBANKS_ALL,aggregate,all,2004-05-12,W,280.1404,fred,2026-09-07T17:18:12Z
bank_card_loans_sa,COMBANKS_ALL,aggregate,all,2004-05-19,W,287.2441,fred,2026-09-07T17:18:12Z
bank_card_loans_sa,COMBANKS_ALL,aggregate,all,2004-05-26,W,287.2227,fred,2026-09-07T17:18:12Z
bank_card_loans_sa,COMBANKS_ALL,aggregate,all,2004-05-31,M,284.525,fred,2026-09-07T17:18:12Z
bank_card_loans_sa,COMBANKS_ALL,aggregate,all,2004-06-02,W,286.8046,fred,2026-09-07T17:18:12Z
bank_card_loans_sa,COMBANKS_ALL,aggregate,all,2004-06-09,W,286.8797,fred,2026-09-07T17:18:12Z
bank_card_loans_sa,COMBANKS_ALL,aggregate,all,2004-06-16,W,287.7361,fred,2026-09-07T17:18:12Z
bank_card_loans_sa,COMBANKS_ALL,aggregate,all,2004-06-23,W,289.5613,fred,2026-09-07T17:18:12Z
bank_card_loans_sa,COMBANKS_ALL,aggregate,all,2004-06-30,M,287.3247,fred,2026-09-07T17:18:12Z
bank_card_loans_sa,COMBANKS_ALL,aggregate,all,2004-06-30,W,285.2703,fred,2026-09-07T17:18:12Z
bank_card_loans_sa,COMBANKS_ALL,aggregate,all,2004-07-07,W,286.2486,fred,2026-09-07T17:18:12Z
bank_card_loans_sa,COMBANKS_ALL,aggregate,all,2004-07-14,W,286.8282,fred,2026-09-07T17:18:12Z
bank_card_loans_sa,COMBANKS_ALL,aggregate,all,2004-07-21,W,289.4411,fred,2026-09-07T17:18:12Z
bank_card_loans_sa,COMBANKS_ALL,aggregate,all,2004-07-28,W,289.1517,fred,2026-09-07T17:18:12Z
bank_card_loans_sa,COMBANKS_ALL,aggregate,all,2004-07-31,M,287.8655,fred,2026-09-07T17:18:12Z
bank_card_loans_sa,COMBANKS_ALL,aggregate,all,2004-08-04,W,287.3813,fred,2026-09-07T17:18:12Z
bank_card_loans_sa,COMBANKS_ALL,aggregate,all,2004-08-11,W,286.6196,fred,2026-09-07T17:18:12Z
bank_card_loans_sa,COMBANKS_ALL,aggregate,all,2004-08-18,W,291.5334,fred,2026-09-07T17:18:12Z
bank_card_loans_sa,COMBANKS_ALL,aggregate,all,2004-08-25,W,294.0837,fred,2026-09-07T17:18:12Z
bank_card_loans_sa,COMBANKS_ALL,aggregate,all,2004-08-31,M,290.6077,fred,2026-09-07T17:18:12Z
bank_card_loans_sa,COMBANKS_ALL,aggregate,all,2004-09-01,W,292.2763,fred,2026-09-07T17:18:12Z
bank_card_loans_sa,COMBANKS_ALL,aggregate,all,2004-09-08,W,291.6873,fred,2026-09-07T17:18:12Z
bank_card_loans_sa,COMBANKS_ALL,aggregate,all,2004-09-15,W,295.4746,fred,2026-09-07T17:18:12Z
bank_card_loans_sa,COMBANKS_ALL,aggregate,all,2004-09-22,W,296.5672,fred,2026-09-07T17:18:12Z
bank_card_loans_sa,COMBANKS_ALL,aggregate,all,2004-09-29,W,293.1245,fred,2026-09-07T17:18:12Z
bank_card_loans_sa,COMBANKS_ALL,aggregate,all,2004-09-30,M,294.0459,fred,2026-09-07T17:18:12Z
bank_card_loans_sa,COMBANKS_ALL,aggregate,all,2004-10-06,W,291.1253,fred,2026-09-07T17:18:12Z
bank_card_loans_sa,COMBANKS_ALL,aggregate,all,2004-10-13,W,288.391,fred,2026-09-07T17:18:12Z
bank_card_loans_sa,COMBANKS_ALL,aggregate,all,2004-10-20,W,292.5611,fred,2026-09-07T17:18:12Z
bank_card_loans_sa,COMBANKS_ALL,aggregate,all,2004-10-27,W,291.6728,fred,2026-09-07T17:18:12Z
bank_card_loans_sa,COMBANKS_ALL,aggregate,all,2004-10-31,M,290.8781,fred,2026-09-07T17:18:12Z
bank_card_loans_sa,COMBANKS_ALL,aggregate,all,2004-11-03,W,290.5237,fred,2026-09-07T17:18:12Z
bank_card_loans_sa,COMBANKS_ALL,aggregate,all,2004-11-10,W,286.2797,fred,2026-09-07T17:18:12Z
bank_card_loans_sa,COMBANKS_ALL,aggregate,all,2004-11-17,W,287.5427,fred,2026-09-07T17:18:12Z
bank_card_loans_sa,COMBANKS_ALL,aggregate,all,2004-11-24,W,287.5351,fred,2026-09-07T17:18:12Z
bank_card_loans_sa,COMBANKS_ALL,aggregate,all,2004-11-30,M,287.4435,fred,2026-09-07T17:18:12Z
bank_card_loans_sa,COMBANKS_ALL,aggregate,all,2004-12-01,W,287.0387,fred,2026-09-07T17:18:12Z
bank_card_loans_sa,COMBANKS_ALL,aggregate,all,2004-12-08,W,287.9694,fred,2026-09-07T17:18:12Z
bank_card_loans_sa,COMBANKS_ALL,aggregate,all,2004-12-15,W,291.3717,fred,2026-09-07T17:18:12Z
bank_card_loans_sa,COMBANKS_ALL,aggregate,all,2004-12-22,W,297.1429,fred,2026-09-07T17:18:12Z
bank_card_loans_sa,COMBANKS_ALL,aggregate,all,2004-12-29,W,308.7559,fred,2026-09-07T17:18:12Z
bank_card_loans_sa,COMBANKS_ALL,aggregate,all,2004-12-31,M,296.8652,fred,2026-09-07T17:18:12Z
bank_card_loans_sa,COMBANKS_ALL,aggregate,all,2005-01-05,W,309.5509,fred,2026-09-07T17:18:12Z
bank_card_loans_sa,COMBANKS_ALL,aggregate,all,2005-01-12,W,305.8356,fred,2026-09-07T17:18:12Z
bank_card_loans_sa,COMBANKS_ALL,aggregate,all,2005-01-19,W,304.0631,fred,2026-09-07T17:18:12Z
bank_card_loans_sa,COMBANKS_ALL,aggregate,all,2005-01-26,W,302.6608,fred,2026-09-07T17:18:12Z
bank_card_loans_sa,COMBANKS_ALL,aggregate,all,2005-01-31,M,304.0137,fred,2026-09-07T17:18:12Z
bank_card_loans_sa,COMBANKS_ALL,aggregate,all,2005-02-02,W,297.7509,fred,2026-09-07T17:18:12Z
bank_card_loans_sa,COMBANKS_ALL,aggregate,all,2005-02-09,W,294.1798,fred,2026-09-07T17:18:12Z
bank_card_loans_sa,COMBANKS_ALL,aggregate,all,2005-02-16,W,301.3739,fred,2026-09-07T17:18:12Z
bank_card_loans_sa,COMBANKS_ALL,aggregate,all,2005-02-23,W,301.5141,fred,2026-09-07T17:18:12Z
bank_card_loans_sa,COMBANKS_ALL,aggregate,all,2005-02-28,M,299.3507,fred,2026-09-07T17:18:12Z
bank_card_loans_sa,COMBANKS_ALL,aggregate,all,2005-03-02,W,301.3688,fred,2026-09-07T17:18:12Z
bank_card_loans_sa,COMBANKS_ALL,aggregate,all,2005-03-09,W,298.699,fred,2026-09-07T17:18:12Z
bank_card_loans_sa,COMBANKS_ALL,aggregate,all,2005-03-16,W,300.5097,fred,2026-09-07T17:18:12Z
bank_card_loans_sa,COMBANKS_ALL,aggregate,all,2005-03-23,W,300.1672,fred,2026-09-07T17:18:12Z
bank_card_loans_sa,COMBANKS_ALL,aggregate,all,2005-03-30,W,300.5541,fred,2026-09-07T17:18:12Z
bank_card_loans_sa,COMBANKS_ALL,aggregate,all,2005-03-31,M,300.0743,fred,2026-09-07T17:18:12Z
bank_card_loans_sa,COMBANKS_ALL,aggregate,all,2005-04-06,W,300.0558,fred,2026-09-07T17:18:12Z
bank_card_loans_sa,COMBANKS_ALL,aggregate,all,2005-04-13,W,298.5548,fred,2026-09-07T17:18:12Z
bank_card_loans_sa,COMBANKS_ALL,aggregate,all,2005-04-20,W,303.1366,fred,2026-09-07T17:18:12Z
bank_card_loans_sa,COMBANKS_ALL,aggregate,all,2005-04-27,W,304.0098,fred,2026-09-07T17:18:12Z
bank_card_loans_sa,COMBANKS_ALL,aggregate,all,2005-04-30,M,301.2908,fred,2026-09-07T17:18:12Z
bank_card_loans_sa,COMBANKS_ALL,aggregate,all,2005-05-04,W,299.4938,fred,2026-09-07T17:18:12Z
bank_card_loans_sa,COMBANKS_ALL,aggregate,all,2005-05-11,W,297.0846,fred,2026-09-07T17:18:12Z
bank_card_loans_sa,COMBANKS_ALL,aggregate,all,2005-05-18,W,300.8213,fred,2026-09-07T17:18:12Z
bank_card_loans_sa,COMBANKS_ALL,aggregate,all,2005-05-25,W,299.6678,fred,2026-09-07T17:18:12Z
bank_card_loans_sa,COMBANKS_ALL,aggregate,all,2005-05-31,M,299.1116,fred,2026-09-07T17:18:12Z
bank_card_loans_sa,COMBANKS_ALL,aggregate,all,2005-06-01,W,298.5782,fred,2026-09-07T17:18:12Z
bank_card_loans_sa,COMBANKS_ALL,aggregate,all,2005-06-08,W,299.122,fred,2026-09-07T17:18:12Z
bank_card_loans_sa,COMBANKS_ALL,aggregate,all,2005-06-15,W,302.2279,fred,2026-09-07T17:18:12Z
bank_card_loans_sa,COMBANKS_ALL,aggregate,all,2005-06-22,W,304.4576,fred,2026-09-07T17:18:12Z
bank_card_loans_sa,COMBANKS_ALL,aggregate,all,2005-06-29,W,301.8653,fred,2026-09-07T17:18:12Z
bank_card_loans_sa,COMBANKS_ALL,aggregate,all,2005-06-30,M,301.7679,fred,2026-09-07T17:18:12Z
bank_card_loans_sa,COMBANKS_ALL,aggregate,all,2005-07-06,W,300.7505,fred,2026-09-07T17:18:12Z
bank_card_loans_sa,COMBANKS_ALL,aggregate,all,2005-07-13,W,300.5938,fred,2026-09-07T17:18:12Z
bank_card_loans_sa,COMBANKS_ALL,aggregate,all,2005-07-20,W,304.3989,fred,2026-09-07T17:18:12Z
bank_card_loans_sa,COMBANKS_ALL,aggregate,all,2005-07-27,W,304.8302,fred,2026-09-07T17:18:12Z
bank_card_loans_sa,COMBANKS_ALL,aggregate,all,2005-07-31,M,302.616,fred,2026-09-07T17:18:12Z
bank_card_loans_sa,COMBANKS_ALL,aggregate,all,2005-08-03,W,301.958,fred,2026-09-07T17:18:12Z
bank_card_loans_sa,COMBANKS_ALL,aggregate,all,2005-08-10,W,301.5616,fred,2026-09-07T17:18:12Z
bank_card_loans_sa,COMBANKS_ALL,aggregate,all,2005-08-17,W,303.0045,fred,2026-09-07T17:18:12Z
bank_card_loans_sa,COMBANKS_ALL,aggregate,all,2005-08-24,W,303.2602,fred,2026-09-07T17:18:12Z
bank_card_loans_sa,COMBANKS_ALL,aggregate,all,2005-08-31,M,302.178,fred,2026-09-07T17:18:12Z
bank_card_loans_sa,COMBANKS_ALL,aggregate,all,2005-08-31,W,300.9799,fred,2026-09-07T17:18:12Z
bank_card_loans_sa,COMBANKS_ALL,aggregate,all,2005-09-07,W,300.8997,fred,2026-09-07T17:18:12Z
bank_card_loans_sa,COMBANKS_ALL,aggregate,all,2005-09-14,W,305.3204,fred,2026-09-07T17:18:12Z
bank_card_loans_sa,COMBANKS_ALL,aggregate,all,2005-09-21,W,306.2079,fred,2026-09-07T17:18:12Z
bank_card_loans_sa,COMBANKS_ALL,aggregate,all,2005-09-28,W,305.9266,fred,2026-09-07T17:18:12Z
bank_card_loans_sa,COMBANKS_ALL,aggregate,all,2005-09-30,M,303.8986,fred,2026-09-07T17:18:12Z
bank_card_loans_sa,COMBANKS_ALL,aggregate,all,2005-10-05,W,294.2375,fred,2026-09-07T17:18:12Z
bank_card_loans_sa,COMBANKS_ALL,aggregate,all,2005-10-12,W,292.9421,fred,2026-09-07T17:18:12Z
bank_card_loans_sa,COMBANKS_ALL,aggregate,all,2005-10-19,W,295.1137,fred,2026-09-07T17:18:12Z
bank_card_loans_sa,COMBANKS_ALL,aggregate,all,2005-10-26,W,297.6125,fred,2026-09-07T17:18:12Z
bank_card_loans_sa,COMBANKS_ALL,aggregate,all,2005-10-31,M,295.6815,fred,2026-09-07T17:18:12Z
bank_card_loans_sa,COMBANKS_ALL,aggregate,all,2005-11-02,W,299.0522,fred,2026-09-07T17:18:12Z
bank_card_loans_sa,COMBANKS_ALL,aggregate,all,2005-11-09,W,296.9721,fred,2026-09-07T17:18:12Z
bank_card_loans_sa,COMBANKS_ALL,aggregate,all,2005-11-16,W,301.7597,fred,2026-09-07T17:18:12Z
bank_card_loans_sa,COMBANKS_ALL,aggregate,all,2005-11-23,W,301.7727,fred,2026-09-07T17:18:12Z
bank_card_loans_sa,COMBANKS_ALL,aggregate,all,2005-11-30,M,299.89,fred,2026-09-07T17:18:12Z
bank_card_loans_sa,COMBANKS_ALL,aggregate,all,2005-11-30,W,299.2948,fred,2026-09-07T17:18:12Z
bank_card_loans_sa,COMBANKS_ALL,aggregate,all,2005-12-07,W,298.3499,fred,2026-09-07T17:18:12Z
bank_card_loans_sa,COMBANKS_ALL,aggregate,all,2005-12-14,W,304.6868,fred,2026-09-07T17:18:12Z
bank_card_loans_sa,COMBANKS_ALL,aggregate,all,2005-12-21,W,303.9253,fred,2026-09-07T17:18:12Z
bank_card_loans_sa,COMBANKS_ALL,aggregate,all,2005-12-28,W,305.4827,fred,2026-09-07T17:18:12Z
bank_card_loans_sa,COMBANKS_ALL,aggregate,all,2005-12-31,M,303.1823,fred,2026-09-07T17:18:12Z
bank_card_loans_sa,COMBANKS_ALL,aggregate,all,2006-01-04,W,303.8461,fred,2026-09-07T17:18:12Z
bank_card_loans_sa,COMBANKS_ALL,aggregate,all,2006-01-11,W,301.0187,fred,2026-09-07T17:18:12Z
bank_card_loans_sa,COMBANKS_ALL,aggregate,all,2006-01-18,W,304.6919,fred,2026-09-07T17:18:12Z
bank_card_loans_sa,COMBANKS_ALL,aggregate,all,2006-01-25,W,303.8432,fred,2026-09-07T17:18:12Z
bank_card_loans_sa,COMBANKS_ALL,aggregate,all,2006-01-31,M,302.1558,fred,2026-09-07T17:18:12Z
bank_card_loans_sa,COMBANKS_ALL,aggregate,all,2006-02-01,W,297.4281,fred,2026-09-07T17:18:12Z
bank_card_loans_sa,COMBANKS_ALL,aggregate,all,2006-02-08,W,296.2468,fred,2026-09-07T17:18:12Z
bank_card_loans_sa,COMBANKS_ALL,aggregate,all,2006-02-15,W,297.9476,fred,2026-09-07T17:18:12Z
bank_card_loans_sa,COMBANKS_ALL,aggregate,all,2006-02-22,W,296.7492,fred,2026-09-07T17:18:12Z
bank_card_loans_sa,COMBANKS_ALL,aggregate,all,2006-02-28,M,296.2056,fred,2026-09-07T17:18:12Z
bank_card_loans_sa,COMBANKS_ALL,aggregate,all,2006-03-01,W,293.2871,fred,2026-09-07T17:18:12Z
bank_card_loans_sa,COMBANKS_ALL,aggregate,all,2006-03-08,W,291.4174,fred,2026-09-07T17:18:12Z
bank_card_loans_sa,COMBANKS_ALL,aggregate,all,2006-03-15,W,291.0803,fred,2026-09-07T17:18:12Z
bank_card_loans_sa,COMBANKS_ALL,aggregate,all,2006-03-22,W,293.8463,fred,2026-09-07T17:18:12Z
bank_card_loans_sa,COMBANKS_ALL,aggregate,all,2006-03-29,W,293.0589,fred,2026-09-07T17:18:12Z
bank_card_loans_sa,COMBANKS_ALL,aggregate,all,2006-03-31,M,292.2351,fred,2026-09-07T17:18:12Z
bank_card_loans_sa,COMBANKS_ALL,aggregate,all,2006-04-05,W,290.0907,fred,2026-09-07T17:18:12Z
bank_card_loans_sa,COMBANKS_ALL,aggregate,all,2006-04-12,W,293.5177,fred,2026-09-07T17:18:12Z
bank_card_loans_sa,COMBANKS_ALL,aggregate,all,2006-04-19,W,295.7402,fred,2026-09-07T17:18:12Z
bank_card_loans_sa,COMBANKS_ALL,aggregate,all,2006-04-26,W,298.2344,fred,2026-09-07T17:18:12Z
bank_card_loans_sa,COMBANKS_ALL,aggregate,all,2006-04-30,M,295.0306,fred,2026-09-07T17:18:12Z
bank_card_loans_sa,COMBANKS_ALL,aggregate,all,2006-05-03,W,297.0045,fred,2026-09-07T17:18:12Z
bank_card_loans_sa,COMBANKS_ALL,aggregate,all,2006-05-10,W,298.0929,fred,2026-09-07T17:18:12Z
bank_card_loans_sa,COMBANKS_ALL,aggregate,all,2006-05-17,W,303.9742,fred,2026-09-07T17:18:12Z
bank_card_loans_sa,COMBANKS_ALL,aggregate,all,2006-05-24,W,304.8024,fred,2026-09-07T17:18:12Z
bank_card_loans_sa,COMBANKS_ALL,aggregate,all,2006-05-31,M,301.7928,fred,2026-09-07T17:18:12Z
bank_card_loans_sa,COMBANKS_ALL,aggregate,all,2006-05-31,W,302.3539,fred,2026-09-07T17:18:12Z
bank_card_loans_sa,COMBANKS_ALL,aggregate,all,2006-06-07,W,298.9418,fred,2026-09-07T17:18:12Z
bank_card_loans_sa,COMBANKS_ALL,aggregate,all,2006-06-14,W,302.1273,fred,2026-09-07T17:18:12Z
bank_card_loans_sa,COMBANKS_ALL,aggregate,all,2006-06-21,W,296.7219,fred,2026-09-07T17:18:12Z
bank_card_loans_sa,COMBANKS_ALL,aggregate,all,2006-06-28,W,296.9265,fred,2026-09-07T17:18:12Z
bank_card_loans_sa,COMBANKS_ALL,aggregate,all,2006-06-30,M,298.6332,fred,2026-09-07T17:18:12Z
bank_card_loans_sa,COMBANKS_ALL,aggregate,all,2006-07-05,W,297.987,fred,2026-09-07T17:18:12Z
bank_card_loans_sa,COMBANKS_ALL,aggregate,all,2006-07-12,W,296.2818,fred,2026-09-07T17:18:12Z
bank_card_loans_sa,COMBANKS_ALL,aggregate,all,2006-07-19,W,303.2767,fred,2026-09-07T17:18:12Z
bank_card_loans_sa,COMBANKS_ALL,aggregate,all,2006-07-26,W,302.6739,fred,2026-09-07T17:18:12Z
bank_card_loans_sa,COMBANKS_ALL,aggregate,all,2006-07-31,M,300.2108,fred,2026-09-07T17:18:12Z
bank_card_loans_sa,COMBANKS_ALL,aggregate,all,2006-08-02,W,300.1949,fred,2026-09-07T17:18:12Z
bank_card_loans_sa,COMBANKS_ALL,aggregate,all,2006-08-09,W,300.9698,fred,2026-09-07T17:18:12Z
bank_card_loans_sa,COMBANKS_ALL,aggregate,all,2006-08-16,W,304.4119,fred,2026-09-07T17:18:12Z
bank_card_loans_sa,COMBANKS_ALL,aggregate,all,2006-08-23,W,306.8897,fred,2026-09-07T17:18:12Z
bank_card_loans_sa,COMBANKS_ALL,aggregate,all,2006-08-30,W,304.5748,fred,2026-09-07T17:18:12Z
bank_card_loans_sa,COMBANKS_ALL,aggregate,all,2006-08-31,M,303.9666,fred,2026-09-07T17:18:12Z
bank_card_loans_sa,COMBANKS_ALL,aggregate,all,2006-09-06,W,304.6514,fred,2026-09-07T17:18:12Z
bank_card_loans_sa,COMBANKS_ALL,aggregate,all,2006-09-13,W,303.4515,fred,2026-09-07T17:18:12Z
bank_card_loans_sa,COMBANKS_ALL,aggregate,all,2006-09-20,W,304.695,fred,2026-09-07T17:18:12Z
bank_card_loans_sa,COMBANKS_ALL,aggregate,all,2006-09-27,W,303.574,fred,2026-09-07T17:18:12Z
bank_card_loans_sa,COMBANKS_ALL,aggregate,all,2006-09-30,M,303.6932,fred,2026-09-07T17:18:12Z
bank_card_loans_sa,COMBANKS_ALL,aggregate,all,2006-10-04,W,300.2815,fred,2026-09-07T17:18:12Z
bank_card_loans_sa,COMBANKS_ALL,aggregate,all,2006-10-11,W,300.1082,fred,2026-09-07T17:18:12Z
bank_card_loans_sa,COMBANKS_ALL,aggregate,all,2006-10-18,W,300.1243,fred,2026-09-07T17:18:12Z
bank_card_loans_sa,COMBANKS_ALL,aggregate,all,2006-10-25,W,299.5735,fred,2026-09-07T17:18:12Z
bank_card_loans_sa,COMBANKS_ALL,aggregate,all,2006-10-31,M,299.9752,fred,2026-09-07T17:18:12Z
bank_card_loans_sa,COMBANKS_ALL,aggregate,all,2006-11-01,W,299.9108,fred,2026-09-07T17:18:12Z
bank_card_loans_sa,COMBANKS_ALL,aggregate,all,2006-11-08,W,300.0461,fred,2026-09-07T17:18:12Z
bank_card_loans_sa,COMBANKS_ALL,aggregate,all,2006-11-15,W,302.5872,fred,2026-09-07T17:18:12Z
bank_card_loans_sa,COMBANKS_ALL,aggregate,all,2006-11-22,W,304.0522,fred,2026-09-07T17:18:12Z
bank_card_loans_sa,COMBANKS_ALL,aggregate,all,2006-11-29,W,305.5485,fred,2026-09-07T17:18:12Z
bank_card_loans_sa,COMBANKS_ALL,aggregate,all,2006-11-30,M,303.1187,fred,2026-09-07T17:18:12Z
bank_card_loans_sa,COMBANKS_ALL,aggregate,all,2006-12-06,W,308.012,fred,2026-09-07T17:18:12Z
bank_card_loans_sa,COMBANKS_ALL,aggregate,all,2006-12-13,W,311.8604,fred,2026-09-07T17:18:12Z
bank_card_loans_sa,COMBANKS_ALL,aggregate,all,2006-12-20,W,313.0012,fred,2026-09-07T17:18:12Z
bank_card_loans_sa,COMBANKS_ALL,aggregate,all,2006-12-27,W,315.4907,fred,2026-09-07T17:18:12Z
bank_card_loans_sa,COMBANKS_ALL,aggregate,all,2006-12-31,M,312.6594,fred,2026-09-07T17:18:12Z
bank_card_loans_sa,COMBANKS_ALL,aggregate,all,2007-01-03,W,315.4762,fred,2026-09-07T17:18:12Z
bank_card_loans_sa,COMBANKS_ALL,aggregate,all,2007-01-10,W,314.8584,fred,2026-09-07T17:18:12Z
bank_card_loans_sa,COMBANKS_ALL,aggregate,all,2007-01-17,W,316.6775,fred,2026-09-07T17:18:12Z
bank_card_loans_sa,COMBANKS_ALL,aggregate,all,2007-01-24,W,317.5511,fred,2026-09-07T17:18:12Z
bank_card_loans_sa,COMBANKS_ALL,aggregate,all,2007-01-31,M,315.1936,fred,2026-09-07T17:18:12Z
bank_card_loans_sa,COMBANKS_ALL,aggregate,all,2007-01-31,W,311.5664,fred,2026-09-07T17:18:12Z
bank_card_loans_sa,COMBANKS_ALL,aggregate,all,2007-02-07,W,311.094,fred,2026-09-07T17:18:12Z
bank_card_loans_sa,COMBANKS_ALL,aggregate,all,2007-02-14,W,314.8553,fred,2026-09-07T17:18:12Z
bank_card_loans_sa,COMBANKS_ALL,aggregate,all,2007-02-21,W,311.8285,fred,2026-09-07T17:18:12Z
bank_card_loans_sa,COMBANKS_ALL,aggregate,all,2007-02-28,M,310.1537,fred,2026-09-07T17:18:12Z
bank_card_loans_sa,COMBANKS_ALL,aggregate,all,2007-02-28,W,302.8369,fred,2026-09-07T17:18:12Z
bank_card_loans_sa,COMBANKS_ALL,aggregate,all,2007-03-07,W,303.1984,fred,2026-09-07T17:18:12Z
bank_card_loans_sa,COMBANKS_ALL,aggregate,all,2007-03-14,W,301.9814,fred,2026-09-07T17:18:12Z
bank_card_loans_sa,COMBANKS_ALL,aggregate,all,2007-03-21,W,304.0685,fred,2026-09-07T17:18:12Z
bank_card_loans_sa,COMBANKS_ALL,aggregate,all,2007-03-28,W,302.3754,fred,2026-09-07T17:18:12Z
bank_card_loans_sa,COMBANKS_ALL,aggregate,all,2007-03-31,M,303.0653,fred,2026-09-07T17:18:12Z
bank_card_loans_sa,COMBANKS_ALL,aggregate,all,2007-04-04,W,304.5527,fred,2026-09-07T17:18:12Z
bank_card_loans_sa,COMBANKS_ALL,aggregate,all,2007-04-11,W,305.8861,fred,2026-09-07T17:18:12Z
bank_card_loans_sa,COMBANKS_ALL,aggregate,all,2007-04-18,W,308.7946,fred,2026-09-07T17:18:12Z
bank_card_loans_sa,COMBANKS_ALL,aggregate,all,2007-04-25,W,310.1101,fred,2026-09-07T17:18:12Z
bank_card_loans_sa,COMBANKS_ALL,aggregate,all,2007-04-30,M,307.8825,fred,2026-09-07T17:18:12Z
bank_card_loans_sa,COMBANKS_ALL,aggregate,all,2007-05-02,W,308.9456,fred,2026-09-07T17:18:12Z
bank_card_loans_sa,COMBANKS_ALL,aggregate,all,2007-05-09,W,308.7274,fred,2026-09-07T17:18:12Z
bank_card_loans_sa,COMBANKS_ALL,aggregate,all,2007-05-16,W,311.068,fred,2026-09-07T17:18:12Z
bank_card_loans_sa,COMBANKS_ALL,aggregate,all,2007-05-23,W,311.1576,fred,2026-09-07T17:18:12Z
bank_card_loans_sa,COMBANKS_ALL,aggregate,all,2007-05-30,W,313.7789,fred,2026-09-07T17:18:12Z
bank_card_loans_sa,COMBANKS_ALL,aggregate,all,2007-05-31,M,311.0901,fred,2026-09-07T17:18:12Z
bank_card_loans_sa,COMBANKS_ALL,aggregate,all,2007-06-06,W,312.7781,fred,2026-09-07T17:18:12Z
bank_card_loans_sa,COMBANKS_ALL,aggregate,all,2007-06-13,W,314.6526,fred,2026-09-07T17:18:12Z
bank_card_loans_sa,COMBANKS_ALL,aggregate,all,2007-06-20,W,318.2983,fred,2026-09-07T17:18:12Z
bank_card_loans_sa,COMBANKS_ALL,aggregate,all,2007-06-27,W,316.7456,fred,2026-09-07T17:18:12Z
bank_card_loans_sa,COMBANKS_ALL,aggregate,all,2007-06-30,M,315.8271,fred,2026-09-07T17:18:12Z
bank_card_loans_sa,COMBANKS_ALL,aggregate,all,2007-07-04,W,316.7567,fred,2026-09-07T17:18:12Z
bank_card_loans_sa,COMBANKS_ALL,aggregate,all,2007-07-11,W,317.183,fred,2026-09-07T17:18:12Z
bank_card_loans_sa,COMBANKS_ALL,aggregate,all,2007-07-18,W,318.5939,fred,2026-09-07T17:18:12Z
bank_card_loans_sa,COMBANKS_ALL,aggregate,all,2007-07-25,W,317.921,fred,2026-09-07T17:18:12Z
bank_card_loans_sa,COMBANKS_ALL,aggregate,all,2007-07-31,M,316.9479,fred,2026-09-07T17:18:12Z
bank_card_loans_sa,COMBANKS_ALL,aggregate,all,2007-08-01,W,313.7453,fred,2026-09-07T17:18:12Z
bank_card_loans_sa,COMBANKS_ALL,aggregate,all,2007-08-08,W,315.1799,fred,2026-09-07T17:18:12Z
bank_card_loans_sa,COMBANKS_ALL,aggregate,all,2007-08-15,W,317.5969,fred,2026-09-07T17:18:12Z
bank_card_loans_sa,COMBANKS_ALL,aggregate,all,2007-08-22,W,318.1033,fred,2026-09-07T17:18:12Z
bank_card_loans_sa,COMBANKS_ALL,aggregate,all,2007-08-29,W,320.4784,fred,2026-09-07T17:18:12Z
bank_card_loans_sa,COMBANKS_ALL,aggregate,all,2007-08-31,M,317.8652,fred,2026-09-07T17:18:12Z
bank_card_loans_sa,COMBANKS_ALL,aggregate,all,2007-09-05,W,320.2826,fred,2026-09-07T17:18:12Z
bank_card_loans_sa,COMBANKS_ALL,aggregate,all,2007-09-12,W,318.5511,fred,2026-09-07T17:18:12Z
bank_card_loans_sa,COMBANKS_ALL,aggregate,all,2007-09-19,W,325.4783,fred,2026-09-07T17:18:12Z
bank_card_loans_sa,COMBANKS_ALL,aggregate,all,2007-09-26,W,324.5959,fred,2026-09-07T17:18:12Z
bank_card_loans_sa,COMBANKS_ALL,aggregate,all,2007-09-30,M,321.9557,fred,2026-09-07T17:18:12Z
bank_card_loans_sa,COMBANKS_ALL,aggregate,all,2007-10-03,W,319.2201,fred,2026-09-07T17:18:12Z
bank_card_loans_sa,COMBANKS_ALL,aggregate,all,2007-10-10,W,320.3044,fred,2026-09-07T17:18:12Z
bank_card_loans_sa,COMBANKS_ALL,aggregate,all,2007-10-17,W,320.1317,fred,2026-09-07T17:18:12Z
bank_card_loans_sa,COMBANKS_ALL,aggregate,all,2007-10-24,W,321.554,fred,2026-09-07T17:18:12Z
bank_card_loans_sa,COMBANKS_ALL,aggregate,all,2007-10-31,M,320.2525,fred,2026-09-07T17:18:12Z
bank_card_loans_sa,COMBANKS_ALL,aggregate,all,2007-10-31,W,319.4626,fred,2026-09-07T17:18:12Z
bank_card_loans_sa,COMBANKS_ALL,aggregate,all,2007-11-07,W,322.8837,fred,2026-09-07T17:18:12Z
bank_card_loans_sa,COMBANKS_ALL,aggregate,all,2007-11-14,W,328.5712,fred,2026-09-07T17:18:12Z
bank_card_loans_sa,COMBANKS_ALL,aggregate,all,2007-11-21,W,331.3573,fred,2026-09-07T17:18:12Z
bank_card_loans_sa,COMBANKS_ALL,aggregate,all,2007-11-28,W,333.962,fred,2026-09-07T17:18:12Z
bank_card_loans_sa,COMBANKS_ALL,aggregate,all,2007-11-30,M,329.4734,fred,2026-09-07T17:18:12Z
bank_card_loans_sa,COMBANKS_ALL,aggregate,all,2007-12-05,W,333.3908,fred,2026-09-07T17:18:12Z
bank_card_loans_sa,COMBANKS_ALL,aggregate,all,2007-12-12,W,337.6055,fred,2026-09-07T17:18:12Z
bank_card_loans_sa,COMBANKS_ALL,aggregate,all,2007-12-19,W,345.3903,fred,2026-09-07T17:18:12Z
bank_card_loans_sa,COMBANKS_ALL,aggregate,all,2007-12-26,W,344.3679,fred,2026-09-07T17:18:12Z
bank_card_loans_sa,COMBANKS_ALL,aggregate,all,2007-12-31,M,340.8964,fred,2026-09-07T17:18:12Z
bank_card_loans_sa,COMBANKS_ALL,aggregate,all,2008-01-02,W,341.8578,fred,2026-09-07T17:18:12Z
bank_card_loans_sa,COMBANKS_ALL,aggregate,all,2008-01-09,W,339.0081,fred,2026-09-07T17:18:12Z
bank_card_loans_sa,COMBANKS_ALL,aggregate,all,2008-01-16,W,339.3496,fred,2026-09-07T17:18:12Z
bank_card_loans_sa,COMBANKS_ALL,aggregate,all,2008-01-23,W,339.9982,fred,2026-09-07T17:18:12Z
bank_card_loans_sa,COMBANKS_ALL,aggregate,all,2008-01-30,W,334.062,fred,2026-09-07T17:18:12Z
bank_card_loans_sa,COMBANKS_ALL,aggregate,all,2008-01-31,M,338.1504,fred,2026-09-07T17:18:12Z
bank_card_loans_sa,COMBANKS_ALL,aggregate,all,2008-02-06,W,332.0214,fred,2026-09-07T17:18:12Z
bank_card_loans_sa,COMBANKS_ALL,aggregate,all,2008-02-13,W,329.9187,fred,2026-09-07T17:18:12Z
bank_card_loans_sa,COMBANKS_ALL,aggregate,all,2008-02-20,W,332.8803,fred,2026-09-07T17:18:12Z
bank_card_loans_sa,COMBANKS_ALL,aggregate,all,2008-02-27,W,331.2306,fred,2026-09-07T17:18:12Z
bank_card_loans_sa,COMBANKS_ALL,aggregate,all,2008-02-29,M,331.4274,fred,2026-09-07T17:18:12Z
bank_card_loans_sa,COMBANKS_ALL,aggregate,all,2008-03-05,W,330.5301,fred,2026-09-07T17:18:12Z
bank_card_loans_sa,COMBANKS_ALL,aggregate,all,2008-03-12,W,331.4293,fred,2026-09-07T17:18:12Z
bank_card_loans_sa,COMBANKS_ALL,aggregate,all,2008-03-19,W,329.2207,fred,2026-09-07T17:18:12Z
bank_card_loans_sa,COMBANKS_ALL,aggregate,all,2008-03-26,W,327.318,fred,2026-09-07T17:18:12Z
bank_card_loans_sa,COMBANKS_ALL,aggregate,all,2008-03-31,M,328.49,fred,2026-09-07T17:18:12Z
bank_card_loans_sa,COMBANKS_ALL,aggregate,all,2008-04-02,W,322.9525,fred,2026-09-07T17:18:12Z
bank_card_loans_sa,COMBANKS_ALL,aggregate,all,2008-04-09,W,324.5138,fred,2026-09-07T17:18:12Z
bank_card_loans_sa,COMBANKS_ALL,aggregate,all,2008-04-16,W,332.8996,fred,2026-09-07T17:18:12Z
bank_card_loans_sa,COMBANKS_ALL,aggregate,all,2008-04-23,W,331.0033,fred,2026-09-07T17:18:12Z
bank_card_loans_sa,COMBANKS_ALL,aggregate,all,2008-04-30,M,329.3511,fred,2026-09-07T17:18:12Z
bank_card_loans_sa,COMBANKS_ALL,aggregate,all,2008-04-30,W,330.8159,fred,2026-09-07T17:18:12Z
bank_card_loans_sa,COMBANKS_ALL,aggregate,all,2008-05-07,W,331.1907,fred,2026-09-07T17:18:12Z
bank_card_loans_sa,COMBANKS_ALL,aggregate,all,2008-05-14,W,331.5827,fred,2026-09-07T17:18:12Z
bank_card_loans_sa,COMBANKS_ALL,aggregate,all,2008-05-21,W,329.741,fred,2026-09-07T17:18:12Z
bank_card_loans_sa,COMBANKS_ALL,aggregate,all,2008-05-28,W,330.7869,fred,2026-09-07T17:18:12Z
bank_card_loans_sa,COMBANKS_ALL,aggregate,all,2008-05-31,M,330.6198,fred,2026-09-07T17:18:12Z
bank_card_loans_sa,COMBANKS_ALL,aggregate,all,2008-06-04,W,328.7022,fred,2026-09-07T17:18:12Z
bank_card_loans_sa,COMBANKS_ALL,aggregate,all,2008-06-11,W,328.5388,fred,2026-09-07T17:18:12Z
bank_card_loans_sa,COMBANKS_ALL,aggregate,all,2008-06-18,W,333.4428,fred,2026-09-07T17:18:12Z
bank_card_loans_sa,COMBANKS_ALL,aggregate,all,2008-06-25,W,332.8973,fred,2026-09-07T17:18:12Z
bank_card_loans_sa,COMBANKS_ALL,aggregate,all,2008-06-30,M,330.9437,fred,2026-09-07T17:18:12Z
bank_card_loans_sa,COMBANKS_ALL,aggregate,all,2008-07-02,W,329.8701,fred,2026-09-07T17:18:12Z
bank_card_loans_sa,COMBANKS_ALL,aggregate,all,2008-07-09,W,330.4187,fred,2026-09-07T17:18:12Z
bank_card_loans_sa,COMBANKS_ALL,aggregate,all,2008-07-16,W,336.6862,fred,2026-09-07T17:18:12Z
bank_card_loans_sa,COMBANKS_ALL,aggregate,all,2008-07-23,W,337.5138,fred,2026-09-07T17:18:12Z
bank_card_loans_sa,COMBANKS_ALL,aggregate,all,2008-07-30,W,338.798,fred,2026-09-07T17:18:12Z
bank_card_loans_sa,COMBANKS_ALL,aggregate,all,2008-07-31,M,335.5398,fred,2026-09-07T17:18:12Z
bank_card_loans_sa,COMBANKS_ALL,aggregate,all,2008-08-06,W,338.0773,fred,2026-09-07T17:18:12Z
bank_card_loans_sa,COMBANKS_ALL,aggregate,all,2008-08-13,W,338.0403,fred,2026-09-07T17:18:12Z
bank_card_loans_sa,COMBANKS_ALL,aggregate,all,2008-08-20,W,343.5859,fred,2026-09-07T17:18:12Z
bank_card_loans_sa,COMBANKS_ALL,aggregate,all,2008-08-27,W,344.4362,fred,2026-09-07T17:18:12Z
bank_card_loans_sa,COMBANKS_ALL,aggregate,all,2008-08-31,M,341.3526,fred,2026-09-07T17:18:12Z
bank_card_loans_sa,COMBANKS_ALL,aggregate,all,2008-09-03,W,342.7574,fred,2026-09-07T17:18:12Z
bank_card_loans_sa,COMBANKS_ALL,aggregate,all,2008-09-10,W,342.3905,fred,2026-09-07T17:18:12Z
bank_card_loans_sa,COMBANKS_ALL,aggregate,all,2008-09-17,W,346.9022,fred,2026-09-07T17:18:12Z
bank_card_loans_sa,COMBANKS_ALL,aggregate,all,2008-09-24,W,348.8221,fred,2026-09-07T17:18:12Z
bank_card_loans_sa,COMBANKS_ALL,aggregate,all,2008-09-30,M,349.6381,fred,2026-09-07T17:18:12Z
bank_card_loans_sa,COMBANKS_ALL,aggregate,all,2008-10-01,W,365.6777,fred,2026-09-07T17:18:12Z
bank_card_loans_sa,COMBANKS_ALL,aggregate,all,2008-10-08,W,365.6517,fred,2026-09-07T17:18:12Z
bank_card_loans_sa,COMBANKS_ALL,aggregate,all,2008-10-15,W,373.9525,fred,2026-09-07T17:18:12Z
bank_card_loans_sa,COMBANKS_ALL,aggregate,all,2008-10-22,W,374.3246,fred,2026-09-07T17:18:12Z
bank_card_loans_sa,COMBANKS_ALL,aggregate,all,2008-10-29,W,377.8165,fred,2026-09-07T17:18:12Z
bank_card_loans_sa,COMBANKS_ALL,aggregate,all,2008-10-31,M,373,fred,2026-09-07T17:18:12Z
bank_card_loans_sa,COMBANKS_ALL,aggregate,all,2008-11-05,W,377.5526,fred,2026-09-07T17:18:12Z
bank_card_loans_sa,COMBANKS_ALL,aggregate,all,2008-11-12,W,380.0994,fred,2026-09-07T17:18:12Z
bank_card_loans_sa,COMBANKS_ALL,aggregate,all,2008-11-19,W,384.651,fred,2026-09-07T17:18:12Z
bank_card_loans_sa,COMBANKS_ALL,aggregate,all,2008-11-26,W,382.426,fred,2026-09-07T17:18:12Z
bank_card_loans_sa,COMBANKS_ALL,aggregate,all,2008-11-30,M,381.5445,fred,2026-09-07T17:18:12Z
bank_card_loans_sa,COMBANKS_ALL,aggregate,all,2008-12-03,W,382.0841,fred,2026-09-07T17:18:12Z
bank_card_loans_sa,COMBANKS_ALL,aggregate,all,2008-12-10,W,381.2825,fred,2026-09-07T17:18:12Z
bank_card_loans_sa,COMBANKS_ALL,aggregate,all,2008-12-17,W,385.8617,fred,2026-09-07T17:18:12Z
bank_card_loans_sa,COMBANKS_ALL,aggregate,all,2008-12-24,W,385.1027,fred,2026-09-07T17:18:12Z
bank_card_loans_sa,COMBANKS_ALL,aggregate,all,2008-12-31,M,383.656,fred,2026-09-07T17:18:12Z
bank_card_loans_sa,COMBANKS_ALL,aggregate,all,2008-12-31,W,383.051,fred,2026-09-07T17:18:12Z
bank_card_loans_sa,COMBANKS_ALL,aggregate,all,2009-01-07,W,385.5829,fred,2026-09-07T17:18:12Z
bank_card_loans_sa,COMBANKS_ALL,aggregate,all,2009-01-14,W,395.6385,fred,2026-09-07T17:18:12Z
bank_card_loans_sa,COMBANKS_ALL,aggregate,all,2009-01-21,W,399.3829,fred,2026-09-07T17:18:12Z
bank_card_loans_sa,COMBANKS_ALL,aggregate,all,2009-01-28,W,393.0012,fred,2026-09-07T17:18:12Z
bank_card_loans_sa,COMBANKS_ALL,aggregate,all,2009-01-31,M,393.3724,fred,2026-09-07T17:18:12Z
bank_card_loans_sa,COMBANKS_ALL,aggregate,all,2009-02-04,W,393.1024,fred,2026-09-07T17:18:12Z
bank_card_loans_sa,COMBANKS_ALL,aggregate,all,2009-02-11,W,392.8517,fred,2026-09-07T17:18:12Z
bank_card_loans_sa,COMBANKS_ALL,aggregate,all,2009-02-18,W,398.6594,fred,2026-09-07T17:18:12Z
bank_card_loans_sa,COMBANKS_ALL,aggregate,all,2009-02-25,W,397.3442,fred,2026-09-07T17:18:12Z
bank_card_loans_sa,COMBANKS_ALL,aggregate,all,2009-02-28,M,395.3513,fred,2026-09-07T17:18:12Z
bank_card_loans_sa,COMBANKS_ALL,aggregate,all,2009-03-04,W,391.8128,fred,2026-09-07T17:18:12Z
bank_card_loans_sa,COMBANKS_ALL,aggregate,all,2009-03-11,W,393.2435,fred,2026-09-07T17:18:12Z
bank_card_loans_sa,COMBANKS_ALL,aggregate,all,2009-03-18,W,385.8707,fred,2026-09-07T17:18:12Z
bank_card_loans_sa,COMBANKS_ALL,aggregate,all,2009-03-25,W,376.9595,fred,2026-09-07T17:18:12Z
bank_card_loans_sa,COMBANKS_ALL,aggregate,all,2009-03-31,M,383.1968,fred,2026-09-07T17:18:12Z
bank_card_loans_sa,COMBANKS_ALL,aggregate,all,2009-04-01,W,369.8891,fred,2026-09-07T17:18:12Z
bank_card_loans_sa,COMBANKS_ALL,aggregate,all,2009-04-08,W,371.1526,fred,2026-09-07T17:18:12Z
bank_card_loans_sa,COMBANKS_ALL,aggregate,all,2009-04-15,W,375.5019,fred,2026-09-07T17:18:12Z
bank_card_loans_sa,COMBANKS_ALL,aggregate,all,2009-04-22,W,372.4281,fred,2026-09-07T17:18:12Z
bank_card_loans_sa,COMBANKS_ALL,aggregate,all,2009-04-29,W,373.8101,fred,2026-09-07T17:18:12Z
bank_card_loans_sa,COMBANKS_ALL,aggregate,all,2009-04-30,M,372.8527,fred,2026-09-07T17:18:12Z
bank_card_loans_sa,COMBANKS_ALL,aggregate,all,2009-05-06,W,365.4432,fred,2026-09-07T17:18:12Z
bank_card_loans_sa,COMBANKS_ALL,aggregate,all,2009-05-13,W,357.6684,fred,2026-09-07T17:18:12Z
bank_card_loans_sa,COMBANKS_ALL,aggregate,all,2009-05-20,W,367.1656,fred,2026-09-07T17:18:12Z
bank_card_loans_sa,COMBANKS_ALL,aggregate,all,2009-05-27,W,369.7545,fred,2026-09-07T17:18:12Z
bank_card_loans_sa,COMBANKS_ALL,aggregate,all,2009-05-31,M,364.7492,fred,2026-09-07T17:18:12Z
bank_card_loans_sa,COMBANKS_ALL,aggregate,all,2009-06-03,W,363.1115,fred,2026-09-07T17:18:12Z
bank_card_loans_sa,COMBANKS_ALL,aggregate,all,2009-06-10,W,358.7663,fred,2026-09-07T17:18:12Z
bank_card_loans_sa,COMBANKS_ALL,aggregate,all,2009-06-17,W,358.1426,fred,2026-09-07T17:18:12Z
bank_card_loans_sa,COMBANKS_ALL,aggregate,all,2009-06-24,W,358.2323,fred,2026-09-07T17:18:12Z
bank_card_loans_sa,COMBANKS_ALL,aggregate,all,2009-06-30,M,358.5222,fred,2026-09-07T17:18:12Z
bank_card_loans_sa,COMBANKS_ALL,aggregate,all,2009-07-01,W,356.7239,fred,2026-09-07T17:18:12Z
bank_card_loans_sa,COMBANKS_ALL,aggregate,all,2009-07-08,W,355.8663,fred,2026-09-07T17:18:12Z
bank_card_loans_sa,COMBANKS_ALL,aggregate,all,2009-07-15,W,356.9032,fred,2026-09-07T17:18:12Z
bank_card_loans_sa,COMBANKS_ALL,aggregate,all,2009-07-22,W,359.8933,fred,2026-09-07T17:18:12Z
bank_card_loans_sa,COMBANKS_ALL,aggregate,all,2009-07-29,W,358.338,fred,2026-09-07T17:18:12Z
bank_card_loans_sa,COMBANKS_ALL,aggregate,all,2009-07-31,M,357.4442,fred,2026-09-07T17:18:12Z
bank_card_loans_sa,COMBANKS_ALL,aggregate,all,2009-08-05,W,353.5201,fred,2026-09-07T17:18:12Z
bank_card_loans_sa,COMBANKS_ALL,aggregate,all,2009-08-12,W,354.637,fred,2026-09-07T17:18:12Z
bank_card_loans_sa,COMBANKS_ALL,aggregate,all,2009-08-19,W,358.42,fred,2026-09-07T17:18:12Z
bank_card_loans_sa,COMBANKS_ALL,aggregate,all,2009-08-26,W,358.2584,fred,2026-09-07T17:18:12Z
bank_card_loans_sa,COMBANKS_ALL,aggregate,all,2009-08-31,M,355.5225,fred,2026-09-07T17:18:12Z
bank_card_loans_sa,COMBANKS_ALL,aggregate,all,2009-09-02,W,350.8779,fred,2026-09-07T17:18:12Z
bank_card_loans_sa,COMBANKS_ALL,aggregate,all,2009-09-09,W,354.9455,fred,2026-09-07T17:18:12Z
bank_card_loans_sa,COMBANKS_ALL,aggregate,all,2009-09-16,W,355.6642,fred,2026-09-07T17:18:12Z
bank_card_loans_sa,COMBANKS_ALL,aggregate,all,2009-09-23,W,351.5755,fred,2026-09-07T17:18:12Z
bank_card_loans_sa,COMBANKS_ALL,aggregate,all,2009-09-30,M,351.4159,fred,2026-09-07T17:18:12Z
bank_card_loans_sa,COMBANKS_ALL,aggregate,all,2009-09-30,W,343.6322,fred,2026-09-07T17:18:12Z
bank_card_loans_sa,COMBANKS_ALL,aggregate,all,2009-10-07,W,343.8352,fred,2026-09-07T17:18:12Z
bank_card_loans_sa,COMBANKS_ALL,aggregate,all,2009-10-14,W,343.8408,fred,2026-09-07T17:18:12Z
bank_card_loans_sa,COMBANKS_ALL,aggregate,all,2009-10-21,W,347.4535,fred,2026-09-07T17:18:12Z
bank_card_loans_sa,COMBANKS_ALL,aggregate,all,2009-10-28,W,346.7772,fred,2026-09-07T17:18:12Z
bank_card_loans_sa,COMBANKS_ALL,aggregate,all,2009-10-31,M,345.1912,fred,2026-09-07T17:18:12Z
bank_card_loans_sa,COMBANKS_ALL,aggregate,all,2009-11-04,W,342.5262,fred,2026-09-07T17:18:12Z
bank_card_loans_sa,COMBANKS_ALL,aggregate,all,2009-11-11,W,341.6858,fred,2026-09-07T17:18:12Z
bank_card_loans_sa,COMBANKS_ALL,aggregate,all,2009-11-18,W,345.5749,fred,2026-09-07T17:18:12Z
bank_card_loans_sa,COMBANKS_ALL,aggregate,all,2009-11-25,W,345.6055,fred,2026-09-07T17:18:12Z
bank_card_loans_sa,COMBANKS_ALL,aggregate,all,2009-11-30,M,343.3487,fred,2026-09-07T17:18:12Z
bank_card_loans_sa,COMBANKS_ALL,aggregate,all,2009-12-02,W,340.0585,fred,2026-09-07T17:18:12Z
bank_card_loans_sa,COMBANKS_ALL,aggregate,all,2009-12-09,W,338.6983,fred,2026-09-07T17:18:12Z
bank_card_loans_sa,COMBANKS_ALL,aggregate,all,2009-12-16,W,337.873,fred,2026-09-07T17:18:12Z
bank_card_loans_sa,COMBANKS_ALL,aggregate,all,2009-12-23,W,332.9004,fred,2026-09-07T17:18:12Z
bank_card_loans_sa,COMBANKS_ALL,aggregate,all,2009-12-30,W,332.1112,fred,2026-09-07T17:18:12Z
bank_card_loans_sa,COMBANKS_ALL,aggregate,all,2009-12-31,M,335.3999,fred,2026-09-07T17:18:12Z
bank_card_loans_sa,COMBANKS_ALL,aggregate,all,2010-01-06,W,326.2002,fred,2026-09-07T17:18:12Z
bank_card_loans_sa,COMBANKS_ALL,aggregate,all,2010-01-13,W,324.222,fred,2026-09-07T17:18:12Z
bank_card_loans_sa,COMBANKS_ALL,aggregate,all,2010-01-20,W,323.5423,fred,2026-09-07T17:18:12Z
bank_card_loans_sa,COMBANKS_ALL,aggregate,all,2010-01-27,W,322.6423,fred,2026-09-07T17:18:12Z
bank_card_loans_sa,COMBANKS_ALL,aggregate,all,2010-01-31,M,323.3635,fred,2026-09-07T17:18:12Z
bank_card_loans_sa,COMBANKS_ALL,aggregate,all,2010-02-03,W,318.555,fred,2026-09-07T17:18:12Z
bank_card_loans_sa,COMBANKS_ALL,aggregate,all,2010-02-10,W,318.1938,fred,2026-09-07T17:18:12Z
bank_card_loans_sa,COMBANKS_ALL,aggregate,all,2010-02-17,W,319.6253,fred,2026-09-07T17:18:12Z
bank_card_loans_sa,COMBANKS_ALL,aggregate,all,2010-02-24,W,318.24,fred,2026-09-07T17:18:12Z
bank_card_loans_sa,COMBANKS_ALL,aggregate,all,2010-02-28,M,317.9152,fred,2026-09-07T17:18:12Z
bank_card_loans_sa,COMBANKS_ALL,aggregate,all,2010-03-03,W,313.3868,fred,2026-09-07T17:18:12Z
bank_card_loans_sa,COMBANKS_ALL,aggregate,all,2010-03-10,W,312.3002,fred,2026-09-07T17:18:12Z
bank_card_loans_sa,COMBANKS_ALL,aggregate,all,2010-03-17,W,315.3859,fred,2026-09-07T17:18:12Z
bank_card_loans_sa,COMBANKS_ALL,aggregate,all,2010-03-24,W,321.5405,fred,2026-09-07T17:18:12Z
bank_card_loans_sa,COMBANKS_ALL,aggregate,all,2010-03-31,M,391.485,fred,2026-09-07T17:18:12Z
bank_card_loans_sa,COMBANKS_ALL,aggregate,all,2010-03-31,W,650.184,fred,2026-09-07T17:18:12Z
bank_card_loans_sa,COMBANKS_ALL,aggregate,all,2010-04-07,W,650.2498,fred,2026-09-07T17:18:12Z
bank_card_loans_sa,COMBANKS_ALL,aggregate,all,2010-04-14,W,648.921,fred,2026-09-07T17:18:12Z
bank_card_loans_sa,COMBANKS_ALL,aggregate,all,2010-04-21,W,647.105,fred,2026-09-07T17:18:12Z
bank_card_loans_sa,COMBANKS_ALL,aggregate,all,2010-04-28,W,646.1076,fred,2026-09-07T17:18:12Z
bank_card_loans_sa,COMBANKS_ALL,aggregate,all,2010-04-30,M,647.7709,fred,2026-09-07T17:18:12Z
bank_card_loans_sa,COMBANKS_ALL,aggregate,all,2010-05-05,W,643.2217,fred,2026-09-07T17:18:12Z
bank_card_loans_sa,COMBANKS_ALL,aggregate,all,2010-05-12,W,641.9793,fred,2026-09-07T17:18:12Z
bank_card_loans_sa,COMBANKS_ALL,aggregate,all,2010-05-19,W,641.5579,fred,2026-09-07T17:18:12Z
bank_card_loans_sa,COMBANKS_ALL,aggregate,all,2010-05-26,W,639.4164,fred,2026-09-07T17:18:12Z
bank_card_loans_sa,COMBANKS_ALL,aggregate,all,2010-05-31,M,640.2895,fred,2026-09-07T17:18:12Z
bank_card_loans_sa,COMBANKS_ALL,aggregate,all,2010-06-02,W,634.4379,fred,2026-09-07T17:18:12Z
bank_card_loans_sa,COMBANKS_ALL,aggregate,all,2010-06-09,W,635.7798,fred,2026-09-07T17:18:12Z
bank_card_loans_sa,COMBANKS_ALL,aggregate,all,2010-06-16,W,633.4078,fred,2026-09-07T17:18:12Z
bank_card_loans_sa,COMBANKS_ALL,aggregate,all,2010-06-23,W,633.1629,fred,2026-09-07T17:18:12Z
bank_card_loans_sa,COMBANKS_ALL,aggregate,all,2010-06-30,M,632.9607,fred,2026-09-07T17:18:12Z
bank_card_loans_sa,COMBANKS_ALL,aggregate,all,2010-06-30,W,629.0704,fred,2026-09-07T17:18:12Z
bank_card_loans_sa,COMBANKS_ALL,aggregate,all,2010-07-07,W,629.6497,fred,2026-09-07T17:18:12Z
bank_card_loans_sa,COMBANKS_ALL,aggregate,all,2010-07-14,W,629.3776,fred,2026-09-07T17:18:12Z
bank_card_loans_sa,COMBANKS_ALL,aggregate,all,2010-07-21,W,628.292,fred,2026-09-07T17:18:12Z
bank_card_loans_sa,COMBANKS_ALL,aggregate,all,2010-07-28,W,626.7799,fred,2026-09-07T17:18:12Z
bank_card_loans_sa,COMBANKS_ALL,aggregate,all,2010-07-31,M,628.216,fred,2026-09-07T17:18:12Z
bank_card_loans_sa,COMBANKS_ALL,aggregate,all,2010-08-04,W,625.334,fred,2026-09-07T17:18:12Z
bank_card_loans_sa,COMBANKS_ALL,aggregate,all,2010-08-11,W,624.2313,fred,2026-09-07T17:18:12Z
bank_card_loans_sa,COMBANKS_ALL,aggregate,all,2010-08-18,W,622.9005,fred,2026-09-07T17:18:12Z
bank_card_loans_sa,COMBANKS_ALL,aggregate,all,2010-08-25,W,621.7752,fred,2026-09-07T17:18:12Z
bank_card_loans_sa,COMBANKS_ALL,aggregate,all,2010-08-31,M,622.6144,fred,2026-09-07T17:18:12Z
bank_card_loans_sa,COMBANKS_ALL,aggregate,all,2010-09-01,W,619.5604,fred,2026-09-07T17:18:12Z
bank_card_loans_sa,COMBANKS_ALL,aggregate,all,2010-09-08,W,618.7456,fred,2026-09-07T17:18:12Z
bank_card_loans_sa,COMBANKS_ALL,aggregate,all,2010-09-15,W,618.2625,fred,2026-09-07T17:18:12Z
bank_card_loans_sa,COMBANKS_ALL,aggregate,all,2010-09-22,W,615.8769,fred,2026-09-07T17:18:12Z
bank_card_loans_sa,COMBANKS_ALL,aggregate,all,2010-09-29,W,616.9031,fred,2026-09-07T17:18:12Z
bank_card_loans_sa,COMBANKS_ALL,aggregate,all,2010-09-30,M,617.3256,fred,2026-09-07T17:18:12Z
bank_card_loans_sa,COMBANKS_ALL,aggregate,all,2010-10-06,W,611.69,fred,2026-09-07T17:18:12Z
bank_card_loans_sa,COMBANKS_ALL,aggregate,all,2010-10-13,W,611.8792,fred,2026-09-07T17:18:12Z
bank_card_loans_sa,COMBANKS_ALL,aggregate,all,2010-10-20,W,611.4196,fred,2026-09-07T17:18:12Z
bank_card_loans_sa,COMBANKS_ALL,aggregate,all,2010-10-27,W,609.3625,fred,2026-09-07T17:18:12Z
bank_card_loans_sa,COMBANKS_ALL,aggregate,all,2010-10-31,M,610.6839,fred,2026-09-07T17:18:12Z
bank_card_loans_sa,COMBANKS_ALL,aggregate,all,2010-11-03,W,608.1078,fred,2026-09-07T17:18:12Z
bank_card_loans_sa,COMBANKS_ALL,aggregate,all,2010-11-10,W,607.9058,fred,2026-09-07T17:18:12Z
bank_card_loans_sa,COMBANKS_ALL,aggregate,all,2010-11-17,W,607.557,fred,2026-09-07T17:18:12Z
bank_card_loans_sa,COMBANKS_ALL,aggregate,all,2010-11-24,W,606.9224,fred,2026-09-07T17:18:12Z
bank_card_loans_sa,COMBANKS_ALL,aggregate,all,2010-11-30,M,607.1545,fred,2026-09-07T17:18:12Z
bank_card_loans_sa,COMBANKS_ALL,aggregate,all,2010-12-01,W,605.6028,fred,2026-09-07T17:18:12Z
bank_card_loans_sa,COMBANKS_ALL,aggregate,all,2010-12-08,W,607.6499,fred,2026-09-07T17:18:12Z
bank_card_loans_sa,COMBANKS_ALL,aggregate,all,2010-12-15,W,607.2687,fred,2026-09-07T17:18:12Z
bank_card_loans_sa,COMBANKS_ALL,aggregate,all,2010-12-22,W,606.4048,fred,2026-09-07T17:18:12Z
bank_card_loans_sa,COMBANKS_ALL,aggregate,all,2010-12-29,W,605.7358,fred,2026-09-07T17:18:12Z
bank_card_loans_sa,COMBANKS_ALL,aggregate,all,2010-12-31,M,606.6246,fred,2026-09-07T17:18:12Z
bank_card_loans_sa,COMBANKS_ALL,aggregate,all,2011-01-05,W,605.1728,fred,2026-09-07T17:18:12Z
bank_card_loans_sa,COMBANKS_ALL,aggregate,all,2011-01-12,W,603.0305,fred,2026-09-07T17:18:12Z
bank_card_loans_sa,COMBANKS_ALL,aggregate,all,2011-01-19,W,604.2132,fred,2026-09-07T17:18:12Z
bank_card_loans_sa,COMBANKS_ALL,aggregate,all,2011-01-26,W,602.6432,fred,2026-09-07T17:18:12Z
bank_card_loans_sa,COMBANKS_ALL,aggregate,all,2011-01-31,M,603.4325,fred,2026-09-07T17:18:12Z
bank_card_loans_sa,COMBANKS_ALL,aggregate,all,2011-02-02,W,602.267,fred,2026-09-07T17:18:12Z
bank_card_loans_sa,COMBANKS_ALL,aggregate,all,2011-02-09,W,601.5182,fred,2026-09-07T17:18:12Z
bank_card_loans_sa,COMBANKS_ALL,aggregate,all,2011-02-16,W,600.646,fred,2026-09-07T17:18:12Z
bank_card_loans_sa,COMBANKS_ALL,aggregate,all,2011-02-23,W,600.9949,fred,2026-09-07T17:18:12Z
bank_card_loans_sa,COMBANKS_ALL,aggregate,all,2011-02-28,M,600.9615,fred,2026-09-07T17:18:12Z
bank_card_loans_sa,COMBANKS_ALL,aggregate,all,2011-03-02,W,600.0551,fred,2026-09-07T17:18:12Z
bank_card_loans_sa,COMBANKS_ALL,aggregate,all,2011-03-09,W,600.3298,fred,2026-09-07T17:18:12Z
bank_card_loans_sa,COMBANKS_ALL,aggregate,all,2011-03-16,W,600.6772,fred,2026-09-07T17:18:12Z
bank_card_loans_sa,COMBANKS_ALL,aggregate,all,2011-03-23,W,601.1928,fred,2026-09-07T17:18:12Z
bank_card_loans_sa,COMBANKS_ALL,aggregate,all,2011-03-30,W,600.9559,fred,2026-09-07T17:18:12Z
bank_card_loans_sa,COMBANKS_ALL,aggregate,all,2011-03-31,M,600.6593,fred,2026-09-07T17:18:12Z
bank_card_loans_sa,COMBANKS_ALL,aggregate,all,2011-04-06,W,598.2373,fred,2026-09-07T17:18:12Z
bank_card_loans_sa,COMBANKS_ALL,aggregate,all,2011-04-13,W,597.325,fred,2026-09-07T17:18:12Z
bank_card_loans_sa,COMBANKS_ALL,aggregate,all,2011-04-20,W,598.0477,fred,2026-09-07T17:18:12Z
bank_card_loans_sa,COMBANKS_ALL,aggregate,all,2011-04-27,W,597.0834,fred,2026-09-07T17:18:12Z
bank_card_loans_sa,COMBANKS_ALL,aggregate,all,2011-04-30,M,597.4982,fred,2026-09-07T17:18:12Z
bank_card_loans_sa,COMBANKS_ALL,aggregate,all,2011-05-04,W,596.1098,fred,2026-09-07T17:18:12Z
bank_card_loans_sa,COMBANKS_ALL,aggregate,all,2011-05-11,W,595.9662,fred,2026-09-07T17:18:12Z
bank_card_loans_sa,COMBANKS_ALL,aggregate,all,2011-05-18,W,596.2418,fred,2026-09-07T17:18:12Z
bank_card_loans_sa,COMBANKS_ALL,aggregate,all,2011-05-25,W,595.9093,fred,2026-09-07T17:18:12Z
bank_card_loans_sa,COMBANKS_ALL,aggregate,all,2011-05-31,M,596.5688,fred,2026-09-07T17:18:12Z
bank_card_loans_sa,COMBANKS_ALL,aggregate,all,2011-06-01,W,598.729,fred,2026-09-07T17:18:12Z
bank_card_loans_sa,COMBANKS_ALL,aggregate,all,2011-06-08,W,599.733,fred,2026-09-07T17:18:12Z
bank_card_loans_sa,COMBANKS_ALL,aggregate,all,2011-06-15,W,600.0509,fred,2026-09-07T17:18:12Z
bank_card_loans_sa,COMBANKS_ALL,aggregate,all,2011-06-22,W,600.789,fred,2026-09-07T17:18:12Z
bank_card_loans_sa,COMBANKS_ALL,aggregate,all,2011-06-29,W,601.8754,fred,2026-09-07T17:18:12Z
bank_card_loans_sa,COMBANKS_ALL,aggregate,all,2011-06-30,M,600.6213,fred,2026-09-07T17:18:12Z
bank_card_loans_sa,COMBANKS_ALL,aggregate,all,2011-07-06,W,602.7711,fred,2026-09-07T17:18:12Z
bank_card_loans_sa,COMBANKS_ALL,aggregate,all,2011-07-13,W,601.6668,fred,2026-09-07T17:18:12Z
bank_card_loans_sa,COMBANKS_ALL,aggregate,all,2011-07-20,W,601.8291,fred,2026-09-07T17:18:12Z
bank_card_loans_sa,COMBANKS_ALL,aggregate,all,2011-07-27,W,601.5185,fred,2026-09-07T17:18:12Z
bank_card_loans_sa,COMBANKS_ALL,aggregate,all,2011-07-31,M,601.8441,fred,2026-09-07T17:18:12Z
bank_card_loans_sa,COMBANKS_ALL,aggregate,all,2011-08-03,W,601.3601,fred,2026-09-07T17:18:12Z
bank_card_loans_sa,COMBANKS_ALL,aggregate,all,2011-08-10,W,601.2266,fred,2026-09-07T17:18:12Z
bank_card_loans_sa,COMBANKS_ALL,aggregate,all,2011-08-17,W,600.9753,fred,2026-09-07T17:18:12Z
bank_card_loans_sa,COMBANKS_ALL,aggregate,all,2011-08-24,W,601.0051,fred,2026-09-07T17:18:12Z
bank_card_loans_sa,COMBANKS_ALL,aggregate,all,2011-08-31,M,601.0955,fred,2026-09-07T17:18:12Z
bank_card_loans_sa,COMBANKS_ALL,aggregate,all,2011-08-31,W,601.0618,fred,2026-09-07T17:18:12Z
bank_card_loans_sa,COMBANKS_ALL,aggregate,all,2011-09-07,W,600.5847,fred,2026-09-07T17:18:12Z
bank_card_loans_sa,COMBANKS_ALL,aggregate,all,2011-09-14,W,600.8505,fred,2026-09-07T17:18:12Z
bank_card_loans_sa,COMBANKS_ALL,aggregate,all,2011-09-21,W,600.5256,fred,2026-09-07T17:18:12Z
bank_card_loans_sa,COMBANKS_ALL,aggregate,all,2011-09-28,W,601.5822,fred,2026-09-07T17:18:12Z
bank_card_loans_sa,COMBANKS_ALL,aggregate,all,2011-09-30,M,600.9179,fred,2026-09-07T17:18:12Z
bank_card_loans_sa,COMBANKS_ALL,aggregate,all,2011-10-05,W,601.368,fred,2026-09-07T17:18:12Z
bank_card_loans_sa,COMBANKS_ALL,aggregate,all,2011-10-12,W,600.5436,fred,2026-09-07T17:18:12Z
bank_card_loans_sa,COMBANKS_ALL,aggregate,all,2011-10-19,W,600.7004,fred,2026-09-07T17:18:12Z
bank_card_loans_sa,COMBANKS_ALL,aggregate,all,2011-10-26,W,600.3727,fred,2026-09-07T17:18:12Z
bank_card_loans_sa,COMBANKS_ALL,aggregate,all,2011-10-31,M,600.5567,fred,2026-09-07T17:18:12Z
bank_card_loans_sa,COMBANKS_ALL,aggregate,all,2011-11-02,W,599.8201,fred,2026-09-07T17:18:12Z
bank_card_loans_sa,COMBANKS_ALL,aggregate,all,2011-11-09,W,600.331,fred,2026-09-07T17:18:12Z
bank_card_loans_sa,COMBANKS_ALL,aggregate,all,2011-11-16,W,600.7586,fred,2026-09-07T17:18:12Z
bank_card_loans_sa,COMBANKS_ALL,aggregate,all,2011-11-23,W,600.7388,fred,2026-09-07T17:18:12Z
bank_card_loans_sa,COMBANKS_ALL,aggregate,all,2011-11-30,M,600.931,fred,2026-09-07T17:18:12Z
bank_card_loans_sa,COMBANKS_ALL,aggregate,all,2011-11-30,W,602.2132,fred,2026-09-07T17:18:12Z
bank_card_loans_sa,COMBANKS_ALL,aggregate,all,2011-12-07,W,600.8578,fred,2026-09-07T17:18:12Z
bank_card_loans_sa,COMBANKS_ALL,aggregate,all,2011-12-14,W,601.2289,fred,2026-09-07T17:18:12Z
bank_card_loans_sa,COMBANKS_ALL,aggregate,all,2011-12-21,W,600.6211,fred,2026-09-07T17:18:12Z
bank_card_loans_sa,COMBANKS_ALL,aggregate,all,2011-12-28,W,601.7045,fred,2026-09-07T17:18:12Z
bank_card_loans_sa,COMBANKS_ALL,aggregate,all,2011-12-31,M,601.3101,fred,2026-09-07T17:18:12Z
bank_card_loans_sa,COMBANKS_ALL,aggregate,all,2012-01-04,W,603.2423,fred,2026-09-07T17:18:12Z
bank_card_loans_sa,COMBANKS_ALL,aggregate,all,2012-01-11,W,601.0755,fred,2026-09-07T17:18:12Z
bank_card_loans_sa,COMBANKS_ALL,aggregate,all,2012-01-18,W,600.4939,fred,2026-09-07T17:18:12Z
bank_card_loans_sa,COMBANKS_ALL,aggregate,all,2012-01-25,W,598.2055,fred,2026-09-07T17:18:12Z
bank_card_loans_sa,COMBANKS_ALL,aggregate,all,2012-01-31,M,600.3198,fred,2026-09-07T17:18:12Z
bank_card_loans_sa,COMBANKS_ALL,aggregate,all,2012-02-01,W,599.7532,fred,2026-09-07T17:18:12Z
bank_card_loans_sa,COMBANKS_ALL,aggregate,all,2012-02-08,W,599.226,fred,2026-09-07T17:18:12Z
bank_card_loans_sa,COMBANKS_ALL,aggregate,all,2012-02-15,W,598.4663,fred,2026-09-07T17:18:12Z
bank_card_loans_sa,COMBANKS_ALL,aggregate,all,2012-02-22,W,597.5594,fred,2026-09-07T17:18:12Z
bank_card_loans_sa,COMBANKS_ALL,aggregate,all,2012-02-29,M,598.923,fred,2026-09-07T17:18:12Z
bank_card_loans_sa,COMBANKS_ALL,aggregate,all,2012-02-29,W,600.3217,fred,2026-09-07T17:18:12Z
bank_card_loans_sa,COMBANKS_ALL,aggregate,all,2012-03-07,W,600.1979,fred,2026-09-07T17:18:12Z
bank_card_loans_sa,COMBANKS_ALL,aggregate,all,2012-03-14,W,600.7137,fred,2026-09-07T17:18:12Z
bank_card_loans_sa,COMBANKS_ALL,aggregate,all,2012-03-21,W,600.5757,fred,2026-09-07T17:18:12Z
bank_card_loans_sa,COMBANKS_ALL,aggregate,all,2012-03-28,W,601.2046,fred,2026-09-07T17:18:12Z
bank_card_loans_sa,COMBANKS_ALL,aggregate,all,2012-03-31,M,600.732,fred,2026-09-07T17:18:12Z
bank_card_loans_sa,COMBANKS_ALL,aggregate,all,2012-04-04,W,601.2832,fred,2026-09-07T17:18:12Z
bank_card_loans_sa,COMBANKS_ALL,aggregate,all,2012-04-11,W,599.4568,fred,2026-09-07T17:18:12Z
bank_card_loans_sa,COMBANKS_ALL,aggregate,all,2012-04-18,W,598.5048,fred,2026-09-07T17:18:12Z
bank_card_loans_sa,COMBANKS_ALL,aggregate,all,2012-04-25,W,597.5563,fred,2026-09-07T17:18:12Z
bank_card_loans_sa,COMBANKS_ALL,aggregate,all,2012-04-30,M,600.6419,fred,2026-09-07T17:18:12Z
bank_card_loans_sa,COMBANKS_ALL,aggregate,all,2012-05-02,W,609.0999,fred,2026-09-07T17:18:12Z
bank_card_loans_sa,COMBANKS_ALL,aggregate,all,2012-05-09,W,607.9309,fred,2026-09-07T17:18:12Z
bank_card_loans_sa,COMBANKS_ALL,aggregate,all,2012-05-16,W,607.5851,fred,2026-09-07T17:18:12Z
bank_card_loans_sa,COMBANKS_ALL,aggregate,all,2012-05-23,W,607.3799,fred,2026-09-07T17:18:12Z
bank_card_loans_sa,COMBANKS_ALL,aggregate,all,2012-05-30,W,610.7935,fred,2026-09-07T17:18:12Z
bank_card_loans_sa,COMBANKS_ALL,aggregate,all,2012-05-31,M,608.5115,fred,2026-09-07T17:18:12Z
bank_card_loans_sa,COMBANKS_ALL,aggregate,all,2012-06-06,W,609.8324,fred,2026-09-07T17:18:12Z
bank_card_loans_sa,COMBANKS_ALL,aggregate,all,2012-06-13,W,610.0909,fred,2026-09-07T17:18:12Z
bank_card_loans_sa,COMBANKS_ALL,aggregate,all,2012-06-20,W,609.2349,fred,2026-09-07T17:18:12Z
bank_card_loans_sa,COMBANKS_ALL,aggregate,all,2012-06-27,W,608.2418,fred,2026-09-07T17:18:12Z
bank_card_loans_sa,COMBANKS_ALL,aggregate,all,2012-06-30,M,609.3271,fred,2026-09-07T17:18:12Z
bank_card_loans_sa,COMBANKS_ALL,aggregate,all,2012-07-04,W,609.2823,fred,2026-09-07T17:18:12Z
bank_card_loans_sa,COMBANKS_ALL,aggregate,all,2012-07-11,W,608.0695,fred,2026-09-07T17:18:12Z
bank_card_loans_sa,COMBANKS_ALL,aggregate,all,2012-07-18,W,607.4508,fred,2026-09-07T17:18:12Z
bank_card_loans_sa,COMBANKS_ALL,aggregate,all,2012-07-25,W,606.5308,fred,2026-09-07T17:18:12Z
bank_card_loans_sa,COMBANKS_ALL,aggregate,all,2012-07-31,M,607.763,fred,2026-09-07T17:18:12Z
bank_card_loans_sa,COMBANKS_ALL,aggregate,all,2012-08-01,W,608.1942,fred,2026-09-07T17:18:12Z
bank_card_loans_sa,COMBANKS_ALL,aggregate,all,2012-08-08,W,608.4274,fred,2026-09-07T17:18:12Z
bank_card_loans_sa,COMBANKS_ALL,aggregate,all,2012-08-15,W,608.4403,fred,2026-09-07T17:18:12Z
bank_card_loans_sa,COMBANKS_ALL,aggregate,all,2012-08-22,W,608.5472,fred,2026-09-07T17:18:12Z
bank_card_loans_sa,COMBANKS_ALL,aggregate,all,2012-08-29,W,609.9805,fred,2026-09-07T17:18:12Z
bank_card_loans_sa,COMBANKS_ALL,aggregate,all,2012-08-31,M,608.8677,fred,2026-09-07T17:18:12Z
bank_card_loans_sa,COMBANKS_ALL,aggregate,all,2012-09-05,W,609.4687,fred,2026-09-07T17:18:12Z
bank_card_loans_sa,COMBANKS_ALL,aggregate,all,2012-09-12,W,607.9197,fred,2026-09-07T17:18:12Z
bank_card_loans_sa,COMBANKS_ALL,aggregate,all,2012-09-19,W,607.7669,fred,2026-09-07T17:18:12Z
bank_card_loans_sa,COMBANKS_ALL,aggregate,all,2012-09-26,W,607.551,fred,2026-09-07T17:18:12Z
bank_card_loans_sa,COMBANKS_ALL,aggregate,all,2012-09-30,M,608.0705,fred,2026-09-07T17:18:12Z
bank_card_loans_sa,COMBANKS_ALL,aggregate,all,2012-10-03,W,608.027,fred,2026-09-07T17:18:12Z
bank_card_loans_sa,COMBANKS_ALL,aggregate,all,2012-10-10,W,607.2197,fred,2026-09-07T17:18:12Z
bank_card_loans_sa,COMBANKS_ALL,aggregate,all,2012-10-17,W,606.614,fred,2026-09-07T17:18:12Z
bank_card_loans_sa,COMBANKS_ALL,aggregate,all,2012-10-24,W,606.2125,fred,2026-09-07T17:18:12Z
bank_card_loans_sa,COMBANKS_ALL,aggregate,all,2012-10-31,M,607.2801,fred,2026-09-07T17:18:12Z
bank_card_loans_sa,COMBANKS_ALL,aggregate,all,2012-10-31,W,608.7543,fred,2026-09-07T17:18:12Z
bank_card_loans_sa,COMBANKS_ALL,aggregate,all,2012-11-07,W,608.235,fred,2026-09-07T17:18:12Z
bank_card_loans_sa,COMBANKS_ALL,aggregate,all,2012-11-14,W,608.6687,fred,2026-09-07T17:18:12Z
bank_card_loans_sa,COMBANKS_ALL,aggregate,all,2012-11-21,W,607.1972,fred,2026-09-07T17:18:12Z
bank_card_loans_sa,COMBANKS_ALL,aggregate,all,2012-11-28,W,608.8389,fred,2026-09-07T17:18:12Z
bank_card_loans_sa,COMBANKS_ALL,aggregate,all,2012-11-30,M,608.0981,fred,2026-09-07T17:18:12Z
bank_card_loans_sa,COMBANKS_ALL,aggregate,all,2012-12-05,W,606.1822,fred,2026-09-07T17:18:12Z
bank_card_loans_sa,COMBANKS_ALL,aggregate,all,2012-12-12,W,605.9103,fred,2026-09-07T17:18:12Z
bank_card_loans_sa,COMBANKS_ALL,aggregate,all,2012-12-19,W,606.1272,fred,2026-09-07T17:18:12Z
bank_card_loans_sa,COMBANKS_ALL,aggregate,all,2012-12-26,W,606.9106,fred,2026-09-07T17:18:12Z
bank_card_loans_sa,COMBANKS_ALL,aggregate,all,2012-12-31,M,606.5581,fred,2026-09-07T17:18:12Z
bank_card_loans_sa,COMBANKS_ALL,aggregate,all,2013-01-02,W,607.9506,fred,2026-09-07T17:18:12Z
bank_card_loans_sa,COMBANKS_ALL,aggregate,all,2013-01-09,W,606.8844,fred,2026-09-07T17:18:12Z
bank_card_loans_sa,COMBANKS_ALL,aggregate,all,2013-01-16,W,605.6587,fred,2026-09-07T17:18:12Z
bank_card_loans_sa,COMBANKS_ALL,aggregate,all,2013-01-23,W,606.4928,fred,2026-09-07T17:18:12Z
bank_card_loans_sa,COMBANKS_ALL,aggregate,all,2013-01-30,W,608.5804,fred,2026-09-07T17:18:12Z
bank_card_loans_sa,COMBANKS_ALL,aggregate,all,2013-01-31,M,607.02,fred,2026-09-07T17:18:12Z
bank_card_loans_sa,COMBANKS_ALL,aggregate,all,2013-02-06,W,608.406,fred,2026-09-07T17:18:12Z
bank_card_loans_sa,COMBANKS_ALL,aggregate,all,2013-02-13,W,608.7642,fred,2026-09-07T17:18:12Z
bank_card_loans_sa,COMBANKS_ALL,aggregate,all,2013-02-20,W,608.0866,fred,2026-09-07T17:18:12Z
bank_card_loans_sa,COMBANKS_ALL,aggregate,all,2013-02-27,W,609.6741,fred,2026-09-07T17:18:12Z
bank_card_loans_sa,COMBANKS_ALL,aggregate,all,2013-02-28,M,608.717,fred,2026-09-07T17:18:12Z
bank_card_loans_sa,COMBANKS_ALL,aggregate,all,2013-03-06,W,607.9674,fred,2026-09-07T17:18:12Z
bank_card_loans_sa,COMBANKS_ALL,aggregate,all,2013-03-13,W,613.3564,fred,2026-09-07T17:18:12Z
bank_card_loans_sa,COMBANKS_ALL,aggregate,all,2013-03-20,W,612.7419,fred,2026-09-07T17:18:12Z
bank_card_loans_sa,COMBANKS_ALL,aggregate,all,2013-03-27,W,612.6761,fred,2026-09-07T17:18:12Z
bank_card_loans_sa,COMBANKS_ALL,aggregate,all,2013-03-31,M,611.858,fred,2026-09-07T17:18:12Z
bank_card_loans_sa,COMBANKS_ALL,aggregate,all,2013-04-03,W,612.0935,fred,2026-09-07T17:18:12Z
bank_card_loans_sa,COMBANKS_ALL,aggregate,all,2013-04-10,W,611.8154,fred,2026-09-07T17:18:12Z
bank_card_loans_sa,COMBANKS_ALL,aggregate,all,2013-04-17,W,611.9468,fred,2026-09-07T17:18:12Z
bank_card_loans_sa,COMBANKS_ALL,aggregate,all,2013-04-24,W,611.4801,fred,2026-09-07T17:18:12Z
bank_card_loans_sa,COMBANKS_ALL,aggregate,all,2013-04-30,M,611.7722,fred,2026-09-07T17:18:12Z
bank_card_loans_sa,COMBANKS_ALL,aggregate,all,2013-05-01,W,611.6984,fred,2026-09-07T17:18:12Z
bank_card_loans_sa,COMBANKS_ALL,aggregate,all,2013-05-08,W,612.014,fred,2026-09-07T17:18:12Z
bank_card_loans_sa,COMBANKS_ALL,aggregate,all,2013-05-15,W,612.1767,fred,2026-09-07T17:18:12Z
bank_card_loans_sa,COMBANKS_ALL,aggregate,all,2013-05-22,W,613.1708,fred,2026-09-07T17:18:12Z
bank_card_loans_sa,COMBANKS_ALL,aggregate,all,2013-05-29,W,614.6029,fred,2026-09-07T17:18:12Z
bank_card_loans_sa,COMBANKS_ALL,aggregate,all,2013-05-31,M,613.0562,fred,2026-09-07T17:18:12Z
bank_card_loans_sa,COMBANKS_ALL,aggregate,all,2013-06-05,W,614.6459,fred,2026-09-07T17:18:12Z
bank_card_loans_sa,COMBANKS_ALL,aggregate,all,2013-06-12,W,615.5033,fred,2026-09-07T17:18:12Z
bank_card_loans_sa,COMBANKS_ALL,aggregate,all,2013-06-19,W,615.5015,fred,2026-09-07T17:18:12Z
bank_card_loans_sa,COMBANKS_ALL,aggregate,all,2013-06-26,W,615.2804,fred,2026-09-07T17:18:12Z
bank_card_loans_sa,COMBANKS_ALL,aggregate,all,2013-06-30,M,615.0271,fred,2026-09-07T17:18:12Z
bank_card_loans_sa,COMBANKS_ALL,aggregate,all,2013-07-03,W,613.3964,fred,2026-09-07T17:18:12Z
bank_card_loans_sa,COMBANKS_ALL,aggregate,all,2013-07-10,W,613.5402,fred,2026-09-07T17:18:12Z
bank_card_loans_sa,COMBANKS_ALL,aggregate,all,2013-07-17,W,612.2635,fred,2026-09-07T17:18:12Z
bank_card_loans_sa,COMBANKS_ALL,aggregate,all,2013-07-24,W,611.0039,fred,2026-09-07T17:18:12Z
bank_card_loans_sa,COMBANKS_ALL,aggregate,all,2013-07-31,M,612.1871,fred,2026-09-07T17:18:12Z
bank_card_loans_sa,COMBANKS_ALL,aggregate,all,2013-07-31,W,611.4226,fred,2026-09-07T17:18:12Z
bank_card_loans_sa,COMBANKS_ALL,aggregate,all,2013-08-07,W,611.8047,fred,2026-09-07T17:18:12Z
bank_card_loans_sa,COMBANKS_ALL,aggregate,all,2013-08-14,W,612.5267,fred,2026-09-07T17:18:12Z
bank_card_loans_sa,COMBANKS_ALL,aggregate,all,2013-08-21,W,612.4804,fred,2026-09-07T17:18:12Z
bank_card_loans_sa,COMBANKS_ALL,aggregate,all,2013-08-28,W,612.6934,fred,2026-09-07T17:18:12Z
bank_card_loans_sa,COMBANKS_ALL,aggregate,all,2013-08-31,M,612.465,fred,2026-09-07T17:18:12Z
bank_card_loans_sa,COMBANKS_ALL,aggregate,all,2013-09-04,W,613.2924,fred,2026-09-07T17:18:12Z
bank_card_loans_sa,COMBANKS_ALL,aggregate,all,2013-09-11,W,612.4918,fred,2026-09-07T17:18:12Z
bank_card_loans_sa,COMBANKS_ALL,aggregate,all,2013-09-18,W,612.2155,fred,2026-09-07T17:18:12Z
bank_card_loans_sa,COMBANKS_ALL,aggregate,all,2013-09-25,W,612.1345,fred,2026-09-07T17:18:12Z
bank_card_loans_sa,COMBANKS_ALL,aggregate,all,2013-09-30,M,612.564,fred,2026-09-07T17:18:12Z
bank_card_loans_sa,COMBANKS_ALL,aggregate,all,2013-10-02,W,613.1714,fred,2026-09-07T17:18:12Z
bank_card_loans_sa,COMBANKS_ALL,aggregate,all,2013-10-09,W,612.3564,fred,2026-09-07T17:18:12Z
bank_card_loans_sa,COMBANKS_ALL,aggregate,all,2013-10-16,W,612.9348,fred,2026-09-07T17:18:12Z
bank_card_loans_sa,COMBANKS_ALL,aggregate,all,2013-10-23,W,613.0677,fred,2026-09-07T17:18:12Z
bank_card_loans_sa,COMBANKS_ALL,aggregate,all,2013-10-30,W,614.9359,fred,2026-09-07T17:18:12Z
bank_card_loans_sa,COMBANKS_ALL,aggregate,all,2013-10-31,M,613.3534,fred,2026-09-07T17:18:12Z
bank_card_loans_sa,COMBANKS_ALL,aggregate,all,2013-11-06,W,614.5479,fred,2026-09-07T17:18:12Z
bank_card_loans_sa,COMBANKS_ALL,aggregate,all,2013-11-13,W,615.1271,fred,2026-09-07T17:18:12Z
bank_card_loans_sa,COMBANKS_ALL,aggregate,all,2013-11-20,W,598.6574,fred,2026-09-07T17:18:12Z
bank_card_loans_sa,COMBANKS_ALL,aggregate,all,2013-11-27,W,597.4303,fred,2026-09-07T17:18:12Z
bank_card_loans_sa,COMBANKS_ALL,aggregate,all,2013-11-30,M,605.4407,fred,2026-09-07T17:18:12Z
bank_card_loans_sa,COMBANKS_ALL,aggregate,all,2013-12-04,W,599.1432,fred,2026-09-07T17:18:12Z
bank_card_loans_sa,COMBANKS_ALL,aggregate,all,2013-12-11,W,599.6704,fred,2026-09-07T17:18:12Z
bank_card_loans_sa,COMBANKS_ALL,aggregate,all,2013-12-18,W,599.3737,fred,2026-09-07T17:18:12Z
bank_card_loans_sa,COMBANKS_ALL,aggregate,all,2013-12-25,W,600.7265,fred,2026-09-07T17:18:12Z
bank_card_loans_sa,COMBANKS_ALL,aggregate,all,2013-12-31,M,599.7743,fred,2026-09-07T17:18:12Z
bank_card_loans_sa,COMBANKS_ALL,aggregate,all,2014-01-01,W,599.6726,fred,2026-09-07T17:18:12Z
bank_card_loans_sa,COMBANKS_ALL,aggregate,all,2014-01-08,W,600.2564,fred,2026-09-07T17:18:12Z
bank_card_loans_sa,COMBANKS_ALL,aggregate,all,2014-01-15,W,599.0153,fred,2026-09-07T17:18:12Z
bank_card_loans_sa,COMBANKS_ALL,aggregate,all,2014-01-22,W,599.8008,fred,2026-09-07T17:18:12Z
bank_card_loans_sa,COMBANKS_ALL,aggregate,all,2014-01-29,W,601.1313,fred,2026-09-07T17:18:12Z
bank_card_loans_sa,COMBANKS_ALL,aggregate,all,2014-01-31,M,600.1404,fred,2026-09-07T17:18:12Z
bank_card_loans_sa,COMBANKS_ALL,aggregate,all,2014-02-05,W,601.627,fred,2026-09-07T17:18:12Z
bank_card_loans_sa,COMBANKS_ALL,aggregate,all,2014-02-12,W,601.2537,fred,2026-09-07T17:18:12Z
bank_card_loans_sa,COMBANKS_ALL,aggregate,all,2014-02-19,W,602.9713,fred,2026-09-07T17:18:12Z
bank_card_loans_sa,COMBANKS_ALL,aggregate,all,2014-02-26,W,603.4586,fred,2026-09-07T17:18:12Z
bank_card_loans_sa,COMBANKS_ALL,aggregate,all,2014-02-28,M,602.4351,fred,2026-09-07T17:18:12Z
bank_card_loans_sa,COMBANKS_ALL,aggregate,all,2014-03-05,W,603.1316,fred,2026-09-07T17:18:12Z
bank_card_loans_sa,COMBANKS_ALL,aggregate,all,2014-03-12,W,603.5118,fred,2026-09-07T17:18:12Z
bank_card_loans_sa,COMBANKS_ALL,aggregate,all,2014-03-19,W,604.4637,fred,2026-09-07T17:18:12Z
bank_card_loans_sa,COMBANKS_ALL,aggregate,all,2014-03-26,W,604.4088,fred,2026-09-07T17:18:12Z
bank_card_loans_sa,COMBANKS_ALL,aggregate,all,2014-03-31,M,603.9335,fred,2026-09-07T17:18:12Z
bank_card_loans_sa,COMBANKS_ALL,aggregate,all,2014-04-02,W,603.9184,fred,2026-09-07T17:18:12Z
bank_card_loans_sa,COMBANKS_ALL,aggregate,all,2014-04-09,W,604.7824,fred,2026-09-07T17:18:12Z
bank_card_loans_sa,COMBANKS_ALL,aggregate,all,2014-04-16,W,606.3211,fred,2026-09-07T17:18:12Z
bank_card_loans_sa,COMBANKS_ALL,aggregate,all,2014-04-23,W,606.9446,fred,2026-09-07T17:18:12Z
bank_card_loans_sa,COMBANKS_ALL,aggregate,all,2014-04-30,M,606.3678,fred,2026-09-07T17:18:12Z
bank_card_loans_sa,COMBANKS_ALL,aggregate,all,2014-04-30,W,608.123,fred,2026-09-07T17:18:12Z
bank_card_loans_sa,COMBANKS_ALL,aggregate,all,2014-05-07,W,608.4965,fred,2026-09-07T17:18:12Z
bank_card_loans_sa,COMBANKS_ALL,aggregate,all,2014-05-14,W,610.0749,fred,2026-09-07T17:18:12Z
bank_card_loans_sa,COMBANKS_ALL,aggregate,all,2014-05-21,W,609.8444,fred,2026-09-07T17:18:12Z
bank_card_loans_sa,COMBANKS_ALL,aggregate,all,2014-05-28,W,609.9547,fred,2026-09-07T17:18:12Z
bank_card_loans_sa,COMBANKS_ALL,aggregate,all,2014-05-31,M,609.6703,fred,2026-09-07T17:18:12Z
bank_card_loans_sa,COMBANKS_ALL,aggregate,all,2014-06-04,W,610.3958,fred,2026-09-07T17:18:12Z
bank_card_loans_sa,COMBANKS_ALL,aggregate,all,2014-06-11,W,611.7479,fred,2026-09-07T17:18:12Z
bank_card_loans_sa,COMBANKS_ALL,aggregate,all,2014-06-18,W,611.4836,fred,2026-09-07T17:18:12Z
bank_card_loans_sa,COMBANKS_ALL,aggregate,all,2014-06-25,W,610.8018,fred,2026-09-07T17:18:12Z
bank_card_loans_sa,COMBANKS_ALL,aggregate,all,2014-06-30,M,611.2323,fred,2026-09-07T17:18:12Z
bank_card_loans_sa,COMBANKS_ALL,aggregate,all,2014-07-02,W,611.4305,fred,2026-09-07T17:18:12Z
bank_card_loans_sa,COMBANKS_ALL,aggregate,all,2014-07-09,W,612.6611,fred,2026-09-07T17:18:12Z
bank_card_loans_sa,COMBANKS_ALL,aggregate,all,2014-07-16,W,612.8764,fred,2026-09-07T17:18:12Z
bank_card_loans_sa,COMBANKS_ALL,aggregate,all,2014-07-23,W,613.1205,fred,2026-09-07T17:18:12Z
bank_card_loans_sa,COMBANKS_ALL,aggregate,all,2014-07-30,W,614.7014,fred,2026-09-07T17:18:12Z
bank_card_loans_sa,COMBANKS_ALL,aggregate,all,2014-07-31,M,613.2459,fred,2026-09-07T17:18:12Z
bank_card_loans_sa,COMBANKS_ALL,aggregate,all,2014-08-06,W,614.2465,fred,2026-09-07T17:18:12Z
bank_card_loans_sa,COMBANKS_ALL,aggregate,all,2014-08-13,W,615.2903,fred,2026-09-07T17:18:12Z
bank_card_loans_sa,COMBANKS_ALL,aggregate,all,2014-08-20,W,615.9554,fred,2026-09-07T17:18:12Z
bank_card_loans_sa,COMBANKS_ALL,aggregate,all,2014-08-27,W,616.4438,fred,2026-09-07T17:18:12Z
bank_card_loans_sa,COMBANKS_ALL,aggregate,all,2014-08-31,M,615.9203,fred,2026-09-07T17:18:12Z
bank_card_loans_sa,COMBANKS_ALL,aggregate,all,2014-09-03,W,618.5558,fred,2026-09-07T17:18:12Z
bank_card_loans_sa,COMBANKS_ALL,aggregate,all,2014-09-10,W,617.5752,fred,2026-09-07T17:18:12Z
bank_card_loans_sa,COMBANKS_ALL,aggregate,all,2014-09-17,W,617.8836,fred,2026-09-07T17:18:12Z
bank_card_loans_sa,COMBANKS_ALL,aggregate,all,2014-09-24,W,617.7438,fred,2026-09-07T17:18:12Z
bank_card_loans_sa,COMBANKS_ALL,aggregate,all,2014-09-30,M,618.0861,fred,2026-09-07T17:18:12Z
bank_card_loans_sa,COMBANKS_ALL,aggregate,all,2014-10-01,W,619.0828,fred,2026-09-07T17:18:12Z
bank_card_loans_sa,COMBANKS_ALL,aggregate,all,2014-10-08,W,617.7178,fred,2026-09-07T17:18:12Z
bank_card_loans_sa,COMBANKS_ALL,aggregate,all,2014-10-15,W,617.8587,fred,2026-09-07T17:18:12Z
bank_card_loans_sa,COMBANKS_ALL,aggregate,all,2014-10-22,W,618.7586,fred,2026-09-07T17:18:12Z
bank_card_loans_sa,COMBANKS_ALL,aggregate,all,2014-10-29,W,619.052,fred,2026-09-07T17:18:12Z
bank_card_loans_sa,COMBANKS_ALL,aggregate,all,2014-10-31,M,618.4658,fred,2026-09-07T17:18:12Z
bank_card_loans_sa,COMBANKS_ALL,aggregate,all,2014-11-05,W,619.8229,fred,2026-09-07T17:18:12Z
bank_card_loans_sa,COMBANKS_ALL,aggregate,all,2014-11-12,W,622.0713,fred,2026-09-07T17:18:12Z
bank_card_loans_sa,COMBANKS_ALL,aggregate,all,2014-11-19,W,622.5011,fred,2026-09-07T17:18:12Z
bank_card_loans_sa,COMBANKS_ALL,aggregate,all,2014-11-26,W,620.7682,fred,2026-09-07T17:18:12Z
bank_card_loans_sa,COMBANKS_ALL,aggregate,all,2014-11-30,M,621.349,fred,2026-09-07T17:18:12Z
bank_card_loans_sa,COMBANKS_ALL,aggregate,all,2014-12-03,W,620.9932,fred,2026-09-07T17:18:12Z
bank_card_loans_sa,COMBANKS_ALL,aggregate,all,2014-12-10,W,623.0518,fred,2026-09-07T17:18:12Z
bank_card_loans_sa,COMBANKS_ALL,aggregate,all,2014-12-17,W,622.2672,fred,2026-09-07T17:18:12Z
bank_card_loans_sa,COMBANKS_ALL,aggregate,all,2014-12-24,W,625.0333,fred,2026-09-07T17:18:12Z
bank_card_loans_sa,COMBANKS_ALL,aggregate,all,2014-12-31,M,623.14,fred,2026-09-07T17:18:12Z
bank_card_loans_sa,COMBANKS_ALL,aggregate,all,2014-12-31,W,623.1278,fred,2026-09-07T17:18:12Z
bank_card_loans_sa,COMBANKS_ALL,aggregate,all,2015-01-07,W,624.6786,fred,2026-09-07T17:18:12Z
bank_card_loans_sa,COMBANKS_ALL,aggregate,all,2015-01-14,W,625.8816,fred,2026-09-07T17:18:12Z
bank_card_loans_sa,COMBANKS_ALL,aggregate,all,2015-01-21,W,625.6348,fred,2026-09-07T17:18:12Z
bank_card_loans_sa,COMBANKS_ALL,aggregate,all,2015-01-28,W,625.7038,fred,2026-09-07T17:18:12Z
bank_card_loans_sa,COMBANKS_ALL,aggregate,all,2015-01-31,M,625.4897,fred,2026-09-07T17:18:12Z
bank_card_loans_sa,COMBANKS_ALL,aggregate,all,2015-02-04,W,625.6293,fred,2026-09-07T17:18:12Z
bank_card_loans_sa,COMBANKS_ALL,aggregate,all,2015-02-11,W,627.3898,fred,2026-09-07T17:18:12Z
bank_card_loans_sa,COMBANKS_ALL,aggregate,all,2015-02-18,W,627.3118,fred,2026-09-07T17:18:12Z
bank_card_loans_sa,COMBANKS_ALL,aggregate,all,2015-02-25,W,625.2241,fred,2026-09-07T17:18:12Z
bank_card_loans_sa,COMBANKS_ALL,aggregate,all,2015-02-28,M,626.4068,fred,2026-09-07T17:18:12Z
bank_card_loans_sa,COMBANKS_ALL,aggregate,all,2015-03-04,W,625.7979,fred,2026-09-07T17:18:12Z
bank_card_loans_sa,COMBANKS_ALL,aggregate,all,2015-03-11,W,626.199,fred,2026-09-07T17:18:12Z
bank_card_loans_sa,COMBANKS_ALL,aggregate,all,2015-03-18,W,626.5726,fred,2026-09-07T17:18:12Z
bank_card_loans_sa,COMBANKS_ALL,aggregate,all,2015-03-25,W,627.6217,fred,2026-09-07T17:18:12Z
bank_card_loans_sa,COMBANKS_ALL,aggregate,all,2015-03-31,M,627.4219,fred,2026-09-07T17:18:12Z
bank_card_loans_sa,COMBANKS_ALL,aggregate,all,2015-04-01,W,630.689,fred,2026-09-07T17:18:12Z
bank_card_loans_sa,COMBANKS_ALL,aggregate,all,2015-04-08,W,631.6518,fred,2026-09-07T17:18:12Z
bank_card_loans_sa,COMBANKS_ALL,aggregate,all,2015-04-15,W,631.4982,fred,2026-09-07T17:18:12Z
bank_card_loans_sa,COMBANKS_ALL,aggregate,all,2015-04-22,W,632.1817,fred,2026-09-07T17:18:12Z
bank_card_loans_sa,COMBANKS_ALL,aggregate,all,2015-04-29,W,633.6625,fred,2026-09-07T17:18:12Z
bank_card_loans_sa,COMBANKS_ALL,aggregate,all,2015-04-30,M,632.2508,fred,2026-09-07T17:18:12Z
bank_card_loans_sa,COMBANKS_ALL,aggregate,all,2015-05-06,W,633.8753,fred,2026-09-07T17:18:12Z
bank_card_loans_sa,COMBANKS_ALL,aggregate,all,2015-05-13,W,634.7318,fred,2026-09-07T17:18:12Z
bank_card_loans_sa,COMBANKS_ALL,aggregate,all,2015-05-20,W,634.5487,fred,2026-09-07T17:18:12Z
bank_card_loans_sa,COMBANKS_ALL,aggregate,all,2015-05-27,W,634.7358,fred,2026-09-07T17:18:12Z
bank_card_loans_sa,COMBANKS_ALL,aggregate,all,2015-05-31,M,634.5115,fred,2026-09-07T17:18:12Z
bank_card_loans_sa,COMBANKS_ALL,aggregate,all,2015-06-03,W,634.6229,fred,2026-09-07T17:18:12Z
bank_card_loans_sa,COMBANKS_ALL,aggregate,all,2015-06-10,W,636.2629,fred,2026-09-07T17:18:12Z
bank_card_loans_sa,COMBANKS_ALL,aggregate,all,2015-06-17,W,635.726,fred,2026-09-07T17:18:12Z
bank_card_loans_sa,COMBANKS_ALL,aggregate,all,2015-06-24,W,637.8691,fred,2026-09-07T17:18:12Z
bank_card_loans_sa,COMBANKS_ALL,aggregate,all,2015-06-30,M,636.8489,fred,2026-09-07T17:18:12Z
bank_card_loans_sa,COMBANKS_ALL,aggregate,all,2015-07-01,W,638.7652,fred,2026-09-07T17:18:12Z
bank_card_loans_sa,COMBANKS_ALL,aggregate,all,2015-07-08,W,639.7917,fred,2026-09-07T17:18:12Z
bank_card_loans_sa,COMBANKS_ALL,aggregate,all,2015-07-15,W,639.7668,fred,2026-09-07T17:18:12Z
bank_card_loans_sa,COMBANKS_ALL,aggregate,all,2015-07-22,W,641.1355,fred,2026-09-07T17:18:12Z
bank_card_loans_sa,COMBANKS_ALL,aggregate,all,2015-07-29,W,642.5439,fred,2026-09-07T17:18:12Z
bank_card_loans_sa,COMBANKS_ALL,aggregate,all,2015-07-31,M,640.9499,fred,2026-09-07T17:18:12Z
bank_card_loans_sa,COMBANKS_ALL,aggregate,all,2015-08-05,W,644.0076,fred,2026-09-07T17:18:12Z
bank_card_loans_sa,COMBANKS_ALL,aggregate,all,2015-08-12,W,645.0815,fred,2026-09-07T17:18:12Z
bank_card_loans_sa,COMBANKS_ALL,aggregate,all,2015-08-19,W,646.0132,fred,2026-09-07T17:18:12Z
bank_card_loans_sa,COMBANKS_ALL,aggregate,all,2015-08-26,W,645.8706,fred,2026-09-07T17:18:12Z
bank_card_loans_sa,COMBANKS_ALL,aggregate,all,2015-08-31,M,645.6245,fred,2026-09-07T17:18:12Z
bank_card_loans_sa,COMBANKS_ALL,aggregate,all,2015-09-02,W,647.1127,fred,2026-09-07T17:18:12Z
bank_card_loans_sa,COMBANKS_ALL,aggregate,all,2015-09-09,W,649.5417,fred,2026-09-07T17:18:12Z
bank_card_loans_sa,COMBANKS_ALL,aggregate,all,2015-09-16,W,649.0293,fred,2026-09-07T17:18:12Z
bank_card_loans_sa,COMBANKS_ALL,aggregate,all,2015-09-23,W,649.0087,fred,2026-09-07T17:18:12Z
bank_card_loans_sa,COMBANKS_ALL,aggregate,all,2015-09-30,M,649.5991,fred,2026-09-07T17:18:12Z
bank_card_loans_sa,COMBANKS_ALL,aggregate,all,2015-09-30,W,651.5268,fred,2026-09-07T17:18:12Z
bank_card_loans_sa,COMBANKS_ALL,aggregate,all,2015-10-07,W,652.8085,fred,2026-09-07T17:18:12Z
bank_card_loans_sa,COMBANKS_ALL,aggregate,all,2015-10-14,W,653.8477,fred,2026-09-07T17:18:12Z
bank_card_loans_sa,COMBANKS_ALL,aggregate,all,2015-10-21,W,654.1396,fred,2026-09-07T17:18:12Z
bank_card_loans_sa,COMBANKS_ALL,aggregate,all,2015-10-28,W,653.5381,fred,2026-09-07T17:18:12Z
bank_card_loans_sa,COMBANKS_ALL,aggregate,all,2015-10-31,M,653.718,fred,2026-09-07T17:18:12Z
bank_card_loans_sa,COMBANKS_ALL,aggregate,all,2015-11-04,W,654.9731,fred,2026-09-07T17:18:12Z
bank_card_loans_sa,COMBANKS_ALL,aggregate,all,2015-11-11,W,655.3756,fred,2026-09-07T17:18:12Z
bank_card_loans_sa,COMBANKS_ALL,aggregate,all,2015-11-18,W,656.4865,fred,2026-09-07T17:18:12Z
bank_card_loans_sa,COMBANKS_ALL,aggregate,all,2015-11-25,W,656.3664,fred,2026-09-07T17:18:12Z
bank_card_loans_sa,COMBANKS_ALL,aggregate,all,2015-11-30,M,656.063,fred,2026-09-07T17:18:12Z
bank_card_loans_sa,COMBANKS_ALL,aggregate,all,2015-12-02,W,656.8795,fred,2026-09-07T17:18:12Z
bank_card_loans_sa,COMBANKS_ALL,aggregate,all,2015-12-09,W,658.2216,fred,2026-09-07T17:18:12Z
bank_card_loans_sa,COMBANKS_ALL,aggregate,all,2015-12-16,W,658.6992,fred,2026-09-07T17:18:12Z
bank_card_loans_sa,COMBANKS_ALL,aggregate,all,2015-12-23,W,659.479,fred,2026-09-07T17:18:12Z
bank_card_loans_sa,COMBANKS_ALL,aggregate,all,2015-12-30,W,660.3418,fred,2026-09-07T17:18:12Z
bank_card_loans_sa,COMBANKS_ALL,aggregate,all,2015-12-31,M,659.1872,fred,2026-09-07T17:18:12Z
bank_card_loans_sa,COMBANKS_ALL,aggregate,all,2016-01-06,W,663.8539,fred,2026-09-07T17:18:12Z
bank_card_loans_sa,COMBANKS_ALL,aggregate,all,2016-01-13,W,663.6963,fred,2026-09-07T17:18:12Z
bank_card_loans_sa,COMBANKS_ALL,aggregate,all,2016-01-20,W,665.0654,fred,2026-09-07T17:18:12Z
bank_card_loans_sa,COMBANKS_ALL,aggregate,all,2016-01-27,W,663.72,fred,2026-09-07T17:18:12Z
bank_card_loans_sa,COMBANKS_ALL,aggregate,all,2016-01-31,M,664.0929,fred,2026-09-07T17:18:12Z
bank_card_loans_sa,COMBANKS_ALL,aggregate,all,2016-02-03,W,664.0963,fred,2026-09-07T17:18:12Z
bank_card_loans_sa,COMBANKS_ALL,aggregate,all,2016-02-10,W,664.597,fred,2026-09-07T17:18:12Z
bank_card_loans_sa,COMBANKS_ALL,aggregate,all,2016-02-17,W,664.647,fred,2026-09-07T17:18:12Z
bank_card_loans_sa,COMBANKS_ALL,aggregate,all,2016-02-24,W,663.7507,fred,2026-09-07T17:18:12Z
bank_card_loans_sa,COMBANKS_ALL,aggregate,all,2016-02-29,M,664.4579,fred,2026-09-07T17:18:12Z
bank_card_loans_sa,COMBANKS_ALL,aggregate,all,2016-03-02,W,665.2052,fred,2026-09-07T17:18:12Z
bank_card_loans_sa,COMBANKS_ALL,aggregate,all,2016-03-09,W,669.2803,fred,2026-09-07T17:18:12Z
bank_card_loans_sa,COMBANKS_ALL,aggregate,all,2016-03-16,W,669.9409,fred,2026-09-07T17:18:12Z
bank_card_loans_sa,COMBANKS_ALL,aggregate,all,2016-03-23,W,671.817,fred,2026-09-07T17:18:12Z
bank_card_loans_sa,COMBANKS_ALL,aggregate,all,2016-03-30,W,674.454,fred,2026-09-07T17:18:12Z
bank_card_loans_sa,COMBANKS_ALL,aggregate,all,2016-03-31,M,671.0599,fred,2026-09-07T17:18:12Z
bank_card_loans_sa,COMBANKS_ALL,aggregate,all,2016-04-06,W,673.9999,fred,2026-09-07T17:18:12Z
bank_card_loans_sa,COMBANKS_ALL,aggregate,all,2016-04-13,W,673.2547,fred,2026-09-07T17:18:12Z
bank_card_loans_sa,COMBANKS_ALL,aggregate,all,2016-04-20,W,675.0608,fred,2026-09-07T17:18:12Z
bank_card_loans_sa,COMBANKS_ALL,aggregate,all,2016-04-27,W,675.8576,fred,2026-09-07T17:18:12Z
bank_card_loans_sa,COMBANKS_ALL,aggregate,all,2016-04-30,M,674.7926,fred,2026-09-07T17:18:12Z
bank_card_loans_sa,COMBANKS_ALL,aggregate,all,2016-05-04,W,676.8557,fred,2026-09-07T17:18:12Z
bank_card_loans_sa,COMBANKS_ALL,aggregate,all,2016-05-11,W,676.9163,fred,2026-09-07T17:18:12Z
bank_card_loans_sa,COMBANKS_ALL,aggregate,all,2016-05-18,W,678.2651,fred,2026-09-07T17:18:12Z
bank_card_loans_sa,COMBANKS_ALL,aggregate,all,2016-05-25,W,677.3472,fred,2026-09-07T17:18:12Z
bank_card_loans_sa,COMBANKS_ALL,aggregate,all,2016-05-31,M,677.8195,fred,2026-09-07T17:18:12Z
bank_card_loans_sa,COMBANKS_ALL,aggregate,all,2016-06-01,W,679.5468,fred,2026-09-07T17:18:12Z
bank_card_loans_sa,COMBANKS_ALL,aggregate,all,2016-06-08,W,681.3894,fred,2026-09-07T17:18:12Z
bank_card_loans_sa,COMBANKS_ALL,aggregate,all,2016-06-15,W,682.438,fred,2026-09-07T17:18:12Z
bank_card_loans_sa,COMBANKS_ALL,aggregate,all,2016-06-22,W,692.0324,fred,2026-09-07T17:18:12Z
bank_card_loans_sa,COMBANKS_ALL,aggregate,all,2016-06-29,W,693.6482,fred,2026-09-07T17:18:12Z
bank_card_loans_sa,COMBANKS_ALL,aggregate,all,2016-06-30,M,687.3858,fred,2026-09-07T17:18:12Z
bank_card_loans_sa,COMBANKS_ALL,aggregate,all,2016-07-06,W,695.4703,fred,2026-09-07T17:18:12Z
bank_card_loans_sa,COMBANKS_ALL,aggregate,all,2016-07-13,W,695.7986,fred,2026-09-07T17:18:12Z
bank_card_loans_sa,COMBANKS_ALL,aggregate,all,2016-07-20,W,697.1102,fred,2026-09-07T17:18:12Z
bank_card_loans_sa,COMBANKS_ALL,aggregate,all,2016-07-27,W,697.1286,fred,2026-09-07T17:18:12Z
bank_card_loans_sa,COMBANKS_ALL,aggregate,all,2016-07-31,M,696.6698,fred,2026-09-07T17:18:12Z
bank_card_loans_sa,COMBANKS_ALL,aggregate,all,2016-08-03,W,698.42,fred,2026-09-07T17:18:12Z
bank_card_loans_sa,COMBANKS_ALL,aggregate,all,2016-08-10,W,699.8047,fred,2026-09-07T17:18:12Z
bank_card_loans_sa,COMBANKS_ALL,aggregate,all,2016-08-17,W,700.6518,fred,2026-09-07T17:18:12Z
bank_card_loans_sa,COMBANKS_ALL,aggregate,all,2016-08-24,W,701.3476,fred,2026-09-07T17:18:12Z
bank_card_loans_sa,COMBANKS_ALL,aggregate,all,2016-08-31,M,700.6053,fred,2026-09-07T17:18:12Z
bank_card_loans_sa,COMBANKS_ALL,aggregate,all,2016-08-31,W,701.5539,fred,2026-09-07T17:18:12Z
bank_card_loans_sa,COMBANKS_ALL,aggregate,all,2016-09-07,W,702.5979,fred,2026-09-07T17:18:12Z
bank_card_loans_sa,COMBANKS_ALL,aggregate,all,2016-09-14,W,702.9238,fred,2026-09-07T17:18:12Z
bank_card_loans_sa,COMBANKS_ALL,aggregate,all,2016-09-21,W,703.422,fred,2026-09-07T17:18:12Z
bank_card_loans_sa,COMBANKS_ALL,aggregate,all,2016-09-28,W,704.3087,fred,2026-09-07T17:18:12Z
bank_card_loans_sa,COMBANKS_ALL,aggregate,all,2016-09-30,M,703.5185,fred,2026-09-07T17:18:12Z
bank_card_loans_sa,COMBANKS_ALL,aggregate,all,2016-10-05,W,706.3936,fred,2026-09-07T17:18:12Z
bank_card_loans_sa,COMBANKS_ALL,aggregate,all,2016-10-12,W,706.2172,fred,2026-09-07T17:18:12Z
bank_card_loans_sa,COMBANKS_ALL,aggregate,all,2016-10-19,W,706.8626,fred,2026-09-07T17:18:12Z
bank_card_loans_sa,COMBANKS_ALL,aggregate,all,2016-10-26,W,705.5429,fred,2026-09-07T17:18:12Z
bank_card_loans_sa,COMBANKS_ALL,aggregate,all,2016-10-31,M,706.3086,fred,2026-09-07T17:18:12Z
bank_card_loans_sa,COMBANKS_ALL,aggregate,all,2016-11-02,W,706.648,fred,2026-09-07T17:18:12Z
bank_card_loans_sa,COMBANKS_ALL,aggregate,all,2016-11-09,W,706.7202,fred,2026-09-07T17:18:12Z
bank_card_loans_sa,COMBANKS_ALL,aggregate,all,2016-11-16,W,706.5675,fred,2026-09-07T17:18:12Z
bank_card_loans_sa,COMBANKS_ALL,aggregate,all,2016-11-23,W,707.3287,fred,2026-09-07T17:18:12Z
bank_card_loans_sa,COMBANKS_ALL,aggregate,all,2016-11-30,M,708.0657,fred,2026-09-07T17:18:12Z
bank_card_loans_sa,COMBANKS_ALL,aggregate,all,2016-11-30,W,712.0514,fred,2026-09-07T17:18:12Z
bank_card_loans_sa,COMBANKS_ALL,aggregate,all,2016-12-07,W,711.6852,fred,2026-09-07T17:18:12Z
bank_card_loans_sa,COMBANKS_ALL,aggregate,all,2016-12-14,W,712.6783,fred,2026-09-07T17:18:12Z
bank_card_loans_sa,COMBANKS_ALL,aggregate,all,2016-12-21,W,711.871,fred,2026-09-07T17:18:12Z
bank_card_loans_sa,COMBANKS_ALL,aggregate,all,2016-12-28,W,712.43,fred,2026-09-07T17:18:12Z
bank_card_loans_sa,COMBANKS_ALL,aggregate,all,2016-12-31,M,712.3762,fred,2026-09-07T17:18:12Z
bank_card_loans_sa,COMBANKS_ALL,aggregate,all,2017-01-04,W,714.3363,fred,2026-09-07T17:18:12Z
bank_card_loans_sa,COMBANKS_ALL,aggregate,all,2017-01-11,W,712.731,fred,2026-09-07T17:18:12Z
bank_card_loans_sa,COMBANKS_ALL,aggregate,all,2017-01-18,W,714.5849,fred,2026-09-07T17:18:12Z
bank_card_loans_sa,COMBANKS_ALL,aggregate,all,2017-01-25,W,712.81,fred,2026-09-07T17:18:12Z
bank_card_loans_sa,COMBANKS_ALL,aggregate,all,2017-01-31,M,713.6953,fred,2026-09-07T17:18:12Z
bank_card_loans_sa,COMBANKS_ALL,aggregate,all,2017-02-01,W,714.3879,fred,2026-09-07T17:18:12Z
bank_card_loans_sa,COMBANKS_ALL,aggregate,all,2017-02-08,W,715.2321,fred,2026-09-07T17:18:12Z
bank_card_loans_sa,COMBANKS_ALL,aggregate,all,2017-02-15,W,714.4587,fred,2026-09-07T17:18:12Z
bank_card_loans_sa,COMBANKS_ALL,aggregate,all,2017-02-22,W,715.7962,fred,2026-09-07T17:18:12Z
bank_card_loans_sa,COMBANKS_ALL,aggregate,all,2017-02-28,M,715.3776,fred,2026-09-07T17:18:12Z
bank_card_loans_sa,COMBANKS_ALL,aggregate,all,2017-03-01,W,716.2957,fred,2026-09-07T17:18:12Z
bank_card_loans_sa,COMBANKS_ALL,aggregate,all,2017-03-08,W,716.0416,fred,2026-09-07T17:18:12Z
bank_card_loans_sa,COMBANKS_ALL,aggregate,all,2017-03-15,W,716.1012,fred,2026-09-07T17:18:12Z
bank_card_loans_sa,COMBANKS_ALL,aggregate,all,2017-03-22,W,717.3735,fred,2026-09-07T17:18:12Z
bank_card_loans_sa,COMBANKS_ALL,aggregate,all,2017-03-29,W,717.3484,fred,2026-09-07T17:18:12Z
bank_card_loans_sa,COMBANKS_ALL,aggregate,all,2017-03-31,M,716.8023,fred,2026-09-07T17:18:12Z
bank_card_loans_sa,COMBANKS_ALL,aggregate,all,2017-04-05,W,718.2613,fred,2026-09-07T17:18:12Z
bank_card_loans_sa,COMBANKS_ALL,aggregate,all,2017-04-12,W,719.7916,fred,2026-09-07T17:18:12Z
bank_card_loans_sa,COMBANKS_ALL,aggregate,all,2017-04-19,W,718.841,fred,2026-09-07T17:18:12Z
bank_card_loans_sa,COMBANKS_ALL,aggregate,all,2017-04-26,W,717.7202,fred,2026-09-07T17:18:12Z
bank_card_loans_sa,COMBANKS_ALL,aggregate,all,2017-04-30,M,718.6925,fred,2026-09-07T17:18:12Z
bank_card_loans_sa,COMBANKS_ALL,aggregate,all,2017-05-03,W,718.75,fred,2026-09-07T17:18:12Z
bank_card_loans_sa,COMBANKS_ALL,aggregate,all,2017-05-10,W,718.4105,fred,2026-09-07T17:18:12Z
bank_card_loans_sa,COMBANKS_ALL,aggregate,all,2017-05-17,W,719.7046,fred,2026-09-07T17:18:12Z
bank_card_loans_sa,COMBANKS_ALL,aggregate,all,2017-05-24,W,721.0916,fred,2026-09-07T17:18:12Z
bank_card_loans_sa,COMBANKS_ALL,aggregate,all,2017-05-31,M,720.2576,fred,2026-09-07T17:18:12Z
bank_card_loans_sa,COMBANKS_ALL,aggregate,all,2017-05-31,W,722.4699,fred,2026-09-07T17:18:12Z
bank_card_loans_sa,COMBANKS_ALL,aggregate,all,2017-06-07,W,722.4492,fred,2026-09-07T17:18:12Z
bank_card_loans_sa,COMBANKS_ALL,aggregate,all,2017-06-14,W,723.4947,fred,2026-09-07T17:18:12Z
bank_card_loans_sa,COMBANKS_ALL,aggregate,all,2017-06-21,W,726.0407,fred,2026-09-07T17:18:12Z
bank_card_loans_sa,COMBANKS_ALL,aggregate,all,2017-06-28,W,725.7472,fred,2026-09-07T17:18:12Z
bank_card_loans_sa,COMBANKS_ALL,aggregate,all,2017-06-30,M,724.6436,fred,2026-09-07T17:18:12Z
bank_card_loans_sa,COMBANKS_ALL,aggregate,all,2017-07-05,W,727.5933,fred,2026-09-07T17:18:12Z
bank_card_loans_sa,COMBANKS_ALL,aggregate,all,2017-07-12,W,727.7345,fred,2026-09-07T17:18:12Z
bank_card_loans_sa,COMBANKS_ALL,aggregate,all,2017-07-19,W,727.8253,fred,2026-09-07T17:18:12Z
bank_card_loans_sa,COMBANKS_ALL,aggregate,all,2017-07-26,W,727.4282,fred,2026-09-07T17:18:12Z
bank_card_loans_sa,COMBANKS_ALL,aggregate,all,2017-07-31,M,727.7767,fred,2026-09-07T17:18:12Z
bank_card_loans_sa,COMBANKS_ALL,aggregate,all,2017-08-02,W,728.4393,fred,2026-09-07T17:18:12Z
bank_card_loans_sa,COMBANKS_ALL,aggregate,all,2017-08-09,W,730.2801,fred,2026-09-07T17:18:12Z
bank_card_loans_sa,COMBANKS_ALL,aggregate,all,2017-08-16,W,729.9468,fred,2026-09-07T17:18:12Z
bank_card_loans_sa,COMBANKS_ALL,aggregate,all,2017-08-23,W,731.4862,fred,2026-09-07T17:18:12Z
bank_card_loans_sa,COMBANKS_ALL,aggregate,all,2017-08-30,W,732.415,fred,2026-09-07T17:18:12Z
bank_card_loans_sa,COMBANKS_ALL,aggregate,all,2017-08-31,M,730.9469,fred,2026-09-07T17:18:12Z
bank_card_loans_sa,COMBANKS_ALL,aggregate,all,2017-09-06,W,733.5792,fred,2026-09-07T17:18:12Z
bank_card_loans_sa,COMBANKS_ALL,aggregate,all,2017-09-13,W,736.7853,fred,2026-09-07T17:18:12Z
bank_card_loans_sa,COMBANKS_ALL,aggregate,all,2017-09-20,W,737.9056,fred,2026-09-07T17:18:12Z
bank_card_loans_sa,COMBANKS_ALL,aggregate,all,2017-09-27,W,737.7255,fred,2026-09-07T17:18:12Z
bank_card_loans_sa,COMBANKS_ALL,aggregate,all,2017-09-30,M,736.9183,fred,2026-09-07T17:18:12Z
bank_card_loans_sa,COMBANKS_ALL,aggregate,all,2017-10-04,W,739.7196,fred,2026-09-07T17:18:12Z
bank_card_loans_sa,COMBANKS_ALL,aggregate,all,2017-10-11,W,739.6174,fred,2026-09-07T17:18:12Z
bank_card_loans_sa,COMBANKS_ALL,aggregate,all,2017-10-18,W,754.7645,fred,2026-09-07T17:18:12Z
bank_card_loans_sa,COMBANKS_ALL,aggregate,all,2017-10-25,W,754.2091,fred,2026-09-07T17:18:12Z
bank_card_loans_sa,COMBANKS_ALL,aggregate,all,2017-10-31,M,749.6693,fred,2026-09-07T17:18:12Z
bank_card_loans_sa,COMBANKS_ALL,aggregate,all,2017-11-01,W,756.7888,fred,2026-09-07T17:18:12Z
bank_card_loans_sa,COMBANKS_ALL,aggregate,all,2017-11-08,W,759.7921,fred,2026-09-07T17:18:12Z
bank_card_loans_sa,COMBANKS_ALL,aggregate,all,2017-11-15,W,760.2554,fred,2026-09-07T17:18:12Z
bank_card_loans_sa,COMBANKS_ALL,aggregate,all,2017-11-22,W,761.5134,fred,2026-09-07T17:18:12Z
bank_card_loans_sa,COMBANKS_ALL,aggregate,all,2017-11-29,W,765.1695,fred,2026-09-07T17:18:12Z
bank_card_loans_sa,COMBANKS_ALL,aggregate,all,2017-11-30,M,761.6043,fred,2026-09-07T17:18:12Z
bank_card_loans_sa,COMBANKS_ALL,aggregate,all,2017-12-06,W,764.2263,fred,2026-09-07T17:18:12Z
bank_card_loans_sa,COMBANKS_ALL,aggregate,all,2017-12-13,W,764.5481,fred,2026-09-07T17:18:12Z
bank_card_loans_sa,COMBANKS_ALL,aggregate,all,2017-12-20,W,765.0127,fred,2026-09-07T17:18:12Z
bank_card_loans_sa,COMBANKS_ALL,aggregate,all,2017-12-27,W,765.4728,fred,2026-09-07T17:18:12Z
bank_card_loans_sa,COMBANKS_ALL,aggregate,all,2017-12-31,M,765.2222,fred,2026-09-07T17:18:12Z
bank_card_loans_sa,COMBANKS_ALL,aggregate,all,2018-01-03,W,767.8237,fred,2026-09-07T17:18:12Z
bank_card_loans_sa,COMBANKS_ALL,aggregate,all,2018-01-10,W,768.3907,fred,2026-09-07T17:18:12Z
bank_card_loans_sa,COMBANKS_ALL,aggregate,all,2018-01-17,W,769.4872,fred,2026-09-07T17:18:12Z
bank_card_loans_sa,COMBANKS_ALL,aggregate,all,2018-01-24,W,767.2861,fred,2026-09-07T17:18:12Z
bank_card_loans_sa,COMBANKS_ALL,aggregate,all,2018-01-31,M,768.5383,fred,2026-09-07T17:18:12Z
bank_card_loans_sa,COMBANKS_ALL,aggregate,all,2018-01-31,W,769.2952,fred,2026-09-07T17:18:12Z
bank_card_loans_sa,COMBANKS_ALL,aggregate,all,2018-02-07,W,769.1514,fred,2026-09-07T17:18:12Z
bank_card_loans_sa,COMBANKS_ALL,aggregate,all,2018-02-14,W,769.5319,fred,2026-09-07T17:18:12Z
bank_card_loans_sa,COMBANKS_ALL,aggregate,all,2018-02-21,W,768.9435,fred,2026-09-07T17:18:12Z
bank_card_loans_sa,COMBANKS_ALL,aggregate,all,2018-02-28,M,769.2473,fred,2026-09-07T17:18:12Z
bank_card_loans_sa,COMBANKS_ALL,aggregate,all,2018-02-28,W,769.3626,fred,2026-09-07T17:18:12Z
bank_card_loans_sa,COMBANKS_ALL,aggregate,all,2018-03-07,W,770.9552,fred,2026-09-07T17:18:12Z
bank_card_loans_sa,COMBANKS_ALL,aggregate,all,2018-03-14,W,769.99,fred,2026-09-07T17:18:12Z
bank_card_loans_sa,COMBANKS_ALL,aggregate,all,2018-03-21,W,771.0349,fred,2026-09-07T17:18:12Z
bank_card_loans_sa,COMBANKS_ALL,aggregate,all,2018-03-28,W,771.8831,fred,2026-09-07T17:18:12Z
bank_card_loans_sa,COMBANKS_ALL,aggregate,all,2018-03-31,M,772.5802,fred,2026-09-07T17:18:12Z
bank_card_loans_sa,COMBANKS_ALL,aggregate,all,2018-04-04,W,787.6479,fred,2026-09-07T17:18:12Z
bank_card_loans_sa,COMBANKS_ALL,aggregate,all,2018-04-11,W,786.6003,fred,2026-09-07T17:18:12Z
bank_card_loans_sa,COMBANKS_ALL,aggregate,all,2018-04-18,W,786.1946,fred,2026-09-07T17:18:12Z
bank_card_loans_sa,COMBANKS_ALL,aggregate,all,2018-04-25,W,786.1669,fred,2026-09-07T17:18:12Z
bank_card_loans_sa,COMBANKS_ALL,aggregate,all,2018-04-30,M,786.5734,fred,2026-09-07T17:18:12Z
bank_card_loans_sa,COMBANKS_ALL,aggregate,all,2018-05-02,W,786.7755,fred,2026-09-07T17:18:12Z
bank_card_loans_sa,COMBANKS_ALL,aggregate,all,2018-05-09,W,787.6295,fred,2026-09-07T17:18:12Z
bank_card_loans_sa,COMBANKS_ALL,aggregate,all,2018-05-16,W,789.1632,fred,2026-09-07T17:18:12Z
bank_card_loans_sa,COMBANKS_ALL,aggregate,all,2018-05-23,W,790.5809,fred,2026-09-07T17:18:12Z
bank_card_loans_sa,COMBANKS_ALL,aggregate,all,2018-05-30,W,793.9502,fred,2026-09-07T17:18:12Z
bank_card_loans_sa,COMBANKS_ALL,aggregate,all,2018-05-31,M,790.2196,fred,2026-09-07T17:18:12Z
bank_card_loans_sa,COMBANKS_ALL,aggregate,all,2018-06-06,W,793.9904,fred,2026-09-07T17:18:12Z
bank_card_loans_sa,COMBANKS_ALL,aggregate,all,2018-06-13,W,794.9685,fred,2026-09-07T17:18:12Z
bank_card_loans_sa,COMBANKS_ALL,aggregate,all,2018-06-20,W,794.2966,fred,2026-09-07T17:18:12Z
bank_card_loans_sa,COMBANKS_ALL,aggregate,all,2018-06-27,W,793.7497,fred,2026-09-07T17:18:12Z
bank_card_loans_sa,COMBANKS_ALL,aggregate,all,2018-06-30,M,794.2101,fred,2026-09-07T17:18:12Z
bank_card_loans_sa,COMBANKS_ALL,aggregate,all,2018-07-04,W,793.7526,fred,2026-09-07T17:18:12Z
bank_card_loans_sa,COMBANKS_ALL,aggregate,all,2018-07-11,W,791.906,fred,2026-09-07T17:18:12Z
bank_card_loans_sa,COMBANKS_ALL,aggregate,all,2018-07-18,W,792.7233,fred,2026-09-07T17:18:12Z
bank_card_loans_sa,COMBANKS_ALL,aggregate,all,2018-07-25,W,793.1557,fred,2026-09-07T17:18:12Z
bank_card_loans_sa,COMBANKS_ALL,aggregate,all,2018-07-31,M,792.8696,fred,2026-09-07T17:18:12Z
bank_card_loans_sa,COMBANKS_ALL,aggregate,all,2018-08-01,W,793.2418,fred,2026-09-07T17:18:12Z
bank_card_loans_sa,COMBANKS_ALL,aggregate,all,2018-08-08,W,796.2513,fred,2026-09-07T17:18:12Z
bank_card_loans_sa,COMBANKS_ALL,aggregate,all,2018-08-15,W,796.4676,fred,2026-09-07T17:18:12Z
bank_card_loans_sa,COMBANKS_ALL,aggregate,all,2018-08-22,W,798.0632,fred,2026-09-07T17:18:12Z
bank_card_loans_sa,COMBANKS_ALL,aggregate,all,2018-08-29,W,799.085,fred,2026-09-07T17:18:12Z
bank_card_loans_sa,COMBANKS_ALL,aggregate,all,2018-08-31,M,797.5204,fred,2026-09-07T17:18:12Z
bank_card_loans_sa,COMBANKS_ALL,aggregate,all,2018-09-05,W,800.4113,fred,2026-09-07T17:18:12Z
bank_card_loans_sa,COMBANKS_ALL,aggregate,all,2018-09-12,W,799.4684,fred,2026-09-07T17:18:12Z
bank_card_loans_sa,COMBANKS_ALL,aggregate,all,2018-09-19,W,800.3724,fred,2026-09-07T17:18:12Z
bank_card_loans_sa,COMBANKS_ALL,aggregate,all,2018-09-26,W,800.0218,fred,2026-09-07T17:18:12Z
bank_card_loans_sa,COMBANKS_ALL,aggregate,all,2018-09-30,M,800.3502,fred,2026-09-07T17:18:12Z
bank_card_loans_sa,COMBANKS_ALL,aggregate,all,2018-10-03,W,802.3525,fred,2026-09-07T17:18:12Z
bank_card_loans_sa,COMBANKS_ALL,aggregate,all,2018-10-10,W,803.1473,fred,2026-09-07T17:18:12Z
bank_card_loans_sa,COMBANKS_ALL,aggregate,all,2018-10-17,W,802.4644,fred,2026-09-07T17:18:12Z
bank_card_loans_sa,COMBANKS_ALL,aggregate,all,2018-10-24,W,803.4598,fred,2026-09-07T17:18:12Z
bank_card_loans_sa,COMBANKS_ALL,aggregate,all,2018-10-31,M,803.6313,fred,2026-09-07T17:18:12Z
bank_card_loans_sa,COMBANKS_ALL,aggregate,all,2018-10-31,W,806.0016,fred,2026-09-07T17:18:12Z
bank_card_loans_sa,COMBANKS_ALL,aggregate,all,2018-11-07,W,804.4566,fred,2026-09-07T17:18:12Z
bank_card_loans_sa,COMBANKS_ALL,aggregate,all,2018-11-14,W,806.3863,fred,2026-09-07T17:18:12Z
bank_card_loans_sa,COMBANKS_ALL,aggregate,all,2018-11-21,W,807.635,fred,2026-09-07T17:18:12Z
bank_card_loans_sa,COMBANKS_ALL,aggregate,all,2018-11-28,W,810.9755,fred,2026-09-07T17:18:12Z
bank_card_loans_sa,COMBANKS_ALL,aggregate,all,2018-11-30,M,807.4108,fred,2026-09-07T17:18:12Z
bank_card_loans_sa,COMBANKS_ALL,aggregate,all,2018-12-05,W,808.0755,fred,2026-09-07T17:18:12Z
bank_card_loans_sa,COMBANKS_ALL,aggregate,all,2018-12-12,W,808.7363,fred,2026-09-07T17:18:12Z
bank_card_loans_sa,COMBANKS_ALL,aggregate,all,2018-12-19,W,806.404,fred,2026-09-07T17:18:12Z
bank_card_loans_sa,COMBANKS_ALL,aggregate,all,2018-12-26,W,808.0844,fred,2026-09-07T17:18:12Z
bank_card_loans_sa,COMBANKS_ALL,aggregate,all,2018-12-31,M,807.7129,fred,2026-09-07T17:18:12Z
bank_card_loans_sa,COMBANKS_ALL,aggregate,all,2019-01-02,W,807.2297,fred,2026-09-07T17:18:12Z
bank_card_loans_sa,COMBANKS_ALL,aggregate,all,2019-01-09,W,808.8699,fred,2026-09-07T17:18:12Z
bank_card_loans_sa,COMBANKS_ALL,aggregate,all,2019-01-16,W,807.5526,fred,2026-09-07T17:18:12Z
bank_card_loans_sa,COMBANKS_ALL,aggregate,all,2019-01-23,W,809.68,fred,2026-09-07T17:18:12Z
bank_card_loans_sa,COMBANKS_ALL,aggregate,all,2019-01-30,W,812.8625,fred,2026-09-07T17:18:12Z
bank_card_loans_sa,COMBANKS_ALL,aggregate,all,2019-01-31,M,809.6726,fred,2026-09-07T17:18:12Z
bank_card_loans_sa,COMBANKS_ALL,aggregate,all,2019-02-06,W,812.6353,fred,2026-09-07T17:18:12Z
bank_card_loans_sa,COMBANKS_ALL,aggregate,all,2019-02-13,W,812.6905,fred,2026-09-07T17:18:12Z
bank_card_loans_sa,COMBANKS_ALL,aggregate,all,2019-02-20,W,813.1267,fred,2026-09-07T17:18:12Z
bank_card_loans_sa,COMBANKS_ALL,aggregate,all,2019-02-27,W,815.3794,fred,2026-09-07T17:18:12Z
bank_card_loans_sa,COMBANKS_ALL,aggregate,all,2019-02-28,M,813.5422,fred,2026-09-07T17:18:12Z
bank_card_loans_sa,COMBANKS_ALL,aggregate,all,2019-03-06,W,814.994,fred,2026-09-07T17:18:12Z
bank_card_loans_sa,COMBANKS_ALL,aggregate,all,2019-03-13,W,815.7898,fred,2026-09-07T17:18:12Z
bank_card_loans_sa,COMBANKS_ALL,aggregate,all,2019-03-20,W,817.3468,fred,2026-09-07T17:18:12Z
bank_card_loans_sa,COMBANKS_ALL,aggregate,all,2019-03-27,W,817.9027,fred,2026-09-07T17:18:12Z
bank_card_loans_sa,COMBANKS_ALL,aggregate,all,2019-03-31,M,816.7741,fred,2026-09-07T17:18:12Z
bank_card_loans_sa,COMBANKS_ALL,aggregate,all,2019-04-03,W,818.1894,fred,2026-09-07T17:18:12Z
bank_card_loans_sa,COMBANKS_ALL,aggregate,all,2019-04-10,W,817.5662,fred,2026-09-07T17:18:12Z
bank_card_loans_sa,COMBANKS_ALL,aggregate,all,2019-04-17,W,818.5415,fred,2026-09-07T17:18:12Z
bank_card_loans_sa,COMBANKS_ALL,aggregate,all,2019-04-24,W,818.2587,fred,2026-09-07T17:18:12Z
bank_card_loans_sa,COMBANKS_ALL,aggregate,all,2019-04-30,M,818.4556,fred,2026-09-07T17:18:12Z
bank_card_loans_sa,COMBANKS_ALL,aggregate,all,2019-05-01,W,819.756,fred,2026-09-07T17:18:12Z
bank_card_loans_sa,COMBANKS_ALL,aggregate,all,2019-05-08,W,821.1119,fred,2026-09-07T17:18:12Z
bank_card_loans_sa,COMBANKS_ALL,aggregate,all,2019-05-15,W,821.2823,fred,2026-09-07T17:18:12Z
bank_card_loans_sa,COMBANKS_ALL,aggregate,all,2019-05-22,W,823.6442,fred,2026-09-07T17:18:12Z
bank_card_loans_sa,COMBANKS_ALL,aggregate,all,2019-05-29,W,826.23,fred,2026-09-07T17:18:12Z
bank_card_loans_sa,COMBANKS_ALL,aggregate,all,2019-05-31,M,823.2081,fred,2026-09-07T17:18:12Z
bank_card_loans_sa,COMBANKS_ALL,aggregate,all,2019-06-05,W,826.909,fred,2026-09-07T17:18:12Z
bank_card_loans_sa,COMBANKS_ALL,aggregate,all,2019-06-12,W,827.761,fred,2026-09-07T17:18:12Z
bank_card_loans_sa,COMBANKS_ALL,aggregate,all,2019-06-19,W,826.3592,fred,2026-09-07T17:18:12Z
bank_card_loans_sa,COMBANKS_ALL,aggregate,all,2019-06-26,W,824.1986,fred,2026-09-07T17:18:12Z
bank_card_loans_sa,COMBANKS_ALL,aggregate,all,2019-06-30,M,825.7959,fred,2026-09-07T17:18:12Z
bank_card_loans_sa,COMBANKS_ALL,aggregate,all,2019-07-03,W,822.7753,fred,2026-09-07T17:18:12Z
bank_card_loans_sa,COMBANKS_ALL,aggregate,all,2019-07-10,W,824.6559,fred,2026-09-07T17:18:12Z
bank_card_loans_sa,COMBANKS_ALL,aggregate,all,2019-07-17,W,823.871,fred,2026-09-07T17:18:12Z
bank_card_loans_sa,COMBANKS_ALL,aggregate,all,2019-07-24,W,825.2994,fred,2026-09-07T17:18:12Z
bank_card_loans_sa,COMBANKS_ALL,aggregate,all,2019-07-31,M,825.3679,fred,2026-09-07T17:18:12Z
bank_card_loans_sa,COMBANKS_ALL,aggregate,all,2019-07-31,W,828.7564,fred,2026-09-07T17:18:12Z
bank_card_loans_sa,COMBANKS_ALL,aggregate,all,2019-08-07,W,829.5228,fred,2026-09-07T17:18:12Z
bank_card_loans_sa,COMBANKS_ALL,aggregate,all,2019-08-14,W,830.5407,fred,2026-09-07T17:18:12Z
bank_card_loans_sa,COMBANKS_ALL,aggregate,all,2019-08-21,W,831.7458,fred,2026-09-07T17:18:12Z
bank_card_loans_sa,COMBANKS_ALL,aggregate,all,2019-08-28,W,830.9216,fred,2026-09-07T17:18:12Z
bank_card_loans_sa,COMBANKS_ALL,aggregate,all,2019-08-31,M,830.9562,fred,2026-09-07T17:18:12Z
bank_card_loans_sa,COMBANKS_ALL,aggregate,all,2019-09-04,W,833.5091,fred,2026-09-07T17:18:12Z
bank_card_loans_sa,COMBANKS_ALL,aggregate,all,2019-09-11,W,831.3281,fred,2026-09-07T17:18:12Z
bank_card_loans_sa,COMBANKS_ALL,aggregate,all,2019-09-18,W,832.208,fred,2026-09-07T17:18:12Z
bank_card_loans_sa,COMBANKS_ALL,aggregate,all,2019-09-25,W,831.7761,fred,2026-09-07T17:18:12Z
bank_card_loans_sa,COMBANKS_ALL,aggregate,all,2019-09-30,M,832.1279,fred,2026-09-07T17:18:12Z
bank_card_loans_sa,COMBANKS_ALL,aggregate,all,2019-10-02,W,832.5231,fred,2026-09-07T17:18:12Z
bank_card_loans_sa,COMBANKS_ALL,aggregate,all,2019-10-09,W,832.9798,fred,2026-09-07T17:18:12Z
bank_card_loans_sa,COMBANKS_ALL,aggregate,all,2019-10-16,W,841.0732,fred,2026-09-07T17:18:12Z
bank_card_loans_sa,COMBANKS_ALL,aggregate,all,2019-10-23,W,841.1635,fred,2026-09-07T17:18:12Z
bank_card_loans_sa,COMBANKS_ALL,aggregate,all,2019-10-30,W,843.4916,fred,2026-09-07T17:18:12Z
bank_card_loans_sa,COMBANKS_ALL,aggregate,all,2019-10-31,M,839.3166,fred,2026-09-07T17:18:12Z
bank_card_loans_sa,COMBANKS_ALL,aggregate,all,2019-11-06,W,842.8119,fred,2026-09-07T17:18:12Z
bank_card_loans_sa,COMBANKS_ALL,aggregate,all,2019-11-13,W,843.8516,fred,2026-09-07T17:18:12Z
bank_card_loans_sa,COMBANKS_ALL,aggregate,all,2019-11-20,W,842.4009,fred,2026-09-07T17:18:12Z
bank_card_loans_sa,COMBANKS_ALL,aggregate,all,2019-11-27,W,838.1617,fred,2026-09-07T17:18:12Z
bank_card_loans_sa,COMBANKS_ALL,aggregate,all,2019-11-30,M,841.75,fred,2026-09-07T17:18:12Z
bank_card_loans_sa,COMBANKS_ALL,aggregate,all,2019-12-04,W,841.5767,fred,2026-09-07T17:18:12Z
bank_card_loans_sa,COMBANKS_ALL,aggregate,all,2019-12-11,W,844.2313,fred,2026-09-07T17:18:12Z
bank_card_loans_sa,COMBANKS_ALL,aggregate,all,2019-12-18,W,842.9918,fred,2026-09-07T17:18:12Z
bank_card_loans_sa,COMBANKS_ALL,aggregate,all,2019-12-25,W,847.7446,fred,2026-09-07T17:18:12Z
bank_card_loans_sa,COMBANKS_ALL,aggregate,all,2019-12-31,M,845.0437,fred,2026-09-07T17:18:12Z
bank_card_loans_sa,COMBANKS_ALL,aggregate,all,2020-01-01,W,847.5457,fred,2026-09-07T17:18:12Z
bank_card_loans_sa,COMBANKS_ALL,aggregate,all,2020-01-08,W,848.5967,fred,2026-09-07T17:18:12Z
bank_card_loans_sa,COMBANKS_ALL,aggregate,all,2020-01-15,W,846.9695,fred,2026-09-07T17:18:12Z
bank_card_loans_sa,COMBANKS_ALL,aggregate,all,2020-01-22,W,849.4046,fred,2026-09-07T17:18:12Z
bank_card_loans_sa,COMBANKS_ALL,aggregate,all,2020-01-29,W,849.9914,fred,2026-09-07T17:18:12Z
bank_card_loans_sa,COMBANKS_ALL,aggregate,all,2020-01-31,M,848.7525,fred,2026-09-07T17:18:12Z
bank_card_loans_sa,COMBANKS_ALL,aggregate,all,2020-02-05,W,849.5237,fred,2026-09-07T17:18:12Z
bank_card_loans_sa,COMBANKS_ALL,aggregate,all,2020-02-12,W,849.644,fred,2026-09-07T17:18:12Z
bank_card_loans_sa,COMBANKS_ALL,aggregate,all,2020-02-19,W,850.9203,fred,2026-09-07T17:18:12Z
bank_card_loans_sa,COMBANKS_ALL,aggregate,all,2020-02-26,W,852.3122,fred,2026-09-07T17:18:12Z
bank_card_loans_sa,COMBANKS_ALL,aggregate,all,2020-02-29,M,851.645,fred,2026-09-07T17:18:12Z
bank_card_loans_sa,COMBANKS_ALL,aggregate,all,2020-03-04,W,859.9841,fred,2026-09-07T17:18:12Z
bank_card_loans_sa,COMBANKS_ALL,aggregate,all,2020-03-11,W,859.722,fred,2026-09-07T17:18:12Z
bank_card_loans_sa,COMBANKS_ALL,aggregate,all,2020-03-18,W,859.4505,fred,2026-09-07T17:18:12Z
bank_card_loans_sa,COMBANKS_ALL,aggregate,all,2020-03-25,W,847.4822,fred,2026-09-07T17:18:12Z
bank_card_loans_sa,COMBANKS_ALL,aggregate,all,2020-03-31,M,852.4829,fred,2026-09-07T17:18:12Z
bank_card_loans_sa,COMBANKS_ALL,aggregate,all,2020-04-01,W,836.7415,fred,2026-09-07T17:18:12Z
bank_card_loans_sa,COMBANKS_ALL,aggregate,all,2020-04-08,W,820.9407,fred,2026-09-07T17:18:12Z
bank_card_loans_sa,COMBANKS_ALL,aggregate,all,2020-04-15,W,803.2283,fred,2026-09-07T17:18:12Z
bank_card_loans_sa,COMBANKS_ALL,aggregate,all,2020-04-22,W,786.8761,fred,2026-09-07T17:18:12Z
bank_card_loans_sa,COMBANKS_ALL,aggregate,all,2020-04-29,W,783.6932,fred,2026-09-07T17:18:12Z
bank_card_loans_sa,COMBANKS_ALL,aggregate,all,2020-04-30,M,799.2637,fred,2026-09-07T17:18:12Z
bank_card_loans_sa,COMBANKS_ALL,aggregate,all,2020-05-06,W,778.0023,fred,2026-09-07T17:18:12Z
bank_card_loans_sa,COMBANKS_ALL,aggregate,all,2020-05-13,W,774.9731,fred,2026-09-07T17:18:12Z
bank_card_loans_sa,COMBANKS_ALL,aggregate,all,2020-05-20,W,772.5412,fred,2026-09-07T17:18:12Z
bank_card_loans_sa,COMBANKS_ALL,aggregate,all,2020-05-27,W,768.3389,fred,2026-09-07T17:18:12Z
bank_card_loans_sa,COMBANKS_ALL,aggregate,all,2020-05-31,M,772.4664,fred,2026-09-07T17:18:12Z
bank_card_loans_sa,COMBANKS_ALL,aggregate,all,2020-06-03,W,766.868,fred,2026-09-07T17:18:12Z
bank_card_loans_sa,COMBANKS_ALL,aggregate,all,2020-06-10,W,766.8933,fred,2026-09-07T17:18:12Z
bank_card_loans_sa,COMBANKS_ALL,aggregate,all,2020-06-17,W,764.3301,fred,2026-09-07T17:18:12Z
bank_card_loans_sa,COMBANKS_ALL,aggregate,all,2020-06-24,W,762.6242,fred,2026-09-07T17:18:12Z
bank_card_loans_sa,COMBANKS_ALL,aggregate,all,2020-06-30,M,763.5818,fred,2026-09-07T17:18:12Z
bank_card_loans_sa,COMBANKS_ALL,aggregate,all,2020-07-01,W,758.3196,fred,2026-09-07T17:18:12Z
bank_card_loans_sa,COMBANKS_ALL,aggregate,all,2020-07-08,W,760.5875,fred,2026-09-07T17:18:12Z
bank_card_loans_sa,COMBANKS_ALL,aggregate,all,2020-07-15,W,759.2801,fred,2026-09-07T17:18:12Z
bank_card_loans_sa,COMBANKS_ALL,aggregate,all,2020-07-22,W,758.281,fred,2026-09-07T17:18:12Z
bank_card_loans_sa,COMBANKS_ALL,aggregate,all,2020-07-29,W,756.671,fred,2026-09-07T17:18:12Z
bank_card_loans_sa,COMBANKS_ALL,aggregate,all,2020-07-31,M,758.532,fred,2026-09-07T17:18:12Z
bank_card_loans_sa,COMBANKS_ALL,aggregate,all,2020-08-05,W,756.217,fred,2026-09-07T17:18:12Z
bank_card_loans_sa,COMBANKS_ALL,aggregate,all,2020-08-12,W,754.3965,fred,2026-09-07T17:18:12Z
bank_card_loans_sa,COMBANKS_ALL,aggregate,all,2020-08-19,W,754.2506,fred,2026-09-07T17:18:12Z
bank_card_loans_sa,COMBANKS_ALL,aggregate,all,2020-08-26,W,752.0653,fred,2026-09-07T17:18:12Z
bank_card_loans_sa,COMBANKS_ALL,aggregate,all,2020-08-31,M,753.5869,fred,2026-09-07T17:18:12Z
bank_card_loans_sa,COMBANKS_ALL,aggregate,all,2020-09-02,W,751.0242,fred,2026-09-07T17:18:12Z
bank_card_loans_sa,COMBANKS_ALL,aggregate,all,2020-09-09,W,752.4581,fred,2026-09-07T17:18:12Z
bank_card_loans_sa,COMBANKS_ALL,aggregate,all,2020-09-16,W,751.7748,fred,2026-09-07T17:18:12Z
bank_card_loans_sa,COMBANKS_ALL,aggregate,all,2020-09-23,W,751.1249,fred,2026-09-07T17:18:12Z
bank_card_loans_sa,COMBANKS_ALL,aggregate,all,2020-09-30,M,752.3153,fred,2026-09-07T17:18:12Z
bank_card_loans_sa,COMBANKS_ALL,aggregate,all,2020-09-30,W,754.2721,fred,2026-09-07T17:18:12Z
bank_card_loans_sa,COMBANKS_ALL,aggregate,all,2020-10-07,W,752.4422,fred,2026-09-07T17:18:12Z
bank_card_loans_sa,COMBANKS_ALL,aggregate,all,2020-10-14,W,753.1029,fred,2026-09-07T17:18:12Z
bank_card_loans_sa,COMBANKS_ALL,aggregate,all,2020-10-21,W,753.4944,fred,2026-09-07T17:18:12Z
bank_card_loans_sa,COMBANKS_ALL,aggregate,all,2020-10-28,W,752.0425,fred,2026-09-07T17:18:12Z
bank_card_loans_sa,COMBANKS_ALL,aggregate,all,2020-10-31,M,752.7906,fred,2026-09-07T17:18:12Z
bank_card_loans_sa,COMBANKS_ALL,aggregate,all,2020-11-04,W,752.9779,fred,2026-09-07T17:18:12Z
bank_card_loans_sa,COMBANKS_ALL,aggregate,all,2020-11-11,W,752.7625,fred,2026-09-07T17:18:12Z
bank_card_loans_sa,COMBANKS_ALL,aggregate,all,2020-11-18,W,750.4231,fred,2026-09-07T17:18:12Z
bank_card_loans_sa,COMBANKS_ALL,aggregate,all,2020-11-25,W,750.7764,fred,2026-09-07T17:18:12Z
bank_card_loans_sa,COMBANKS_ALL,aggregate,all,2020-11-30,M,751.0541,fred,2026-09-07T17:18:12Z
bank_card_loans_sa,COMBANKS_ALL,aggregate,all,2020-12-02,W,748.3953,fred,2026-09-07T17:18:12Z
bank_card_loans_sa,COMBANKS_ALL,aggregate,all,2020-12-09,W,751.2742,fred,2026-09-07T17:18:12Z
bank_card_loans_sa,COMBANKS_ALL,aggregate,all,2020-12-16,W,751.2649,fred,2026-09-07T17:18:12Z
bank_card_loans_sa,COMBANKS_ALL,aggregate,all,2020-12-23,W,751.5073,fred,2026-09-07T17:18:12Z
bank_card_loans_sa,COMBANKS_ALL,aggregate,all,2020-12-30,W,747.9156,fred,2026-09-07T17:18:12Z
bank_card_loans_sa,COMBANKS_ALL,aggregate,all,2020-12-31,M,750.2595,fred,2026-09-07T17:18:12Z
bank_card_loans_sa,COMBANKS_ALL,aggregate,all,2021-01-06,W,747.5206,fred,2026-09-07T17:18:12Z
bank_card_loans_sa,COMBANKS_ALL,aggregate,all,2021-01-13,W,745.1578,fred,2026-09-07T17:18:12Z
bank_card_loans_sa,COMBANKS_ALL,aggregate,all,2021-01-20,W,745.0952,fred,2026-09-07T17:18:12Z
bank_card_loans_sa,COMBANKS_ALL,aggregate,all,2021-01-27,W,742.8016,fred,2026-09-07T17:18:12Z
bank_card_loans_sa,COMBANKS_ALL,aggregate,all,2021-01-31,M,744.799,fred,2026-09-07T17:18:12Z
bank_card_loans_sa,COMBANKS_ALL,aggregate,all,2021-02-03,W,743.0663,fred,2026-09-07T17:18:12Z
bank_card_loans_sa,COMBANKS_ALL,aggregate,all,2021-02-10,W,743.3252,fred,2026-09-07T17:18:12Z
bank_card_loans_sa,COMBANKS_ALL,aggregate,all,2021-02-17,W,744.0675,fred,2026-09-07T17:18:12Z
bank_card_loans_sa,COMBANKS_ALL,aggregate,all,2021-02-24,W,742.7385,fred,2026-09-07T17:18:12Z
bank_card_loans_sa,COMBANKS_ALL,aggregate,all,2021-02-28,M,743.4612,fred,2026-09-07T17:18:12Z
bank_card_loans_sa,COMBANKS_ALL,aggregate,all,2021-03-03,W,744.1991,fred,2026-09-07T17:18:12Z
bank_card_loans_sa,COMBANKS_ALL,aggregate,all,2021-03-10,W,745.6048,fred,2026-09-07T17:18:12Z
bank_card_loans_sa,COMBANKS_ALL,aggregate,all,2021-03-17,W,743.3627,fred,2026-09-07T17:18:12Z
bank_card_loans_sa,COMBANKS_ALL,aggregate,all,2021-03-24,W,740.2059,fred,2026-09-07T17:18:12Z
bank_card_loans_sa,COMBANKS_ALL,aggregate,all,2021-03-31,M,742.9502,fred,2026-09-07T17:18:12Z
bank_card_loans_sa,COMBANKS_ALL,aggregate,all,2021-03-31,W,742.0922,fred,2026-09-07T17:18:12Z
bank_card_loans_sa,COMBANKS_ALL,aggregate,all,2021-04-07,W,737.8127,fred,2026-09-07T17:18:12Z
bank_card_loans_sa,COMBANKS_ALL,aggregate,all,2021-04-14,W,736.051,fred,2026-09-07T17:18:12Z
bank_card_loans_sa,COMBANKS_ALL,aggregate,all,2021-04-21,W,735.1174,fred,2026-09-07T17:18:12Z
bank_card_loans_sa,COMBANKS_ALL,aggregate,all,2021-04-28,W,739.2035,fred,2026-09-07T17:18:12Z
bank_card_loans_sa,COMBANKS_ALL,aggregate,all,2021-04-30,M,737.2683,fred,2026-09-07T17:18:12Z
bank_card_loans_sa,COMBANKS_ALL,aggregate,all,2021-05-05,W,740.3787,fred,2026-09-07T17:18:12Z
bank_card_loans_sa,COMBANKS_ALL,aggregate,all,2021-05-12,W,745.4031,fred,2026-09-07T17:18:12Z
bank_card_loans_sa,COMBANKS_ALL,aggregate,all,2021-05-19,W,749.9128,fred,2026-09-07T17:18:12Z
bank_card_loans_sa,COMBANKS_ALL,aggregate,all,2021-05-26,W,752.0792,fred,2026-09-07T17:18:12Z
bank_card_loans_sa,COMBANKS_ALL,aggregate,all,2021-05-31,M,748.3554,fred,2026-09-07T17:18:12Z
bank_card_loans_sa,COMBANKS_ALL,aggregate,all,2021-06-02,W,753.072,fred,2026-09-07T17:18:12Z
bank_card_loans_sa,COMBANKS_ALL,aggregate,all,2021-06-09,W,755.2492,fred,2026-09-07T17:18:12Z
bank_card_loans_sa,COMBANKS_ALL,aggregate,all,2021-06-16,W,755.0508,fred,2026-09-07T17:18:12Z
bank_card_loans_sa,COMBANKS_ALL,aggregate,all,2021-06-23,W,757.0329,fred,2026-09-07T17:18:12Z
bank_card_loans_sa,COMBANKS_ALL,aggregate,all,2021-06-30,M,756.8965,fred,2026-09-07T17:18:12Z
bank_card_loans_sa,COMBANKS_ALL,aggregate,all,2021-06-30,W,761.3459,fred,2026-09-07T17:18:12Z
bank_card_loans_sa,COMBANKS_ALL,aggregate,all,2021-07-07,W,761.09,fred,2026-09-07T17:18:12Z
bank_card_loans_sa,COMBANKS_ALL,aggregate,all,2021-07-14,W,760.9586,fred,2026-09-07T17:18:12Z
bank_card_loans_sa,COMBANKS_ALL,aggregate,all,2021-07-21,W,762.8718,fred,2026-09-07T17:18:12Z
bank_card_loans_sa,COMBANKS_ALL,aggregate,all,2021-07-28,W,764.2192,fred,2026-09-07T17:18:12Z
bank_card_loans_sa,COMBANKS_ALL,aggregate,all,2021-07-31,M,762.7459,fred,2026-09-07T17:18:12Z
bank_card_loans_sa,COMBANKS_ALL,aggregate,all,2021-08-04,W,767.049,fred,2026-09-07T17:18:12Z
bank_card_loans_sa,COMBANKS_ALL,aggregate,all,2021-08-11,W,768.3638,fred,2026-09-07T17:18:12Z
bank_card_loans_sa,COMBANKS_ALL,aggregate,all,2021-08-18,W,770.0589,fred,2026-09-07T17:18:12Z
bank_card_loans_sa,COMBANKS_ALL,aggregate,all,2021-08-25,W,769.4104,fred,2026-09-07T17:18:12Z
bank_card_loans_sa,COMBANKS_ALL,aggregate,all,2021-08-31,M,769.0668,fred,2026-09-07T17:18:12Z
bank_card_loans_sa,COMBANKS_ALL,aggregate,all,2021-09-01,W,769.674,fred,2026-09-07T17:18:12Z
bank_card_loans_sa,COMBANKS_ALL,aggregate,all,2021-09-08,W,771.1949,fred,2026-09-07T17:18:12Z
bank_card_loans_sa,COMBANKS_ALL,aggregate,all,2021-09-15,W,771.5839,fred,2026-09-07T17:18:12Z
bank_card_loans_sa,COMBANKS_ALL,aggregate,all,2021-09-22,W,772.2273,fred,2026-09-07T17:18:12Z
bank_card_loans_sa,COMBANKS_ALL,aggregate,all,2021-09-29,W,778.4913,fred,2026-09-07T17:18:12Z
bank_card_loans_sa,COMBANKS_ALL,aggregate,all,2021-09-30,M,773.4462,fred,2026-09-07T17:18:12Z
bank_card_loans_sa,COMBANKS_ALL,aggregate,all,2021-10-06,W,779.2321,fred,2026-09-07T17:18:12Z
bank_card_loans_sa,COMBANKS_ALL,aggregate,all,2021-10-13,W,782.681,fred,2026-09-07T17:18:12Z
bank_card_loans_sa,COMBANKS_ALL,aggregate,all,2021-10-20,W,783.9222,fred,2026-09-07T17:18:12Z
bank_card_loans_sa,COMBANKS_ALL,aggregate,all,2021-10-27,W,786.3776,fred,2026-09-07T17:18:12Z
bank_card_loans_sa,COMBANKS_ALL,aggregate,all,2021-10-31,M,783.8337,fred,2026-09-07T17:18:12Z
bank_card_loans_sa,COMBANKS_ALL,aggregate,all,2021-11-03,W,788.1464,fred,2026-09-07T17:18:12Z
bank_card_loans_sa,COMBANKS_ALL,aggregate,all,2021-11-10,W,790.7612,fred,2026-09-07T17:18:12Z
bank_card_loans_sa,COMBANKS_ALL,aggregate,all,2021-11-17,W,794.3738,fred,2026-09-07T17:18:12Z
bank_card_loans_sa,COMBANKS_ALL,aggregate,all,2021-11-24,W,797.991,fred,2026-09-07T17:18:12Z
bank_card_loans_sa,COMBANKS_ALL,aggregate,all,2021-11-30,M,795.1564,fred,2026-09-07T17:18:12Z
bank_card_loans_sa,COMBANKS_ALL,aggregate,all,2021-12-01,W,801.3955,fred,2026-09-07T17:18:12Z
bank_card_loans_sa,COMBANKS_ALL,aggregate,all,2021-12-08,W,803.2159,fred,2026-09-07T17:18:12Z
bank_card_loans_sa,COMBANKS_ALL,aggregate,all,2021-12-15,W,803.6265,fred,2026-09-07T17:18:12Z
bank_card_loans_sa,COMBANKS_ALL,aggregate,all,2021-12-22,W,805.9297,fred,2026-09-07T17:18:12Z
bank_card_loans_sa,COMBANKS_ALL,aggregate,all,2021-12-29,W,806.1795,fred,2026-09-07T17:18:12Z
bank_card_loans_sa,COMBANKS_ALL,aggregate,all,2021-12-31,M,804.8877,fred,2026-09-07T17:18:12Z
bank_card_loans_sa,COMBANKS_ALL,aggregate,all,2022-01-05,W,808.7312,fred,2026-09-07T17:18:12Z
bank_card_loans_sa,COMBANKS_ALL,aggregate,all,2022-01-12,W,811.4425,fred,2026-09-07T17:18:12Z
bank_card_loans_sa,COMBANKS_ALL,aggregate,all,2022-01-19,W,813.4358,fred,2026-09-07T17:18:12Z
bank_card_loans_sa,COMBANKS_ALL,aggregate,all,2022-01-26,W,814.311,fred,2026-09-07T17:18:12Z
bank_card_loans_sa,COMBANKS_ALL,aggregate,all,2022-01-31,M,812.7901,fred,2026-09-07T17:18:12Z
bank_card_loans_sa,COMBANKS_ALL,aggregate,all,2022-02-02,W,815.7025,fred,2026-09-07T17:18:12Z
bank_card_loans_sa,COMBANKS_ALL,aggregate,all,2022-02-09,W,816.269,fred,2026-09-07T17:18:12Z
bank_card_loans_sa,COMBANKS_ALL,aggregate,all,2022-02-16,W,817.3823,fred,2026-09-07T17:18:12Z
bank_card_loans_sa,COMBANKS_ALL,aggregate,all,2022-02-23,W,821.853,fred,2026-09-07T17:18:12Z
bank_card_loans_sa,COMBANKS_ALL,aggregate,all,2022-02-28,M,819.5976,fred,2026-09-07T17:18:12Z
bank_card_loans_sa,COMBANKS_ALL,aggregate,all,2022-03-02,W,825.7594,fred,2026-09-07T17:18:12Z
bank_card_loans_sa,COMBANKS_ALL,aggregate,all,2022-03-09,W,830.1408,fred,2026-09-07T17:18:12Z
bank_card_loans_sa,COMBANKS_ALL,aggregate,all,2022-03-16,W,833.5494,fred,2026-09-07T17:18:12Z
bank_card_loans_sa,COMBANKS_ALL,aggregate,all,2022-03-23,W,839.3227,fred,2026-09-07T17:18:12Z
bank_card_loans_sa,COMBANKS_ALL,aggregate,all,2022-03-30,W,847.0822,fred,2026-09-07T17:18:12Z
bank_card_loans_sa,COMBANKS_ALL,aggregate,all,2022-03-31,M,837.0171,fred,2026-09-07T17:18:12Z
bank_card_loans_sa,COMBANKS_ALL,aggregate,all,2022-04-06,W,845.3453,fred,2026-09-07T17:18:12Z
bank_card_loans_sa,COMBANKS_ALL,aggregate,all,2022-04-13,W,850.4986,fred,2026-09-07T17:18:12Z
bank_card_loans_sa,COMBANKS_ALL,aggregate,all,2022-04-20,W,852.1227,fred,2026-09-07T17:18:12Z
bank_card_loans_sa,COMBANKS_ALL,aggregate,all,2022-04-27,W,856.14,fred,2026-09-07T17:18:12Z
bank_card_loans_sa,COMBANKS_ALL,aggregate,all,2022-04-30,M,851.9165,fred,2026-09-07T17:18:12Z
bank_card_loans_sa,COMBANKS_ALL,aggregate,all,2022-05-04,W,858.0312,fred,2026-09-07T17:18:12Z
bank_card_loans_sa,COMBANKS_ALL,aggregate,all,2022-05-11,W,861.8113,fred,2026-09-07T17:18:12Z
bank_card_loans_sa,COMBANKS_ALL,aggregate,all,2022-05-18,W,864.2149,fred,2026-09-07T17:18:12Z
bank_card_loans_sa,COMBANKS_ALL,aggregate,all,2022-05-25,W,868.4176,fred,2026-09-07T17:18:12Z
bank_card_loans_sa,COMBANKS_ALL,aggregate,all,2022-05-31,M,865.1082,fred,2026-09-07T17:18:12Z
bank_card_loans_sa,COMBANKS_ALL,aggregate,all,2022-06-01,W,870.8534,fred,2026-09-07T17:18:12Z
bank_card_loans_sa,COMBANKS_ALL,aggregate,all,2022-06-08,W,874.3807,fred,2026-09-07T17:18:12Z
bank_card_loans_sa,COMBANKS_ALL,aggregate,all,2022-06-15,W,874.6716,fred,2026-09-07T17:18:12Z
bank_card_loans_sa,COMBANKS_ALL,aggregate,all,2022-06-22,W,882.9995,fred,2026-09-07T17:18:12Z
bank_card_loans_sa,COMBANKS_ALL,aggregate,all,2022-06-29,W,886.5384,fred,2026-09-07T17:18:12Z
bank_card_loans_sa,COMBANKS_ALL,aggregate,all,2022-06-30,M,879.6695,fred,2026-09-07T17:18:12Z
bank_card_loans_sa,COMBANKS_ALL,aggregate,all,2022-07-06,W,889.1021,fred,2026-09-07T17:18:12Z
bank_card_loans_sa,COMBANKS_ALL,aggregate,all,2022-07-13,W,891.1359,fred,2026-09-07T17:18:12Z
bank_card_loans_sa,COMBANKS_ALL,aggregate,all,2022-07-20,W,894.2247,fred,2026-09-07T17:18:12Z
bank_card_loans_sa,COMBANKS_ALL,aggregate,all,2022-07-27,W,895.7874,fred,2026-09-07T17:18:12Z
bank_card_loans_sa,COMBANKS_ALL,aggregate,all,2022-07-31,M,893.2824,fred,2026-09-07T17:18:12Z
bank_card_loans_sa,COMBANKS_ALL,aggregate,all,2022-08-03,W,897.2765,fred,2026-09-07T17:18:12Z
bank_card_loans_sa,COMBANKS_ALL,aggregate,all,2022-08-10,W,899.2881,fred,2026-09-07T17:18:12Z
bank_card_loans_sa,COMBANKS_ALL,aggregate,all,2022-08-17,W,900.0018,fred,2026-09-07T17:18:12Z
bank_card_loans_sa,COMBANKS_ALL,aggregate,all,2022-08-24,W,904.0244,fred,2026-09-07T17:18:12Z
bank_card_loans_sa,COMBANKS_ALL,aggregate,all,2022-08-31,M,902.5488,fred,2026-09-07T17:18:12Z
bank_card_loans_sa,COMBANKS_ALL,aggregate,all,2022-08-31,W,909.1402,fred,2026-09-07T17:18:12Z
bank_card_loans_sa,COMBANKS_ALL,aggregate,all,2022-09-07,W,909.5629,fred,2026-09-07T17:18:12Z
bank_card_loans_sa,COMBANKS_ALL,aggregate,all,2022-09-14,W,912.1883,fred,2026-09-07T17:18:12Z
bank_card_loans_sa,COMBANKS_ALL,aggregate,all,2022-09-21,W,914.6484,fred,2026-09-07T17:18:12Z
bank_card_loans_sa,COMBANKS_ALL,aggregate,all,2022-09-28,W,918.9919,fred,2026-09-07T17:18:12Z
bank_card_loans_sa,COMBANKS_ALL,aggregate,all,2022-09-30,M,914.3632,fred,2026-09-07T17:18:12Z
bank_card_loans_sa,COMBANKS_ALL,aggregate,all,2022-10-05,W,921.5773,fred,2026-09-07T17:18:12Z
bank_card_loans_sa,COMBANKS_ALL,aggregate,all,2022-10-12,W,924.2988,fred,2026-09-07T17:18:12Z
bank_card_loans_sa,COMBANKS_ALL,aggregate,all,2022-10-19,W,926.8303,fred,2026-09-07T17:18:12Z
bank_card_loans_sa,COMBANKS_ALL,aggregate,all,2022-10-26,W,928.7089,fred,2026-09-07T17:18:12Z
bank_card_loans_sa,COMBANKS_ALL,aggregate,all,2022-10-31,M,926.3109,fred,2026-09-07T17:18:12Z
bank_card_loans_sa,COMBANKS_ALL,aggregate,all,2022-11-02,W,929.7771,fred,2026-09-07T17:18:12Z
bank_card_loans_sa,COMBANKS_ALL,aggregate,all,2022-11-09,W,930.0698,fred,2026-09-07T17:18:12Z
bank_card_loans_sa,COMBANKS_ALL,aggregate,all,2022-11-16,W,931.0903,fred,2026-09-07T17:18:12Z
bank_card_loans_sa,COMBANKS_ALL,aggregate,all,2022-11-23,W,935.6221,fred,2026-09-07T17:18:12Z
bank_card_loans_sa,COMBANKS_ALL,aggregate,all,2022-11-30,M,933.9044,fred,2026-09-07T17:18:12Z
bank_card_loans_sa,COMBANKS_ALL,aggregate,all,2022-11-30,W,940.0146,fred,2026-09-07T17:18:12Z
bank_card_loans_sa,COMBANKS_ALL,aggregate,all,2022-12-07,W,938.8576,fred,2026-09-07T17:18:12Z
bank_card_loans_sa,COMBANKS_ALL,aggregate,all,2022-12-14,W,941.5834,fred,2026-09-07T17:18:12Z
bank_card_loans_sa,COMBANKS_ALL,aggregate,all,2022-12-21,W,942.6943,fred,2026-09-07T17:18:12Z
bank_card_loans_sa,COMBANKS_ALL,aggregate,all,2022-12-28,W,943.9239,fred,2026-09-07T17:18:12Z
bank_card_loans_sa,COMBANKS_ALL,aggregate,all,2022-12-31,M,942.546,fred,2026-09-07T17:18:12Z
bank_card_loans_sa,COMBANKS_ALL,aggregate,all,2023-01-04,W,949.8373,fred,2026-09-07T17:18:12Z
bank_card_loans_sa,COMBANKS_ALL,aggregate,all,2023-01-11,W,950.5716,fred,2026-09-07T17:18:12Z
bank_card_loans_sa,COMBANKS_ALL,aggregate,all,2023-01-18,W,956.0996,fred,2026-09-07T17:18:12Z
bank_card_loans_sa,COMBANKS_ALL,aggregate,all,2023-01-25,W,954.3121,fred,2026-09-07T17:18:12Z
bank_card_loans_sa,COMBANKS_ALL,aggregate,all,2023-01-31,M,953.2682,fred,2026-09-07T17:18:12Z
bank_card_loans_sa,COMBANKS_ALL,aggregate,all,2023-02-01,W,954.1805,fred,2026-09-07T17:18:12Z
bank_card_loans_sa,COMBANKS_ALL,aggregate,all,2023-02-08,W,953.9107,fred,2026-09-07T17:18:12Z
bank_card_loans_sa,COMBANKS_ALL,aggregate,all,2023-02-15,W,956.1859,fred,2026-09-07T17:18:12Z
bank_card_loans_sa,COMBANKS_ALL,aggregate,all,2023-02-22,W,958.3941,fred,2026-09-07T17:18:12Z
bank_card_loans_sa,COMBANKS_ALL,aggregate,all,2023-02-28,M,956.4623,fred,2026-09-07T17:18:12Z
bank_card_loans_sa,COMBANKS_ALL,aggregate,all,2023-03-01,W,957.8882,fred,2026-09-07T17:18:12Z
bank_card_loans_sa,COMBANKS_ALL,aggregate,all,2023-03-08,W,964.7656,fred,2026-09-07T17:18:12Z
bank_card_loans_sa,COMBANKS_ALL,aggregate,all,2023-03-15,W,967.162,fred,2026-09-07T17:18:12Z
bank_card_loans_sa,COMBANKS_ALL,aggregate,all,2023-03-22,W,971.0492,fred,2026-09-07T17:18:12Z
bank_card_loans_sa,COMBANKS_ALL,aggregate,all,2023-03-29,W,975.7065,fred,2026-09-07T17:18:12Z
bank_card_loans_sa,COMBANKS_ALL,aggregate,all,2023-03-31,M,969.6572,fred,2026-09-07T17:18:12Z
bank_card_loans_sa,COMBANKS_ALL,aggregate,all,2023-04-05,W,975.3512,fred,2026-09-07T17:18:12Z
bank_card_loans_sa,COMBANKS_ALL,aggregate,all,2023-04-12,W,974.4514,fred,2026-09-07T17:18:12Z
bank_card_loans_sa,COMBANKS_ALL,aggregate,all,2023-04-19,W,978.6616,fred,2026-09-07T17:18:12Z
bank_card_loans_sa,COMBANKS_ALL,aggregate,all,2023-04-26,W,982.7277,fred,2026-09-07T17:18:12Z
bank_card_loans_sa,COMBANKS_ALL,aggregate,all,2023-04-30,M,978.3969,fred,2026-09-07T17:18:12Z
bank_card_loans_sa,COMBANKS_ALL,aggregate,all,2023-05-03,W,981.0664,fred,2026-09-07T17:18:12Z
bank_card_loans_sa,COMBANKS_ALL,aggregate,all,2023-05-10,W,981.4682,fred,2026-09-07T17:18:12Z
bank_card_loans_sa,COMBANKS_ALL,aggregate,all,2023-05-17,W,986.1945,fred,2026-09-07T17:18:12Z
bank_card_loans_sa,COMBANKS_ALL,aggregate,all,2023-05-24,W,987.372,fred,2026-09-07T17:18:12Z
bank_card_loans_sa,COMBANKS_ALL,aggregate,all,2023-05-31,M,985.6573,fred,2026-09-07T17:18:12Z
bank_card_loans_sa,COMBANKS_ALL,aggregate,all,2023-05-31,W,989.5619,fred,2026-09-07T17:18:12Z
bank_card_loans_sa,COMBANKS_ALL,aggregate,all,2023-06-07,W,990.5793,fred,2026-09-07T17:18:12Z
bank_card_loans_sa,COMBANKS_ALL,aggregate,all,2023-06-14,W,991.5401,fred,2026-09-07T17:18:12Z
bank_card_loans_sa,COMBANKS_ALL,aggregate,all,2023-06-21,W,993.8432,fred,2026-09-07T17:18:12Z
bank_card_loans_sa,COMBANKS_ALL,aggregate,all,2023-06-28,W,993.1045,fred,2026-09-07T17:18:12Z
bank_card_loans_sa,COMBANKS_ALL,aggregate,all,2023-06-30,M,992.5415,fred,2026-09-07T17:18:12Z
bank_card_loans_sa,COMBANKS_ALL,aggregate,all,2023-07-05,W,996.3869,fred,2026-09-07T17:18:12Z
bank_card_loans_sa,COMBANKS_ALL,aggregate,all,2023-07-12,W,996.4339,fred,2026-09-07T17:18:12Z
bank_card_loans_sa,COMBANKS_ALL,aggregate,all,2023-07-19,W,1001.1271,fred,2026-09-07T17:18:12Z
bank_card_loans_sa,COMBANKS_ALL,aggregate,all,2023-07-26,W,1001.6741,fred,2026-09-07T17:18:12Z
bank_card_loans_sa,COMBANKS_ALL,aggregate,all,2023-07-31,M,999.3082,fred,2026-09-07T17:18:12Z
bank_card_loans_sa,COMBANKS_ALL,aggregate,all,2023-08-02,W,1000.3948,fred,2026-09-07T17:18:12Z
bank_card_loans_sa,COMBANKS_ALL,aggregate,all,2023-08-09,W,1003.5423,fred,2026-09-07T17:18:12Z
bank_card_loans_sa,COMBANKS_ALL,aggregate,all,2023-08-16,W,1004.1072,fred,2026-09-07T17:18:12Z
bank_card_loans_sa,COMBANKS_ALL,aggregate,all,2023-08-23,W,1006.689,fred,2026-09-07T17:18:12Z
bank_card_loans_sa,COMBANKS_ALL,aggregate,all,2023-08-30,W,1012.2663,fred,2026-09-07T17:18:12Z
bank_card_loans_sa,COMBANKS_ALL,aggregate,all,2023-08-31,M,1006.3692,fred,2026-09-07T17:18:12Z
bank_card_loans_sa,COMBANKS_ALL,aggregate,all,2023-09-06,W,1010.4236,fred,2026-09-07T17:18:12Z
bank_card_loans_sa,COMBANKS_ALL,aggregate,all,2023-09-13,W,1012.2925,fred,2026-09-07T17:18:12Z
bank_card_loans_sa,COMBANKS_ALL,aggregate,all,2023-09-20,W,1014.7147,fred,2026-09-07T17:18:12Z
bank_card_loans_sa,COMBANKS_ALL,aggregate,all,2023-09-27,W,1017.3665,fred,2026-09-07T17:18:12Z
bank_card_loans_sa,COMBANKS_ALL,aggregate,all,2023-09-30,M,1014.3545,fred,2026-09-07T17:18:12Z
bank_card_loans_sa,COMBANKS_ALL,aggregate,all,2023-10-04,W,1019.1595,fred,2026-09-07T17:18:12Z
bank_card_loans_sa,COMBANKS_ALL,aggregate,all,2023-10-11,W,1020.8678,fred,2026-09-07T17:18:12Z
bank_card_loans_sa,COMBANKS_ALL,aggregate,all,2023-10-18,W,1022.7413,fred,2026-09-07T17:18:12Z
bank_card_loans_sa,COMBANKS_ALL,aggregate,all,2023-10-25,W,1023.9779,fred,2026-09-07T17:18:12Z
bank_card_loans_sa,COMBANKS_ALL,aggregate,all,2023-10-31,M,1021.7512,fred,2026-09-07T17:18:12Z
bank_card_loans_sa,COMBANKS_ALL,aggregate,all,2023-11-01,W,1020.7569,fred,2026-09-07T17:18:12Z
bank_card_loans_sa,COMBANKS_ALL,aggregate,all,2023-11-08,W,1026.9822,fred,2026-09-07T17:18:12Z
bank_card_loans_sa,COMBANKS_ALL,aggregate,all,2023-11-15,W,1026.5968,fred,2026-09-07T17:18:12Z
bank_card_loans_sa,COMBANKS_ALL,aggregate,all,2023-11-22,W,1030.6323,fred,2026-09-07T17:18:12Z
bank_card_loans_sa,COMBANKS_ALL,aggregate,all,2023-11-29,W,1037.5891,fred,2026-09-07T17:18:12Z
bank_card_loans_sa,COMBANKS_ALL,aggregate,all,2023-11-30,M,1030.1431,fred,2026-09-07T17:18:12Z
bank_card_loans_sa,COMBANKS_ALL,aggregate,all,2023-12-06,W,1030.9323,fred,2026-09-07T17:18:12Z
bank_card_loans_sa,COMBANKS_ALL,aggregate,all,2023-12-13,W,1031.8307,fred,2026-09-07T17:18:12Z
bank_card_loans_sa,COMBANKS_ALL,aggregate,all,2023-12-20,W,1031.7623,fred,2026-09-07T17:18:12Z
bank_card_loans_sa,COMBANKS_ALL,aggregate,all,2023-12-27,W,1031.6918,fred,2026-09-07T17:18:12Z
bank_card_loans_sa,COMBANKS_ALL,aggregate,all,2023-12-31,M,1032.1259,fred,2026-09-07T17:18:12Z
bank_card_loans_sa,COMBANKS_ALL,aggregate,all,2024-01-03,W,1035.8292,fred,2026-09-07T17:18:12Z
bank_card_loans_sa,COMBANKS_ALL,aggregate,all,2024-01-10,W,1039.2371,fred,2026-09-07T17:18:12Z
bank_card_loans_sa,COMBANKS_ALL,aggregate,all,2024-01-17,W,1042.3152,fred,2026-09-07T17:18:12Z
bank_card_loans_sa,COMBANKS_ALL,aggregate,all,2024-01-24,W,1041.5335,fred,2026-09-07T17:18:12Z
bank_card_loans_sa,COMBANKS_ALL,aggregate,all,2024-01-31,M,1041.1317,fred,2026-09-07T17:18:12Z
bank_card_loans_sa,COMBANKS_ALL,aggregate,all,2024-01-31,W,1043.7135,fred,2026-09-07T17:18:12Z
bank_card_loans_sa,COMBANKS_ALL,aggregate,all,2024-02-07,W,1044.0862,fred,2026-09-07T17:18:12Z
bank_card_loans_sa,COMBANKS_ALL,aggregate,all,2024-02-14,W,1046.4869,fred,2026-09-07T17:18:12Z
bank_card_loans_sa,COMBANKS_ALL,aggregate,all,2024-02-21,W,1046.3745,fred,2026-09-07T17:18:12Z
bank_card_loans_sa,COMBANKS_ALL,aggregate,all,2024-02-28,W,1053.8833,fred,2026-09-07T17:18:12Z
bank_card_loans_sa,COMBANKS_ALL,aggregate,all,2024-02-29,M,1047.8833,fred,2026-09-07T17:18:12Z
bank_card_loans_sa,COMBANKS_ALL,aggregate,all,2024-03-06,W,1052.7992,fred,2026-09-07T17:18:12Z
bank_card_loans_sa,COMBANKS_ALL,aggregate,all,2024-03-13,W,1056.4368,fred,2026-09-07T17:18:12Z
bank_card_loans_sa,COMBANKS_ALL,aggregate,all,2024-03-20,W,1057.4136,fred,2026-09-07T17:18:12Z
bank_card_loans_sa,COMBANKS_ALL,aggregate,all,2024-03-27,W,1056.815,fred,2026-09-07T17:18:12Z
bank_card_loans_sa,COMBANKS_ALL,aggregate,all,2024-03-31,M,1056.0145,fred,2026-09-07T17:18:12Z
bank_card_loans_sa,COMBANKS_ALL,aggregate,all,2024-04-03,W,1056.2494,fred,2026-09-07T17:18:12Z
bank_card_loans_sa,COMBANKS_ALL,aggregate,all,2024-04-10,W,1053.6474,fred,2026-09-07T17:18:12Z
bank_card_loans_sa,COMBANKS_ALL,aggregate,all,2024-04-17,W,1055.5319,fred,2026-09-07T17:18:12Z
bank_card_loans_sa,COMBANKS_ALL,aggregate,all,2024-04-24,W,1054.0469,fred,2026-09-07T17:18:12Z
bank_card_loans_sa,COMBANKS_ALL,aggregate,all,2024-04-30,M,1054.8357,fred,2026-09-07T17:18:12Z
bank_card_loans_sa,COMBANKS_ALL,aggregate,all,2024-05-01,W,1055.6235,fred,2026-09-07T17:18:12Z
bank_card_loans_sa,COMBANKS_ALL,aggregate,all,2024-05-08,W,1059.1563,fred,2026-09-07T17:18:12Z
bank_card_loans_sa,COMBANKS_ALL,aggregate,all,2024-05-15,W,1058.0108,fred,2026-09-07T17:18:12Z
bank_card_loans_sa,COMBANKS_ALL,aggregate,all,2024-05-22,W,1059.8983,fred,2026-09-07T17:18:12Z
bank_card_loans_sa,COMBANKS_ALL,aggregate,all,2024-05-29,W,1063.9131,fred,2026-09-07T17:18:12Z
bank_card_loans_sa,COMBANKS_ALL,aggregate,all,2024-05-31,M,1060.2803,fred,2026-09-07T17:18:12Z
bank_card_loans_sa,COMBANKS_ALL,aggregate,all,2024-06-05,W,1063.1082,fred,2026-09-07T17:18:12Z
bank_card_loans_sa,COMBANKS_ALL,aggregate,all,2024-06-12,W,1063.0427,fred,2026-09-07T17:18:12Z
bank_card_loans_sa,COMBANKS_ALL,aggregate,all,2024-06-19,W,1064.3356,fred,2026-09-07T17:18:12Z
bank_card_loans_sa,COMBANKS_ALL,aggregate,all,2024-06-26,W,1063.5077,fred,2026-09-07T17:18:12Z
bank_card_loans_sa,COMBANKS_ALL,aggregate,all,2024-06-30,M,1063.3902,fred,2026-09-07T17:18:12Z
bank_card_loans_sa,COMBANKS_ALL,aggregate,all,2024-07-03,W,1062.4906,fred,2026-09-07T17:18:12Z
bank_card_loans_sa,COMBANKS_ALL,aggregate,all,2024-07-10,W,1063.3699,fred,2026-09-07T17:18:12Z
bank_card_loans_sa,COMBANKS_ALL,aggregate,all,2024-07-17,W,1064.5096,fred,2026-09-07T17:18:12Z
bank_card_loans_sa,COMBANKS_ALL,aggregate,all,2024-07-24,W,1065.3735,fred,2026-09-07T17:18:12Z
bank_card_loans_sa,COMBANKS_ALL,aggregate,all,2024-07-31,M,1064.83,fred,2026-09-07T17:18:12Z
bank_card_loans_sa,COMBANKS_ALL,aggregate,all,2024-07-31,W,1067.0698,fred,2026-09-07T17:18:12Z
bank_card_loans_sa,COMBANKS_ALL,aggregate,all,2024-08-07,W,1068.0577,fred,2026-09-07T17:18:12Z
bank_card_loans_sa,COMBANKS_ALL,aggregate,all,2024-08-14,W,1068.8241,fred,2026-09-07T17:18:12Z
bank_card_loans_sa,COMBANKS_ALL,aggregate,all,2024-08-21,W,1070.0008,fred,2026-09-07T17:18:12Z
bank_card_loans_sa,COMBANKS_ALL,aggregate,all,2024-08-28,W,1068.7964,fred,2026-09-07T17:18:12Z
bank_card_loans_sa,COMBANKS_ALL,aggregate,all,2024-08-31,M,1069.1805,fred,2026-09-07T17:18:12Z
bank_card_loans_sa,COMBANKS_ALL,aggregate,all,2024-09-04,W,1071.6148,fred,2026-09-07T17:18:12Z
bank_card_loans_sa,COMBANKS_ALL,aggregate,all,2024-09-11,W,1072.0299,fred,2026-09-07T17:18:12Z
bank_card_loans_sa,COMBANKS_ALL,aggregate,all,2024-09-18,W,1072.819,fred,2026-09-07T17:18:12Z
bank_card_loans_sa,COMBANKS_ALL,aggregate,all,2024-09-25,W,1072.3674,fred,2026-09-07T17:18:12Z
bank_card_loans_sa,COMBANKS_ALL,aggregate,all,2024-09-30,M,1072.4408,fred,2026-09-07T17:18:12Z
bank_card_loans_sa,COMBANKS_ALL,aggregate,all,2024-10-02,W,1073.2505,fred,2026-09-07T17:18:12Z
bank_card_loans_sa,COMBANKS_ALL,aggregate,all,2024-10-09,W,1074.222,fred,2026-09-07T17:18:12Z
bank_card_loans_sa,COMBANKS_ALL,aggregate,all,2024-10-16,W,1074.3053,fred,2026-09-07T17:18:12Z
bank_card_loans_sa,COMBANKS_ALL,aggregate,all,2024-10-23,W,1075.9923,fred,2026-09-07T17:18:12Z
bank_card_loans_sa,COMBANKS_ALL,aggregate,all,2024-10-30,W,1080.7984,fred,2026-09-07T17:18:12Z
bank_card_loans_sa,COMBANKS_ALL,aggregate,all,2024-10-31,M,1076.161,fred,2026-09-07T17:18:12Z
bank_card_loans_sa,COMBANKS_ALL,aggregate,all,2024-11-06,W,1077.2643,fred,2026-09-07T17:18:12Z
bank_card_loans_sa,COMBANKS_ALL,aggregate,all,2024-11-13,W,1075.7813,fred,2026-09-07T17:18:12Z
bank_card_loans_sa,COMBANKS_ALL,aggregate,all,2024-11-20,W,1076.5925,fred,2026-09-07T17:18:12Z
bank_card_loans_sa,COMBANKS_ALL,aggregate,all,2024-11-27,W,1072.1728,fred,2026-09-07T17:18:12Z
bank_card_loans_sa,COMBANKS_ALL,aggregate,all,2024-11-30,M,1075.383,fred,2026-09-07T17:18:12Z
bank_card_loans_sa,COMBANKS_ALL,aggregate,all,2024-12-04,W,1075.3594,fred,2026-09-07T17:18:12Z
bank_card_loans_sa,COMBANKS_ALL,aggregate,all,2024-12-11,W,1078.3472,fred,2026-09-07T17:18:12Z
bank_card_loans_sa,COMBANKS_ALL,aggregate,all,2024-12-18,W,1076.4455,fred,2026-09-07T17:18:12Z
bank_card_loans_sa,COMBANKS_ALL,aggregate,all,2024-12-25,W,1081.5467,fred,2026-09-07T17:18:12Z
bank_card_loans_sa,COMBANKS_ALL,aggregate,all,2024-12-31,M,1071.1094,fred,2026-09-07T17:18:12Z
bank_card_loans_sa,COMBANKS_ALL,aggregate,all,2025-01-01,W,1041.4296,fred,2026-09-07T17:18:12Z
bank_card_loans_sa,COMBANKS_ALL,aggregate,all,2025-01-08,W,1040.6369,fred,2026-09-07T17:18:12Z
bank_card_loans_sa,COMBANKS_ALL,aggregate,all,2025-01-15,W,1039.7685,fred,2026-09-07T17:18:12Z
bank_card_loans_sa,COMBANKS_ALL,aggregate,all,2025-01-22,W,1042.8473,fred,2026-09-07T17:18:12Z
bank_card_loans_sa,COMBANKS_ALL,aggregate,all,2025-01-29,W,1047.2638,fred,2026-09-07T17:18:12Z
bank_card_loans_sa,COMBANKS_ALL,aggregate,all,2025-01-31,M,1042.7222,fred,2026-09-07T17:18:12Z
bank_card_loans_sa,COMBANKS_ALL,aggregate,all,2025-02-05,W,1044.6707,fred,2026-09-07T17:18:12Z
bank_card_loans_sa,COMBANKS_ALL,aggregate,all,2025-02-12,W,1044.4061,fred,2026-09-07T17:18:12Z
bank_card_loans_sa,COMBANKS_ALL,aggregate,all,2025-02-19,W,1044.6135,fred,2026-09-07T17:18:12Z
bank_card_loans_sa,COMBANKS_ALL,aggregate,all,2025-02-26,W,1047.5932,fred,2026-09-07T17:18:12Z
bank_card_loans_sa,COMBANKS_ALL,aggregate,all,2025-02-28,M,1045.3602,fred,2026-09-07T17:18:12Z
bank_card_loans_sa,COMBANKS_ALL,aggregate,all,2025-03-05,W,1045.221,fred,2026-09-07T17:18:12Z
bank_card_loans_sa,COMBANKS_ALL,aggregate,all,2025-03-12,W,1046.4269,fred,2026-09-07T17:18:12Z
bank_card_loans_sa,COMBANKS_ALL,aggregate,all,2025-03-19,W,1048.4236,fred,2026-09-07T17:18:12Z
bank_card_loans_sa,COMBANKS_ALL,aggregate,all,2025-03-26,W,1049.1925,fred,2026-09-07T17:18:12Z
bank_card_loans_sa,COMBANKS_ALL,aggregate,all,2025-03-31,M,1045.7425,fred,2026-09-07T17:18:12Z
bank_card_loans_sa,COMBANKS_ALL,aggregate,all,2025-04-02,W,1036.7224,fred,2026-09-07T17:18:12Z
bank_card_loans_sa,COMBANKS_ALL,aggregate,all,2025-04-09,W,1038.8804,fred,2026-09-07T17:18:12Z
bank_card_loans_sa,COMBANKS_ALL,aggregate,all,2025-04-16,W,1039.6955,fred,2026-09-07T17:18:12Z
bank_card_loans_sa,COMBANKS_ALL,aggregate,all,2025-04-23,W,1039.1561,fred,2026-09-07T17:18:12Z
bank_card_loans_sa,COMBANKS_ALL,aggregate,all,2025-04-30,M,1039.077,fred,2026-09-07T17:18:12Z
bank_card_loans_sa,COMBANKS_ALL,aggregate,all,2025-04-30,W,1039.2487,fred,2026-09-07T17:18:12Z
bank_card_loans_sa,COMBANKS_ALL,aggregate,all,2025-05-07,W,1041.9465,fred,2026-09-07T17:18:12Z
bank_card_loans_sa,COMBANKS_ALL,aggregate,all,2025-05-14,W,1042.5896,fred,2026-09-07T17:18:12Z
bank_card_loans_sa,COMBANKS_ALL,aggregate,all,2025-05-21,W,1043.567,fred,2026-09-07T17:18:12Z
bank_card_loans_sa,COMBANKS_ALL,aggregate,all,2025-05-28,W,1041.6334,fred,2026-09-07T17:18:12Z
bank_card_loans_sa,COMBANKS_ALL,aggregate,all,2025-05-31,M,1042.5697,fred,2026-09-07T17:18:12Z
bank_card_loans_sa,COMBANKS_ALL,aggregate,all,2025-06-04,W,1043.8349,fred,2026-09-07T17:18:12Z
bank_card_loans_sa,COMBANKS_ALL,aggregate,all,2025-06-11,W,1044.9644,fred,2026-09-07T17:18:12Z
bank_card_loans_sa,COMBANKS_ALL,aggregate,all,2025-06-18,W,1044.4612,fred,2026-09-07T17:18:12Z
bank_card_loans_sa,COMBANKS_ALL,aggregate,all,2025-06-25,W,1044.5092,fred,2026-09-07T17:18:12Z
bank_card_loans_sa,COMBANKS_ALL,aggregate,all,2025-06-30,M,1043.8452,fred,2026-09-07T17:18:12Z
bank_card_loans_sa,COMBANKS_ALL,aggregate,all,2025-07-02,W,1040.4943,fred,2026-09-07T17:18:12Z
bank_card_loans_sa,COMBANKS_ALL,aggregate,all,2025-07-09,W,1043.8214,fred,2026-09-07T17:18:12Z
bank_card_loans_sa,COMBANKS_ALL,aggregate,all,2025-07-16,W,1044.8726,fred,2026-09-07T17:18:12Z
bank_card_loans_sa,COMBANKS_ALL,aggregate,all,2025-07-23,W,1044.681,fred,2026-09-07T17:18:12Z
bank_card_loans_sa,COMBANKS_ALL,aggregate,all,2025-07-30,W,1048.6181,fred,2026-09-07T17:18:12Z
bank_card_loans_sa,COMBANKS_ALL,aggregate,all,2025-07-31,M,1045.215,fred,2026-09-07T17:18:12Z
bank_card_loans_sa,COMBANKS_ALL,aggregate,all,2025-08-06,W,1046.7235,fred,2026-09-07T17:18:12Z
bank_card_loans_sa,COMBANKS_ALL,aggregate,all,2025-08-13,W,1048.0027,fred,2026-09-07T17:18:12Z
bank_card_loans_sa,COMBANKS_ALL,aggregate,all,2025-08-20,W,1048.5666,fred,2026-09-07T17:18:12Z
bank_card_loans_sa,COMBANKS_ALL,aggregate,all,2025-08-27,W,1048.6547,fred,2026-09-07T17:18:12Z
bank_card_loans_sa,COMBANKS_ALL,aggregate,all,2025-08-31,M,1048.0639,fred,2026-09-07T17:18:12Z
bank_card_loans_sa,COMBANKS_ALL,aggregate,all,2025-09-03,W,1048.2675,fred,2026-09-07T17:18:12Z
bank_card_loans_sa,COMBANKS_ALL,aggregate,all,2025-09-10,W,1049.8918,fred,2026-09-07T17:18:12Z
bank_card_loans_sa,COMBANKS_ALL,aggregate,all,2025-09-17,W,1052.0238,fred,2026-09-07T17:18:12Z
bank_card_loans_sa,COMBANKS_ALL,aggregate,all,2025-09-24,W,1051.528,fred,2026-09-07T17:18:12Z
bank_card_loans_sa,COMBANKS_ALL,aggregate,all,2025-09-30,M,1050.7669,fred,2026-09-07T17:18:12Z
bank_card_loans_sa,COMBANKS_ALL,aggregate,all,2025-10-01,W,1050.6831,fred,2026-09-07T17:18:12Z
bank_card_loans_sa,COMBANKS_ALL,aggregate,all,2025-10-08,W,1054.8102,fred,2026-09-07T17:18:12Z
bank_card_loans_sa,COMBANKS_ALL,aggregate,all,2025-10-15,W,1054.6146,fred,2026-09-07T17:18:12Z
bank_card_loans_sa,COMBANKS_ALL,aggregate,all,2025-10-22,W,1054.8692,fred,2026-09-07T17:18:12Z
bank_card_loans_sa,COMBANKS_ALL,aggregate,all,2025-10-29,W,1055.6437,fred,2026-09-07T17:18:12Z
bank_card_loans_sa,COMBANKS_ALL,aggregate,all,2025-10-31,M,1054.9633,fred,2026-09-07T17:18:12Z
bank_card_loans_sa,COMBANKS_ALL,aggregate,all,2025-11-05,W,1056.8072,fred,2026-09-07T17:18:12Z
bank_card_loans_sa,COMBANKS_ALL,aggregate,all,2025-11-12,W,1059.4327,fred,2026-09-07T17:18:12Z
bank_card_loans_sa,COMBANKS_ALL,aggregate,all,2025-11-19,W,1060.5091,fred,2026-09-07T17:18:12Z
bank_card_loans_sa,COMBANKS_ALL,aggregate,all,2025-11-26,W,1058.0287,fred,2026-09-07T17:18:12Z
bank_card_loans_sa,COMBANKS_ALL,aggregate,all,2025-11-30,M,1058.9492,fred,2026-09-07T17:18:12Z
bank_card_loans_sa,COMBANKS_ALL,aggregate,all,2025-12-03,W,1059.662,fred,2026-09-07T17:18:12Z
bank_card_loans_sa,COMBANKS_ALL,aggregate,all,2025-12-10,W,1063.3305,fred,2026-09-07T17:18:12Z
bank_card_loans_sa,COMBANKS_ALL,aggregate,all,2025-12-17,W,1064.9581,fred,2026-09-07T17:18:12Z
bank_card_loans_sa,COMBANKS_ALL,aggregate,all,2025-12-24,W,1067.0282,fred,2026-09-07T17:18:12Z
bank_card_loans_sa,COMBANKS_ALL,aggregate,all,2025-12-31,M,1064.2218,fred,2026-09-07T17:18:12Z
bank_card_loans_sa,COMBANKS_ALL,aggregate,all,2025-12-31,W,1063.5248,fred,2026-09-07T17:18:12Z
bank_card_loans_sa,COMBANKS_ALL,aggregate,all,2026-01-07,W,1067.6259,fred,2026-09-07T17:18:12Z
bank_card_loans_sa,COMBANKS_ALL,aggregate,all,2026-01-14,W,1067.5517,fred,2026-09-07T17:18:12Z
bank_card_loans_sa,COMBANKS_ALL,aggregate,all,2026-01-21,W,1068.0852,fred,2026-09-07T17:18:12Z
bank_card_loans_sa,COMBANKS_ALL,aggregate,all,2026-01-28,W,1065.6665,fred,2026-09-07T17:18:12Z
bank_card_loans_sa,COMBANKS_ALL,aggregate,all,2026-01-31,M,1067.265,fred,2026-09-07T17:18:12Z
bank_card_loans_sa,COMBANKS_ALL,aggregate,all,2026-02-04,W,1067.5705,fred,2026-09-07T17:18:12Z
bank_card_loans_sa,COMBANKS_ALL,aggregate,all,2026-02-11,W,1068.8629,fred,2026-09-07T17:18:12Z
bank_card_loans_sa,COMBANKS_ALL,aggregate,all,2026-02-18,W,1071.0529,fred,2026-09-07T17:18:12Z
bank_card_loans_sa,COMBANKS_ALL,aggregate,all,2026-02-25,W,1069.917,fred,2026-09-07T17:18:12Z
bank_card_loans_sa,COMBANKS_ALL,aggregate,all,2026-02-28,M,1069.7716,fred,2026-09-07T17:18:12Z
bank_card_loans_sa,COMBANKS_ALL,aggregate,all,2026-03-04,W,1071.4979,fred,2026-09-07T17:18:12Z
bank_card_loans_sa,COMBANKS_ALL,aggregate,all,2026-03-11,W,1074.0806,fred,2026-09-07T17:18:12Z
bank_card_loans_sa,COMBANKS_ALL,aggregate,all,2026-03-18,W,1076.5624,fred,2026-09-07T17:18:12Z
bank_card_loans_sa,COMBANKS_ALL,aggregate,all,2026-03-25,W,1078.9962,fred,2026-09-07T17:18:12Z
bank_card_loans_sa,COMBANKS_ALL,aggregate,all,2026-03-31,M,1076.0942,fred,2026-09-07T17:18:12Z
bank_card_loans_sa,COMBANKS_ALL,aggregate,all,2026-04-01,W,1077.5758,fred,2026-09-07T17:18:12Z
bank_card_loans_sa,COMBANKS_ALL,aggregate,all,2026-04-08,W,1081.7703,fred,2026-09-07T17:18:12Z
bank_card_loans_sa,COMBANKS_ALL,aggregate,all,2026-04-15,W,1079.7267,fred,2026-09-07T17:18:12Z
bank_card_loans_sa,COMBANKS_ALL,aggregate,all,2026-04-22,W,1079.6791,fred,2026-09-07T17:18:12Z
bank_card_loans_sa,COMBANKS_ALL,aggregate,all,2026-04-29,W,1082.8046,fred,2026-09-07T17:18:12Z
bank_card_loans_sa,COMBANKS_ALL,aggregate,all,2026-04-30,M,1080.8466,fred,2026-09-07T17:18:12Z
bank_card_loans_sa,COMBANKS_ALL,aggregate,all,2026-05-06,W,1079.9564,fred,2026-09-07T17:18:12Z
bank_card_loans_sa,COMBANKS_ALL,aggregate,all,2026-05-13,W,1080.8594,fred,2026-09-07T17:18:12Z
bank_card_loans_sa,COMBANKS_ALL,aggregate,all,2026-05-20,W,1083.4139,fred,2026-09-07T17:18:12Z
bank_card_loans_sa,COMBANKS_ALL,aggregate,all,2026-05-27,W,1084.3795,fred,2026-09-07T17:18:12Z
bank_card_loans_sa,COMBANKS_ALL,aggregate,all,2026-05-31,M,1082.4907,fred,2026-09-07T17:18:12Z
bank_card_loans_sa,COMBANKS_ALL,aggregate,all,2026-06-03,W,1084.2261,fred,2026-09-07T17:18:12Z
bank_card_loans_sa,COMBANKS_ALL,aggregate,all,2026-06-10,W,1086.5646,fred,2026-09-07T17:18:12Z
bank_card_loans_sa,COMBANKS_ALL,aggregate,all,2026-06-17,W,1086.372,fred,2026-09-07T17:18:12Z
bank_card_loans_sa,COMBANKS_ALL,aggregate,all,2026-06-24,W,1087.4071,fred,2026-09-07T17:18:12Z
bank_card_loans_sa,COMBANKS_ALL,aggregate,all,2026-06-30,M,1086.4328,fred,2026-09-07T17:18:12Z
bank_card_loans_sa,COMBANKS_ALL,aggregate,all,2026-07-01,W,1086.3168,fred,2026-09-07T17:18:12Z
bank_card_loans_sa,COMBANKS_ALL,aggregate,all,2026-07-08,W,1089.7149,fred,2026-09-07T17:18:12Z
bank_card_loans_sa,COMBANKS_ALL,aggregate,all,2026-07-15,W,1087.9672,fred,2026-09-07T17:18:12Z
bank_card_loans_sa,COMBANKS_ALL,aggregate,all,2026-07-22,W,1087.1484,fred,2026-09-07T17:18:12Z
bank_card_loans_sa,COMBANKS_ALL,aggregate,all,2026-07-29,W,1089.3715,fred,2026-09-07T17:18:12Z
bank_card_loans_sa,COMBANKS_ALL,aggregate,all,2026-07-31,M,1088.4362,fred,2026-09-07T17:18:12Z
bank_card_loans_sa,COMBANKS_ALL,aggregate,all,2026-08-05,W,1087.8957,fred,2026-09-07T17:18:12Z
bank_card_loans_sa,COMBANKS_ALL,aggregate,all,2026-08-12,W,1089.1366,fred,2026-09-07T17:18:12Z
bank_card_loans_sa,COMBANKS_ALL,aggregate,all,2026-08-19,W,1091.7423,fred,2026-09-07T17:18:12Z
bank_card_loans_sa,COMBANKS_ALL,aggregate,all,2026-08-26,W,1089.7912,fred,2026-09-07T17:18:12Z
card_apr_all_accounts,COMBANKS_ALL,aggregate,all,1994-12-31,Q,15.69,fred,2026-09-07T17:18:12Z
card_apr_all_accounts,COMBANKS_ALL,aggregate,all,1995-03-31,Q,16.1,fred,2026-09-07T17:18:12Z
card_apr_all_accounts,COMBANKS_ALL,aggregate,all,1995-06-30,Q,16.14,fred,2026-09-07T17:18:12Z
card_apr_all_accounts,COMBANKS_ALL,aggregate,all,1995-09-30,Q,15.92,fred,2026-09-07T17:18:12Z
card_apr_all_accounts,COMBANKS_ALL,aggregate,all,1995-12-31,Q,15.81,fred,2026-09-07T17:18:12Z
card_apr_all_accounts,COMBANKS_ALL,aggregate,all,1996-03-31,Q,15.8,fred,2026-09-07T17:18:12Z
card_apr_all_accounts,COMBANKS_ALL,aggregate,all,1996-06-30,Q,15.44,fred,2026-09-07T17:18:12Z
card_apr_all_accounts,COMBANKS_ALL,aggregate,all,1996-09-30,Q,15.66,fred,2026-09-07T17:18:12Z
card_apr_all_accounts,COMBANKS_ALL,aggregate,all,1996-12-31,Q,15.62,fred,2026-09-07T17:18:12Z
card_apr_all_accounts,COMBANKS_ALL,aggregate,all,1997-03-31,Q,15.88,fred,2026-09-07T17:18:12Z
card_apr_all_accounts,COMBANKS_ALL,aggregate,all,1997-06-30,Q,15.74,fred,2026-09-07T17:18:12Z
card_apr_all_accounts,COMBANKS_ALL,aggregate,all,1997-09-30,Q,15.8,fred,2026-09-07T17:18:12Z
card_apr_all_accounts,COMBANKS_ALL,aggregate,all,1997-12-31,Q,15.76,fred,2026-09-07T17:18:12Z
card_apr_all_accounts,COMBANKS_ALL,aggregate,all,1998-03-31,Q,15.68,fred,2026-09-07T17:18:12Z
card_apr_all_accounts,COMBANKS_ALL,aggregate,all,1998-06-30,Q,15.65,fred,2026-09-07T17:18:12Z
card_apr_all_accounts,COMBANKS_ALL,aggregate,all,1998-09-30,Q,15.82,fred,2026-09-07T17:18:12Z
card_apr_all_accounts,COMBANKS_ALL,aggregate,all,1998-12-31,Q,15.67,fred,2026-09-07T17:18:12Z
card_apr_all_accounts,COMBANKS_ALL,aggregate,all,1999-03-31,Q,15.39,fred,2026-09-07T17:18:12Z
card_apr_all_accounts,COMBANKS_ALL,aggregate,all,1999-06-30,Q,15.19,fred,2026-09-07T17:18:12Z
card_apr_all_accounts,COMBANKS_ALL,aggregate,all,1999-09-30,Q,15.07,fred,2026-09-07T17:18:12Z
card_apr_all_accounts,COMBANKS_ALL,aggregate,all,1999-12-31,Q,15.12,fred,2026-09-07T17:18:12Z
card_apr_all_accounts,COMBANKS_ALL,aggregate,all,2000-03-31,Q,15.55,fred,2026-09-07T17:18:12Z
card_apr_all_accounts,COMBANKS_ALL,aggregate,all,2000-06-30,Q,15.6,fred,2026-09-07T17:18:12Z
card_apr_all_accounts,COMBANKS_ALL,aggregate,all,2000-09-30,Q,15.98,fred,2026-09-07T17:18:12Z
card_apr_all_accounts,COMBANKS_ALL,aggregate,all,2000-12-31,Q,15.99,fred,2026-09-07T17:18:12Z
card_apr_all_accounts,COMBANKS_ALL,aggregate,all,2001-03-31,Q,15.63,fred,2026-09-07T17:18:12Z
card_apr_all_accounts,COMBANKS_ALL,aggregate,all,2001-06-30,Q,15.06,fred,2026-09-07T17:18:12Z
card_apr_all_accounts,COMBANKS_ALL,aggregate,all,2001-09-30,Q,14.59,fred,2026-09-07T17:18:12Z
card_apr_all_accounts,COMBANKS_ALL,aggregate,all,2001-12-31,Q,14.21,fred,2026-09-07T17:18:12Z
card_apr_all_accounts,COMBANKS_ALL,aggregate,all,2002-03-31,Q,13.62,fred,2026-09-07T17:18:12Z
card_apr_all_accounts,COMBANKS_ALL,aggregate,all,2002-06-30,Q,13.53,fred,2026-09-07T17:18:12Z
card_apr_all_accounts,COMBANKS_ALL,aggregate,all,2002-09-30,Q,13.36,fred,2026-09-07T17:18:12Z
card_apr_all_accounts,COMBANKS_ALL,aggregate,all,2002-12-31,Q,13.11,fred,2026-09-07T17:18:12Z
card_apr_all_accounts,COMBANKS_ALL,aggregate,all,2003-03-31,Q,12.26,fred,2026-09-07T17:18:12Z
card_apr_all_accounts,COMBANKS_ALL,aggregate,all,2003-06-30,Q,12.12,fred,2026-09-07T17:18:12Z
card_apr_all_accounts,COMBANKS_ALL,aggregate,all,2003-09-30,Q,12.47,fred,2026-09-07T17:18:12Z
card_apr_all_accounts,COMBANKS_ALL,aggregate,all,2003-12-31,Q,12.35,fred,2026-09-07T17:18:12Z
card_apr_all_accounts,COMBANKS_ALL,aggregate,all,2004-03-31,Q,12.67,fred,2026-09-07T17:18:12Z
card_apr_all_accounts,COMBANKS_ALL,aggregate,all,2004-06-30,Q,12.69,fred,2026-09-07T17:18:12Z
card_apr_all_accounts,COMBANKS_ALL,aggregate,all,2004-09-30,Q,13.02,fred,2026-09-07T17:18:12Z
card_apr_all_accounts,COMBANKS_ALL,aggregate,all,2004-12-31,Q,12.51,fred,2026-09-07T17:18:12Z
card_apr_all_accounts,COMBANKS_ALL,aggregate,all,2005-03-31,Q,12.21,fred,2026-09-07T17:18:12Z
card_apr_all_accounts,COMBANKS_ALL,aggregate,all,2005-06-30,Q,12.77,fred,2026-09-07T17:18:12Z
card_apr_all_accounts,COMBANKS_ALL,aggregate,all,2005-09-30,Q,12.48,fred,2026-09-07T17:18:12Z
card_apr_all_accounts,COMBANKS_ALL,aggregate,all,2005-12-31,Q,12.58,fred,2026-09-07T17:18:12Z
card_apr_all_accounts,COMBANKS_ALL,aggregate,all,2006-03-31,Q,13.3,fred,2026-09-07T17:18:12Z
card_apr_all_accounts,COMBANKS_ALL,aggregate,all,2006-06-30,Q,13.16,fred,2026-09-07T17:18:12Z
card_apr_all_accounts,COMBANKS_ALL,aggregate,all,2006-09-30,Q,13.06,fred,2026-09-07T17:18:12Z
card_apr_all_accounts,COMBANKS_ALL,aggregate,all,2006-12-31,Q,13.31,fred,2026-09-07T17:18:12Z
card_apr_all_accounts,COMBANKS_ALL,aggregate,all,2007-03-31,Q,13.41,fred,2026-09-07T17:18:12Z
card_apr_all_accounts,COMBANKS_ALL,aggregate,all,2007-06-30,Q,13.46,fred,2026-09-07T17:18:12Z
card_apr_all_accounts,COMBANKS_ALL,aggregate,all,2007-09-30,Q,13.59,fred,2026-09-07T17:18:12Z
card_apr_all_accounts,COMBANKS_ALL,aggregate,all,2007-12-31,Q,12.75,fred,2026-09-07T17:18:12Z
card_apr_all_accounts,COMBANKS_ALL,aggregate,all,2008-03-31,Q,12.47,fred,2026-09-07T17:18:12Z
card_apr_all_accounts,COMBANKS_ALL,aggregate,all,2008-06-30,Q,11.88,fred,2026-09-07T17:18:12Z
card_apr_all_accounts,COMBANKS_ALL,aggregate,all,2008-09-30,Q,11.94,fred,2026-09-07T17:18:12Z
card_apr_all_accounts,COMBANKS_ALL,aggregate,all,2008-12-31,Q,12.03,fred,2026-09-07T17:18:12Z
card_apr_all_accounts,COMBANKS_ALL,aggregate,all,2009-03-31,Q,12.97,fred,2026-09-07T17:18:12Z
card_apr_all_accounts,COMBANKS_ALL,aggregate,all,2009-06-30,Q,13.32,fred,2026-09-07T17:18:12Z
card_apr_all_accounts,COMBANKS_ALL,aggregate,all,2009-09-30,Q,13.71,fred,2026-09-07T17:18:12Z
card_apr_all_accounts,COMBANKS_ALL,aggregate,all,2009-12-31,Q,13.6,fred,2026-09-07T17:18:12Z
card_apr_all_accounts,COMBANKS_ALL,aggregate,all,2010-03-31,Q,14.26,fred,2026-09-07T17:18:12Z
card_apr_all_accounts,COMBANKS_ALL,aggregate,all,2010-06-30,Q,13.84,fred,2026-09-07T17:18:12Z
card_apr_all_accounts,COMBANKS_ALL,aggregate,all,2010-09-30,Q,13.59,fred,2026-09-07T17:18:12Z
card_apr_all_accounts,COMBANKS_ALL,aggregate,all,2010-12-31,Q,13.44,fred,2026-09-07T17:18:12Z
card_apr_all_accounts,COMBANKS_ALL,aggregate,all,2011-03-31,Q,13.44,fred,2026-09-07T17:18:12Z
card_apr_all_accounts,COMBANKS_ALL,aggregate,all,2011-06-30,Q,12.89,fred,2026-09-07T17:18:12Z
card_apr_all_accounts,COMBANKS_ALL,aggregate,all,2011-09-30,Q,12.28,fred,2026-09-07T17:18:12Z
card_apr_all_accounts,COMBANKS_ALL,aggregate,all,2011-12-31,Q,12.36,fred,2026-09-07T17:18:12Z
card_apr_all_accounts,COMBANKS_ALL,aggregate,all,2012-03-31,Q,12.34,fred,2026-09-07T17:18:12Z
card_apr_all_accounts,COMBANKS_ALL,aggregate,all,2012-06-30,Q,12.06,fred,2026-09-07T17:18:12Z
card_apr_all_accounts,COMBANKS_ALL,aggregate,all,2012-09-30,Q,11.95,fred,2026-09-07T17:18:12Z
card_apr_all_accounts,COMBANKS_ALL,aggregate,all,2012-12-31,Q,11.88,fred,2026-09-07T17:18:12Z
card_apr_all_accounts,COMBANKS_ALL,aggregate,all,2013-03-31,Q,11.94,fred,2026-09-07T17:18:12Z
card_apr_all_accounts,COMBANKS_ALL,aggregate,all,2013-06-30,Q,11.95,fred,2026-09-07T17:18:12Z
card_apr_all_accounts,COMBANKS_ALL,aggregate,all,2013-09-30,Q,11.88,fred,2026-09-07T17:18:12Z
card_apr_all_accounts,COMBANKS_ALL,aggregate,all,2013-12-31,Q,11.85,fred,2026-09-07T17:18:12Z
card_apr_all_accounts,COMBANKS_ALL,aggregate,all,2014-03-31,Q,11.83,fred,2026-09-07T17:18:12Z
card_apr_all_accounts,COMBANKS_ALL,aggregate,all,2014-06-30,Q,11.83,fred,2026-09-07T17:18:12Z
card_apr_all_accounts,COMBANKS_ALL,aggregate,all,2014-09-30,Q,11.82,fred,2026-09-07T17:18:12Z
card_apr_all_accounts,COMBANKS_ALL,aggregate,all,2014-12-31,Q,11.99,fred,2026-09-07T17:18:12Z
card_apr_all_accounts,COMBANKS_ALL,aggregate,all,2015-03-31,Q,11.98,fred,2026-09-07T17:18:12Z
card_apr_all_accounts,COMBANKS_ALL,aggregate,all,2015-06-30,Q,12.04,fred,2026-09-07T17:18:12Z
card_apr_all_accounts,COMBANKS_ALL,aggregate,all,2015-09-30,Q,12.1,fred,2026-09-07T17:18:12Z
card_apr_all_accounts,COMBANKS_ALL,aggregate,all,2015-12-31,Q,12.22,fred,2026-09-07T17:18:12Z
card_apr_all_accounts,COMBANKS_ALL,aggregate,all,2016-03-31,Q,12.31,fred,2026-09-07T17:18:12Z
card_apr_all_accounts,COMBANKS_ALL,aggregate,all,2016-06-30,Q,12.16,fred,2026-09-07T17:18:12Z
card_apr_all_accounts,COMBANKS_ALL,aggregate,all,2016-09-30,Q,12.51,fred,2026-09-07T17:18:12Z
card_apr_all_accounts,COMBANKS_ALL,aggregate,all,2016-12-31,Q,12.41,fred,2026-09-07T17:18:12Z
card_apr_all_accounts,COMBANKS_ALL,aggregate,all,2017-03-31,Q,12.54,fred,2026-09-07T17:18:12Z
card_apr_all_accounts,COMBANKS_ALL,aggregate,all,2017-06-30,Q,12.77,fred,2026-09-07T17:18:12Z
card_apr_all_accounts,COMBANKS_ALL,aggregate,all,2017-09-30,Q,13.08,fred,2026-09-07T17:18:12Z
card_apr_all_accounts,COMBANKS_ALL,aggregate,all,2017-12-31,Q,13.16,fred,2026-09-07T17:18:12Z
card_apr_all_accounts,COMBANKS_ALL,aggregate,all,2018-03-31,Q,13.63,fred,2026-09-07T17:18:12Z
card_apr_all_accounts,COMBANKS_ALL,aggregate,all,2018-06-30,Q,14.14,fred,2026-09-07T17:18:12Z
card_apr_all_accounts,COMBANKS_ALL,aggregate,all,2018-09-30,Q,14.38,fred,2026-09-07T17:18:12Z
card_apr_all_accounts,COMBANKS_ALL,aggregate,all,2018-12-31,Q,14.73,fred,2026-09-07T17:18:12Z
card_apr_all_accounts,COMBANKS_ALL,aggregate,all,2019-03-31,Q,15.09,fred,2026-09-07T17:18:12Z
card_apr_all_accounts,COMBANKS_ALL,aggregate,all,2019-06-30,Q,15.13,fred,2026-09-07T17:18:12Z
card_apr_all_accounts,COMBANKS_ALL,aggregate,all,2019-09-30,Q,15.1,fred,2026-09-07T17:18:12Z
card_apr_all_accounts,COMBANKS_ALL,aggregate,all,2019-12-31,Q,14.87,fred,2026-09-07T17:18:12Z
card_apr_all_accounts,COMBANKS_ALL,aggregate,all,2020-03-31,Q,15.09,fred,2026-09-07T17:18:12Z
card_apr_all_accounts,COMBANKS_ALL,aggregate,all,2020-06-30,Q,14.52,fred,2026-09-07T17:18:12Z
card_apr_all_accounts,COMBANKS_ALL,aggregate,all,2020-09-30,Q,14.58,fred,2026-09-07T17:18:12Z
card_apr_all_accounts,COMBANKS_ALL,aggregate,all,2020-12-31,Q,14.65,fred,2026-09-07T17:18:12Z
card_apr_all_accounts,COMBANKS_ALL,aggregate,all,2021-03-31,Q,14.75,fred,2026-09-07T17:18:12Z
card_apr_all_accounts,COMBANKS_ALL,aggregate,all,2021-06-30,Q,14.61,fred,2026-09-07T17:18:12Z
card_apr_all_accounts,COMBANKS_ALL,aggregate,all,2021-09-30,Q,14.54,fred,2026-09-07T17:18:12Z
card_apr_all_accounts,COMBANKS_ALL,aggregate,all,2021-12-31,Q,14.51,fred,2026-09-07T17:18:12Z
card_apr_all_accounts,COMBANKS_ALL,aggregate,all,2022-03-31,Q,14.56,fred,2026-09-07T17:18:12Z
card_apr_all_accounts,COMBANKS_ALL,aggregate,all,2022-06-30,Q,15.13,fred,2026-09-07T17:18:12Z
card_apr_all_accounts,COMBANKS_ALL,aggregate,all,2022-09-30,Q,16.27,fred,2026-09-07T17:18:12Z
card_apr_all_accounts,COMBANKS_ALL,aggregate,all,2022-12-31,Q,19.07,fred,2026-09-07T17:18:12Z
card_apr_all_accounts,COMBANKS_ALL,aggregate,all,2023-03-31,Q,20.09,fred,2026-09-07T17:18:12Z
card_apr_all_accounts,COMBANKS_ALL,aggregate,all,2023-06-30,Q,20.84,fred,2026-09-07T17:18:12Z
card_apr_all_accounts,COMBANKS_ALL,aggregate,all,2023-09-30,Q,21.19,fred,2026-09-07T17:18:12Z
card_apr_all_accounts,COMBANKS_ALL,aggregate,all,2023-12-31,Q,21.47,fred,2026-09-07T17:18:12Z
card_apr_all_accounts,COMBANKS_ALL,aggregate,all,2024-03-31,Q,21.59,fred,2026-09-07T17:18:12Z
card_apr_all_accounts,COMBANKS_ALL,aggregate,all,2024-06-30,Q,21.51,fred,2026-09-07T17:18:12Z
card_apr_all_accounts,COMBANKS_ALL,aggregate,all,2024-09-30,Q,21.76,fred,2026-09-07T17:18:12Z
card_apr_all_accounts,COMBANKS_ALL,aggregate,all,2024-12-31,Q,21.47,fred,2026-09-07T17:18:12Z
card_apr_all_accounts,COMBANKS_ALL,aggregate,all,2025-03-31,Q,21.37,fred,2026-09-07T17:18:12Z
card_apr_all_accounts,COMBANKS_ALL,aggregate,all,2025-06-30,Q,21.16,fred,2026-09-07T17:18:12Z
card_apr_all_accounts,COMBANKS_ALL,aggregate,all,2025-09-30,Q,21.39,fred,2026-09-07T17:18:12Z
card_apr_all_accounts,COMBANKS_ALL,aggregate,all,2025-12-31,Q,20.97,fred,2026-09-07T17:18:12Z
card_apr_all_accounts,COMBANKS_ALL,aggregate,all,2026-03-31,Q,21,fred,2026-09-07T17:18:12Z
card_apr_all_accounts,COMBANKS_ALL,aggregate,all,2026-06-30,Q,20.94,fred,2026-09-07T17:18:12Z
card_apr_assessed_interest,COMBANKS_ALL,aggregate,all,1994-12-31,Q,15.77,fred,2026-09-07T17:18:12Z
card_apr_assessed_interest,COMBANKS_ALL,aggregate,all,1995-03-31,Q,15.28,fred,2026-09-07T17:18:12Z
card_apr_assessed_interest,COMBANKS_ALL,aggregate,all,1995-06-30,Q,16.26,fred,2026-09-07T17:18:12Z
card_apr_assessed_interest,COMBANKS_ALL,aggregate,all,1995-09-30,Q,15.9,fred,2026-09-07T17:18:12Z
card_apr_assessed_interest,COMBANKS_ALL,aggregate,all,1995-12-31,Q,15.74,fred,2026-09-07T17:18:12Z
card_apr_assessed_interest,COMBANKS_ALL,aggregate,all,1996-03-31,Q,15.42,fred,2026-09-07T17:18:12Z
card_apr_assessed_interest,COMBANKS_ALL,aggregate,all,1996-06-30,Q,15.33,fred,2026-09-07T17:18:12Z
card_apr_assessed_interest,COMBANKS_ALL,aggregate,all,1996-09-30,Q,15.66,fred,2026-09-07T17:18:12Z
card_apr_assessed_interest,COMBANKS_ALL,aggregate,all,1996-12-31,Q,15.52,fred,2026-09-07T17:18:12Z
card_apr_assessed_interest,COMBANKS_ALL,aggregate,all,1997-03-31,Q,15.15,fred,2026-09-07T17:18:12Z
card_apr_assessed_interest,COMBANKS_ALL,aggregate,all,1997-06-30,Q,15.72,fred,2026-09-07T17:18:12Z
card_apr_assessed_interest,COMBANKS_ALL,aggregate,all,1997-09-30,Q,15.79,fred,2026-09-07T17:18:12Z
card_apr_assessed_interest,COMBANKS_ALL,aggregate,all,1997-12-31,Q,15.74,fred,2026-09-07T17:18:12Z
card_apr_assessed_interest,COMBANKS_ALL,aggregate,all,1998-03-31,Q,15.34,fred,2026-09-07T17:18:12Z
card_apr_assessed_interest,COMBANKS_ALL,aggregate,all,1998-06-30,Q,15.7,fred,2026-09-07T17:18:12Z
card_apr_assessed_interest,COMBANKS_ALL,aggregate,all,1998-09-30,Q,15.84,fred,2026-09-07T17:18:12Z
card_apr_assessed_interest,COMBANKS_ALL,aggregate,all,1998-12-31,Q,15.73,fred,2026-09-07T17:18:12Z
card_apr_assessed_interest,COMBANKS_ALL,aggregate,all,1999-03-31,Q,14.73,fred,2026-09-07T17:18:12Z
card_apr_assessed_interest,COMBANKS_ALL,aggregate,all,1999-06-30,Q,14.94,fred,2026-09-07T17:18:12Z
card_apr_assessed_interest,COMBANKS_ALL,aggregate,all,1999-09-30,Q,14.8,fred,2026-09-07T17:18:12Z
card_apr_assessed_interest,COMBANKS_ALL,aggregate,all,1999-12-31,Q,14.78,fred,2026-09-07T17:18:12Z
card_apr_assessed_interest,COMBANKS_ALL,aggregate,all,2000-03-31,Q,14.3,fred,2026-09-07T17:18:12Z
card_apr_assessed_interest,COMBANKS_ALL,aggregate,all,2000-06-30,Q,14.76,fred,2026-09-07T17:18:12Z
card_apr_assessed_interest,COMBANKS_ALL,aggregate,all,2000-09-30,Q,15.37,fred,2026-09-07T17:18:12Z
card_apr_assessed_interest,COMBANKS_ALL,aggregate,all,2000-12-31,Q,15.26,fred,2026-09-07T17:18:12Z
card_apr_assessed_interest,COMBANKS_ALL,aggregate,all,2001-03-31,Q,14.63,fred,2026-09-07T17:18:12Z
card_apr_assessed_interest,COMBANKS_ALL,aggregate,all,2001-06-30,Q,14.65,fred,2026-09-07T17:18:12Z
card_apr_assessed_interest,COMBANKS_ALL,aggregate,all,2001-09-30,Q,14.67,fred,2026-09-07T17:18:12Z
card_apr_assessed_interest,COMBANKS_ALL,aggregate,all,2001-12-31,Q,13.9,fred,2026-09-07T17:18:12Z
card_apr_assessed_interest,COMBANKS_ALL,aggregate,all,2002-03-31,Q,13,fred,2026-09-07T17:18:12Z
card_apr_assessed_interest,COMBANKS_ALL,aggregate,all,2002-06-30,Q,13.36,fred,2026-09-07T17:18:12Z
card_apr_assessed_interest,COMBANKS_ALL,aggregate,all,2002-09-30,Q,13.29,fred,2026-09-07T17:18:12Z
card_apr_assessed_interest,COMBANKS_ALL,aggregate,all,2002-12-31,Q,12.78,fred,2026-09-07T17:18:12Z
card_apr_assessed_interest,COMBANKS_ALL,aggregate,all,2003-03-31,Q,11.96,fred,2026-09-07T17:18:12Z
card_apr_assessed_interest,COMBANKS_ALL,aggregate,all,2003-06-30,Q,12.89,fred,2026-09-07T17:18:12Z
card_apr_assessed_interest,COMBANKS_ALL,aggregate,all,2003-09-30,Q,13.13,fred,2026-09-07T17:18:12Z
card_apr_assessed_interest,COMBANKS_ALL,aggregate,all,2003-12-31,Q,12.93,fred,2026-09-07T17:18:12Z
card_apr_assessed_interest,COMBANKS_ALL,aggregate,all,2004-03-31,Q,12.42,fred,2026-09-07T17:18:12Z
card_apr_assessed_interest,COMBANKS_ALL,aggregate,all,2004-06-30,Q,12.93,fred,2026-09-07T17:18:12Z
card_apr_assessed_interest,COMBANKS_ALL,aggregate,all,2004-09-30,Q,13.6,fred,2026-09-07T17:18:12Z
card_apr_assessed_interest,COMBANKS_ALL,aggregate,all,2004-12-31,Q,13.92,fred,2026-09-07T17:18:12Z
card_apr_assessed_interest,COMBANKS_ALL,aggregate,all,2005-03-31,Q,14.13,fred,2026-09-07T17:18:12Z
card_apr_assessed_interest,COMBANKS_ALL,aggregate,all,2005-06-30,Q,14.81,fred,2026-09-07T17:18:12Z
card_apr_assessed_interest,COMBANKS_ALL,aggregate,all,2005-09-30,Q,14.75,fred,2026-09-07T17:18:12Z
card_apr_assessed_interest,COMBANKS_ALL,aggregate,all,2005-12-31,Q,14.49,fred,2026-09-07T17:18:12Z
card_apr_assessed_interest,COMBANKS_ALL,aggregate,all,2006-03-31,Q,14.38,fred,2026-09-07T17:18:12Z
card_apr_assessed_interest,COMBANKS_ALL,aggregate,all,2006-06-30,Q,14.77,fred,2026-09-07T17:18:12Z
card_apr_assessed_interest,COMBANKS_ALL,aggregate,all,2006-09-30,Q,14.67,fred,2026-09-07T17:18:12Z
card_apr_assessed_interest,COMBANKS_ALL,aggregate,all,2006-12-31,Q,15.09,fred,2026-09-07T17:18:12Z
card_apr_assessed_interest,COMBANKS_ALL,aggregate,all,2007-03-31,Q,14.64,fred,2026-09-07T17:18:12Z
card_apr_assessed_interest,COMBANKS_ALL,aggregate,all,2007-06-30,Q,14.47,fred,2026-09-07T17:18:12Z
card_apr_assessed_interest,COMBANKS_ALL,aggregate,all,2007-09-30,Q,15.24,fred,2026-09-07T17:18:12Z
card_apr_assessed_interest,COMBANKS_ALL,aggregate,all,2007-12-31,Q,14.38,fred,2026-09-07T17:18:12Z
card_apr_assessed_interest,COMBANKS_ALL,aggregate,all,2008-03-31,Q,13.77,fred,2026-09-07T17:18:12Z
card_apr_assessed_interest,COMBANKS_ALL,aggregate,all,2008-06-30,Q,13.51,fred,2026-09-07T17:18:12Z
card_apr_assessed_interest,COMBANKS_ALL,aggregate,all,2008-09-30,Q,13.64,fred,2026-09-07T17:18:12Z
card_apr_assessed_interest,COMBANKS_ALL,aggregate,all,2008-12-31,Q,13.36,fred,2026-09-07T17:18:12Z
card_apr_assessed_interest,COMBANKS_ALL,aggregate,all,2009-03-31,Q,13.54,fred,2026-09-07T17:18:12Z
card_apr_assessed_interest,COMBANKS_ALL,aggregate,all,2009-06-30,Q,14.43,fred,2026-09-07T17:18:12Z
card_apr_assessed_interest,COMBANKS_ALL,aggregate,all,2009-09-30,Q,14.9,fred,2026-09-07T17:18:12Z
card_apr_assessed_interest,COMBANKS_ALL,aggregate,all,2009-12-31,Q,14.37,fred,2026-09-07T17:18:12Z
card_apr_assessed_interest,COMBANKS_ALL,aggregate,all,2010-03-31,Q,14.67,fred,2026-09-07T17:18:12Z
card_apr_assessed_interest,COMBANKS_ALL,aggregate,all,2010-06-30,Q,14.48,fred,2026-09-07T17:18:12Z
card_apr_assessed_interest,COMBANKS_ALL,aggregate,all,2010-09-30,Q,14.22,fred,2026-09-07T17:18:12Z
card_apr_assessed_interest,COMBANKS_ALL,aggregate,all,2010-12-31,Q,13.67,fred,2026-09-07T17:18:12Z
card_apr_assessed_interest,COMBANKS_ALL,aggregate,all,2011-03-31,Q,13.44,fred,2026-09-07T17:18:12Z
card_apr_assessed_interest,COMBANKS_ALL,aggregate,all,2011-06-30,Q,13.06,fred,2026-09-07T17:18:12Z
card_apr_assessed_interest,COMBANKS_ALL,aggregate,all,2011-09-30,Q,13.08,fred,2026-09-07T17:18:12Z
card_apr_assessed_interest,COMBANKS_ALL,aggregate,all,2011-12-31,Q,12.78,fred,2026-09-07T17:18:12Z
card_apr_assessed_interest,COMBANKS_ALL,aggregate,all,2012-03-31,Q,13.04,fred,2026-09-07T17:18:12Z
card_apr_assessed_interest,COMBANKS_ALL,aggregate,all,2012-06-30,Q,12.76,fred,2026-09-07T17:18:12Z
card_apr_assessed_interest,COMBANKS_ALL,aggregate,all,2012-09-30,Q,13.21,fred,2026-09-07T17:18:12Z
card_apr_assessed_interest,COMBANKS_ALL,aggregate,all,2012-12-31,Q,12.81,fred,2026-09-07T17:18:12Z
card_apr_assessed_interest,COMBANKS_ALL,aggregate,all,2013-03-31,Q,13.02,fred,2026-09-07T17:18:12Z
card_apr_assessed_interest,COMBANKS_ALL,aggregate,all,2013-06-30,Q,12.76,fred,2026-09-07T17:18:12Z
card_apr_assessed_interest,COMBANKS_ALL,aggregate,all,2013-09-30,Q,13.11,fred,2026-09-07T17:18:12Z
card_apr_assessed_interest,COMBANKS_ALL,aggregate,all,2013-12-31,Q,12.89,fred,2026-09-07T17:18:12Z
card_apr_assessed_interest,COMBANKS_ALL,aggregate,all,2014-03-31,Q,13.14,fred,2026-09-07T17:18:12Z
card_apr_assessed_interest,COMBANKS_ALL,aggregate,all,2014-06-30,Q,12.74,fred,2026-09-07T17:18:12Z
card_apr_assessed_interest,COMBANKS_ALL,aggregate,all,2014-09-30,Q,13.18,fred,2026-09-07T17:18:12Z
card_apr_assessed_interest,COMBANKS_ALL,aggregate,all,2014-12-31,Q,13.68,fred,2026-09-07T17:18:12Z
card_apr_assessed_interest,COMBANKS_ALL,aggregate,all,2015-03-31,Q,13.53,fred,2026-09-07T17:18:12Z
card_apr_assessed_interest,COMBANKS_ALL,aggregate,all,2015-06-30,Q,13.49,fred,2026-09-07T17:18:12Z
card_apr_assessed_interest,COMBANKS_ALL,aggregate,all,2015-09-30,Q,13.93,fred,2026-09-07T17:18:12Z
card_apr_assessed_interest,COMBANKS_ALL,aggregate,all,2015-12-31,Q,13.7,fred,2026-09-07T17:18:12Z
card_apr_assessed_interest,COMBANKS_ALL,aggregate,all,2016-03-31,Q,13.51,fred,2026-09-07T17:18:12Z
card_apr_assessed_interest,COMBANKS_ALL,aggregate,all,2016-06-30,Q,13.35,fred,2026-09-07T17:18:12Z
card_apr_assessed_interest,COMBANKS_ALL,aggregate,all,2016-09-30,Q,13.76,fred,2026-09-07T17:18:12Z
card_apr_assessed_interest,COMBANKS_ALL,aggregate,all,2016-12-31,Q,13.61,fred,2026-09-07T17:18:12Z
card_apr_assessed_interest,COMBANKS_ALL,aggregate,all,2017-03-31,Q,13.86,fred,2026-09-07T17:18:12Z
card_apr_assessed_interest,COMBANKS_ALL,aggregate,all,2017-06-30,Q,14,fred,2026-09-07T17:18:12Z
card_apr_assessed_interest,COMBANKS_ALL,aggregate,all,2017-09-30,Q,14.89,fred,2026-09-07T17:18:12Z
card_apr_assessed_interest,COMBANKS_ALL,aggregate,all,2017-12-31,Q,14.99,fred,2026-09-07T17:18:12Z
card_apr_assessed_interest,COMBANKS_ALL,aggregate,all,2018-03-31,Q,15.32,fred,2026-09-07T17:18:12Z
card_apr_assessed_interest,COMBANKS_ALL,aggregate,all,2018-06-30,Q,15.54,fred,2026-09-07T17:18:12Z
card_apr_assessed_interest,COMBANKS_ALL,aggregate,all,2018-09-30,Q,16.46,fred,2026-09-07T17:18:12Z
card_apr_assessed_interest,COMBANKS_ALL,aggregate,all,2018-12-31,Q,16.86,fred,2026-09-07T17:18:12Z
card_apr_assessed_interest,COMBANKS_ALL,aggregate,all,2019-03-31,Q,16.91,fred,2026-09-07T17:18:12Z
card_apr_assessed_interest,COMBANKS_ALL,aggregate,all,2019-06-30,Q,17.14,fred,2026-09-07T17:18:12Z
card_apr_assessed_interest,COMBANKS_ALL,aggregate,all,2019-09-30,Q,16.97,fred,2026-09-07T17:18:12Z
card_apr_assessed_interest,COMBANKS_ALL,aggregate,all,2019-12-31,Q,16.88,fred,2026-09-07T17:18:12Z
card_apr_assessed_interest,COMBANKS_ALL,aggregate,all,2020-03-31,Q,16.61,fred,2026-09-07T17:18:12Z
card_apr_assessed_interest,COMBANKS_ALL,aggregate,all,2020-06-30,Q,15.78,fred,2026-09-07T17:18:12Z
card_apr_assessed_interest,COMBANKS_ALL,aggregate,all,2020-09-30,Q,16.43,fred,2026-09-07T17:18:12Z
card_apr_assessed_interest,COMBANKS_ALL,aggregate,all,2020-12-31,Q,16.28,fred,2026-09-07T17:18:12Z
card_apr_assessed_interest,COMBANKS_ALL,aggregate,all,2021-03-31,Q,15.91,fred,2026-09-07T17:18:12Z
card_apr_assessed_interest,COMBANKS_ALL,aggregate,all,2021-06-30,Q,16.3,fred,2026-09-07T17:18:12Z
card_apr_assessed_interest,COMBANKS_ALL,aggregate,all,2021-09-30,Q,17.13,fred,2026-09-07T17:18:12Z
card_apr_assessed_interest,COMBANKS_ALL,aggregate,all,2021-12-31,Q,16.44,fred,2026-09-07T17:18:12Z
card_apr_assessed_interest,COMBANKS_ALL,aggregate,all,2022-03-31,Q,16.17,fred,2026-09-07T17:18:12Z
card_apr_assessed_interest,COMBANKS_ALL,aggregate,all,2022-06-30,Q,16.65,fred,2026-09-07T17:18:12Z
card_apr_assessed_interest,COMBANKS_ALL,aggregate,all,2022-09-30,Q,18.43,fred,2026-09-07T17:18:12Z
card_apr_assessed_interest,COMBANKS_ALL,aggregate,all,2022-12-31,Q,20.4,fred,2026-09-07T17:18:12Z
card_apr_assessed_interest,COMBANKS_ALL,aggregate,all,2023-03-31,Q,20.92,fred,2026-09-07T17:18:12Z
card_apr_assessed_interest,COMBANKS_ALL,aggregate,all,2023-06-30,Q,22.16,fred,2026-09-07T17:18:12Z
card_apr_assessed_interest,COMBANKS_ALL,aggregate,all,2023-09-30,Q,22.77,fred,2026-09-07T17:18:12Z
card_apr_assessed_interest,COMBANKS_ALL,aggregate,all,2023-12-31,Q,22.75,fred,2026-09-07T17:18:12Z
card_apr_assessed_interest,COMBANKS_ALL,aggregate,all,2024-03-31,Q,22.63,fred,2026-09-07T17:18:12Z
card_apr_assessed_interest,COMBANKS_ALL,aggregate,all,2024-06-30,Q,22.78,fred,2026-09-07T17:18:12Z
card_apr_assessed_interest,COMBANKS_ALL,aggregate,all,2024-09-30,Q,23.37,fred,2026-09-07T17:18:12Z
card_apr_assessed_interest,COMBANKS_ALL,aggregate,all,2024-12-31,Q,22.8,fred,2026-09-07T17:18:12Z
card_apr_assessed_interest,COMBANKS_ALL,aggregate,all,2025-03-31,Q,21.91,fred,2026-09-07T17:18:12Z
card_apr_assessed_interest,COMBANKS_ALL,aggregate,all,2025-06-30,Q,22.25,fred,2026-09-07T17:18:12Z
card_apr_assessed_interest,COMBANKS_ALL,aggregate,all,2025-09-30,Q,22.83,fred,2026-09-07T17:18:12Z
card_apr_assessed_interest,COMBANKS_ALL,aggregate,all,2025-12-31,Q,22.3,fred,2026-09-07T17:18:12Z
card_apr_assessed_interest,COMBANKS_ALL,aggregate,all,2026-03-31,Q,21.52,fred,2026-09-07T17:18:12Z
card_apr_assessed_interest,COMBANKS_ALL,aggregate,all,2026-06-30,Q,22.15,fred,2026-09-07T17:18:12Z
card_dq_rate_sa,COMBANKS_ALL,aggregate,all,1991-03-31,Q,5.26,fred,2026-09-07T17:18:12Z
card_dq_rate_sa,COMBANKS_ALL,aggregate,all,1991-06-30,Q,5.48,fred,2026-09-07T17:18:12Z
card_dq_rate_sa,COMBANKS_ALL,aggregate,all,1991-09-30,Q,5.35,fred,2026-09-07T17:18:12Z
card_dq_rate_sa,COMBANKS_ALL,aggregate,all,1991-12-31,Q,5.32,fred,2026-09-07T17:18:12Z
card_dq_rate_sa,COMBANKS_ALL,aggregate,all,1992-03-31,Q,5.27,fred,2026-09-07T17:18:12Z
card_dq_rate_sa,COMBANKS_ALL,aggregate,all,1992-06-30,Q,5.1,fred,2026-09-07T17:18:12Z
card_dq_rate_sa,COMBANKS_ALL,aggregate,all,1992-09-30,Q,4.98,fred,2026-09-07T17:18:12Z
card_dq_rate_sa,COMBANKS_ALL,aggregate,all,1992-12-31,Q,4.69,fred,2026-09-07T17:18:12Z
card_dq_rate_sa,COMBANKS_ALL,aggregate,all,1993-03-31,Q,4.6,fred,2026-09-07T17:18:12Z
card_dq_rate_sa,COMBANKS_ALL,aggregate,all,1993-06-30,Q,4.46,fred,2026-09-07T17:18:12Z
card_dq_rate_sa,COMBANKS_ALL,aggregate,all,1993-09-30,Q,4.08,fred,2026-09-07T17:18:12Z
card_dq_rate_sa,COMBANKS_ALL,aggregate,all,1993-12-31,Q,3.91,fred,2026-09-07T17:18:12Z
card_dq_rate_sa,COMBANKS_ALL,aggregate,all,1994-03-31,Q,3.6,fred,2026-09-07T17:18:12Z
card_dq_rate_sa,COMBANKS_ALL,aggregate,all,1994-06-30,Q,3.29,fred,2026-09-07T17:18:12Z
card_dq_rate_sa,COMBANKS_ALL,aggregate,all,1994-09-30,Q,3.25,fred,2026-09-07T17:18:12Z
card_dq_rate_sa,COMBANKS_ALL,aggregate,all,1994-12-31,Q,3.29,fred,2026-09-07T17:18:12Z
card_dq_rate_sa,COMBANKS_ALL,aggregate,all,1995-03-31,Q,3.48,fred,2026-09-07T17:18:12Z
card_dq_rate_sa,COMBANKS_ALL,aggregate,all,1995-06-30,Q,3.7,fred,2026-09-07T17:18:12Z
card_dq_rate_sa,COMBANKS_ALL,aggregate,all,1995-09-30,Q,3.85,fred,2026-09-07T17:18:12Z
card_dq_rate_sa,COMBANKS_ALL,aggregate,all,1995-12-31,Q,3.95,fred,2026-09-07T17:18:12Z
card_dq_rate_sa,COMBANKS_ALL,aggregate,all,1996-03-31,Q,4.04,fred,2026-09-07T17:18:12Z
card_dq_rate_sa,COMBANKS_ALL,aggregate,all,1996-06-30,Q,4.27,fred,2026-09-07T17:18:12Z
card_dq_rate_sa,COMBANKS_ALL,aggregate,all,1996-09-30,Q,4.46,fred,2026-09-07T17:18:12Z
card_dq_rate_sa,COMBANKS_ALL,aggregate,all,1996-12-31,Q,4.6,fred,2026-09-07T17:18:12Z
card_dq_rate_sa,COMBANKS_ALL,aggregate,all,1997-03-31,Q,4.7,fred,2026-09-07T17:18:12Z
card_dq_rate_sa,COMBANKS_ALL,aggregate,all,1997-06-30,Q,4.73,fred,2026-09-07T17:18:12Z
card_dq_rate_sa,COMBANKS_ALL,aggregate,all,1997-09-30,Q,4.7,fred,2026-09-07T17:18:12Z
card_dq_rate_sa,COMBANKS_ALL,aggregate,all,1997-12-31,Q,4.81,fred,2026-09-07T17:18:12Z
card_dq_rate_sa,COMBANKS_ALL,aggregate,all,1998-03-31,Q,4.76,fred,2026-09-07T17:18:12Z
card_dq_rate_sa,COMBANKS_ALL,aggregate,all,1998-06-30,Q,4.76,fred,2026-09-07T17:18:12Z
card_dq_rate_sa,COMBANKS_ALL,aggregate,all,1998-09-30,Q,4.72,fred,2026-09-07T17:18:12Z
card_dq_rate_sa,COMBANKS_ALL,aggregate,all,1998-12-31,Q,4.74,fred,2026-09-07T17:18:12Z
card_dq_rate_sa,COMBANKS_ALL,aggregate,all,1999-03-31,Q,4.66,fred,2026-09-07T17:18:12Z
card_dq_rate_sa,COMBANKS_ALL,aggregate,all,1999-06-30,Q,4.58,fred,2026-09-07T17:18:12Z
card_dq_rate_sa,COMBANKS_ALL,aggregate,all,1999-09-30,Q,4.6,fred,2026-09-07T17:18:12Z
card_dq_rate_sa,COMBANKS_ALL,aggregate,all,1999-12-31,Q,4.55,fred,2026-09-07T17:18:12Z
card_dq_rate_sa,COMBANKS_ALL,aggregate,all,2000-03-31,Q,4.43,fred,2026-09-07T17:18:12Z
card_dq_rate_sa,COMBANKS_ALL,aggregate,all,2000-06-30,Q,4.51,fred,2026-09-07T17:18:12Z
card_dq_rate_sa,COMBANKS_ALL,aggregate,all,2000-09-30,Q,4.53,fred,2026-09-07T17:18:12Z
card_dq_rate_sa,COMBANKS_ALL,aggregate,all,2000-12-31,Q,4.57,fred,2026-09-07T17:18:12Z
card_dq_rate_sa,COMBANKS_ALL,aggregate,all,2001-03-31,Q,4.81,fred,2026-09-07T17:18:12Z
card_dq_rate_sa,COMBANKS_ALL,aggregate,all,2001-06-30,Q,4.94,fred,2026-09-07T17:18:12Z
card_dq_rate_sa,COMBANKS_ALL,aggregate,all,2001-09-30,Q,5,fred,2026-09-07T17:18:12Z
card_dq_rate_sa,COMBANKS_ALL,aggregate,all,2001-12-31,Q,4.69,fred,2026-09-07T17:18:12Z
card_dq_rate_sa,COMBANKS_ALL,aggregate,all,2002-03-31,Q,4.94,fred,2026-09-07T17:18:12Z
card_dq_rate_sa,COMBANKS_ALL,aggregate,all,2002-06-30,Q,4.78,fred,2026-09-07T17:18:12Z
card_dq_rate_sa,COMBANKS_ALL,aggregate,all,2002-09-30,Q,4.89,fred,2026-09-07T17:18:12Z
card_dq_rate_sa,COMBANKS_ALL,aggregate,all,2002-12-31,Q,4.84,fred,2026-09-07T17:18:12Z
card_dq_rate_sa,COMBANKS_ALL,aggregate,all,2003-03-31,Q,4.68,fred,2026-09-07T17:18:12Z
card_dq_rate_sa,COMBANKS_ALL,aggregate,all,2003-06-30,Q,4.53,fred,2026-09-07T17:18:12Z
card_dq_rate_sa,COMBANKS_ALL,aggregate,all,2003-09-30,Q,4.24,fred,2026-09-07T17:18:12Z
card_dq_rate_sa,COMBANKS_ALL,aggregate,all,2003-12-31,Q,4.43,fred,2026-09-07T17:18:12Z
card_dq_rate_sa,COMBANKS_ALL,aggregate,all,2004-03-31,Q,4.21,fred,2026-09-07T17:18:12Z
card_dq_rate_sa,COMBANKS_ALL,aggregate,all,2004-06-30,Q,4.15,fred,2026-09-07T17:18:12Z
card_dq_rate_sa,COMBANKS_ALL,aggregate,all,2004-09-30,Q,4.07,fred,2026-09-07T17:18:12Z
card_dq_rate_sa,COMBANKS_ALL,aggregate,all,2004-12-31,Q,4.03,fred,2026-09-07T17:18:12Z
card_dq_rate_sa,COMBANKS_ALL,aggregate,all,2005-03-31,Q,3.7,fred,2026-09-07T17:18:12Z
card_dq_rate_sa,COMBANKS_ALL,aggregate,all,2005-06-30,Q,3.67,fred,2026-09-07T17:18:12Z
card_dq_rate_sa,COMBANKS_ALL,aggregate,all,2005-09-30,Q,3.9,fred,2026-09-07T17:18:12Z
card_dq_rate_sa,COMBANKS_ALL,aggregate,all,2005-12-31,Q,3.54,fred,2026-09-07T17:18:12Z
card_dq_rate_sa,COMBANKS_ALL,aggregate,all,2006-03-31,Q,3.86,fred,2026-09-07T17:18:12Z
card_dq_rate_sa,COMBANKS_ALL,aggregate,all,2006-06-30,Q,4.13,fred,2026-09-07T17:18:12Z
card_dq_rate_sa,COMBANKS_ALL,aggregate,all,2006-09-30,Q,4.12,fred,2026-09-07T17:18:12Z
card_dq_rate_sa,COMBANKS_ALL,aggregate,all,2006-12-31,Q,3.95,fred,2026-09-07T17:18:12Z
card_dq_rate_sa,COMBANKS_ALL,aggregate,all,2007-03-31,Q,3.98,fred,2026-09-07T17:18:12Z
card_dq_rate_sa,COMBANKS_ALL,aggregate,all,2007-06-30,Q,4.02,fred,2026-09-07T17:18:12Z
card_dq_rate_sa,COMBANKS_ALL,aggregate,all,2007-09-30,Q,4.41,fred,2026-09-07T17:18:12Z
card_dq_rate_sa,COMBANKS_ALL,aggregate,all,2007-12-31,Q,4.6,fred,2026-09-07T17:18:12Z
card_dq_rate_sa,COMBANKS_ALL,aggregate,all,2008-03-31,Q,4.77,fred,2026-09-07T17:18:12Z
card_dq_rate_sa,COMBANKS_ALL,aggregate,all,2008-06-30,Q,4.9,fred,2026-09-07T17:18:12Z
card_dq_rate_sa,COMBANKS_ALL,aggregate,all,2008-09-30,Q,4.8,fred,2026-09-07T17:18:12Z
card_dq_rate_sa,COMBANKS_ALL,aggregate,all,2008-12-31,Q,5.64,fred,2026-09-07T17:18:12Z
card_dq_rate_sa,COMBANKS_ALL,aggregate,all,2009-03-31,Q,6.51,fred,2026-09-07T17:18:12Z
card_dq_rate_sa,COMBANKS_ALL,aggregate,all,2009-06-30,Q,6.77,fred,2026-09-07T17:18:12Z
card_dq_rate_sa,COMBANKS_ALL,aggregate,all,2009-09-30,Q,6.49,fred,2026-09-07T17:18:12Z
card_dq_rate_sa,COMBANKS_ALL,aggregate,all,2009-12-31,Q,6.33,fred,2026-09-07T17:18:12Z
card_dq_rate_sa,COMBANKS_ALL,aggregate,all,2010-03-31,Q,5.78,fred,2026-09-07T17:18:12Z
card_dq_rate_sa,COMBANKS_ALL,aggregate,all,2010-06-30,Q,5.1,fred,2026-09-07T17:18:12Z
card_dq_rate_sa,COMBANKS_ALL,aggregate,all,2010-09-30,Q,4.58,fred,2026-09-07T17:18:12Z
card_dq_rate_sa,COMBANKS_ALL,aggregate,all,2010-12-31,Q,4.14,fred,2026-09-07T17:18:12Z
card_dq_rate_sa,COMBANKS_ALL,aggregate,all,2011-03-31,Q,3.82,fred,2026-09-07T17:18:12Z
card_dq_rate_sa,COMBANKS_ALL,aggregate,all,2011-06-30,Q,3.65,fred,2026-09-07T17:18:12Z
card_dq_rate_sa,COMBANKS_ALL,aggregate,all,2011-09-30,Q,3.45,fred,2026-09-07T17:18:12Z
card_dq_rate_sa,COMBANKS_ALL,aggregate,all,2011-12-31,Q,3.25,fred,2026-09-07T17:18:12Z
card_dq_rate_sa,COMBANKS_ALL,aggregate,all,2012-03-31,Q,3.06,fred,2026-09-07T17:18:12Z
card_dq_rate_sa,COMBANKS_ALL,aggregate,all,2012-06-30,Q,2.92,fred,2026-09-07T17:18:12Z
card_dq_rate_sa,COMBANKS_ALL,aggregate,all,2012-09-30,Q,2.82,fred,2026-09-07T17:18:12Z
card_dq_rate_sa,COMBANKS_ALL,aggregate,all,2012-12-31,Q,2.71,fred,2026-09-07T17:18:12Z
card_dq_rate_sa,COMBANKS_ALL,aggregate,all,2013-03-31,Q,2.64,fred,2026-09-07T17:18:12Z
card_dq_rate_sa,COMBANKS_ALL,aggregate,all,2013-06-30,Q,2.53,fred,2026-09-07T17:18:12Z
card_dq_rate_sa,COMBANKS_ALL,aggregate,all,2013-09-30,Q,2.44,fred,2026-09-07T17:18:12Z
card_dq_rate_sa,COMBANKS_ALL,aggregate,all,2013-12-31,Q,2.38,fred,2026-09-07T17:18:12Z
card_dq_rate_sa,COMBANKS_ALL,aggregate,all,2014-03-31,Q,2.32,fred,2026-09-07T17:18:12Z
card_dq_rate_sa,COMBANKS_ALL,aggregate,all,2014-06-30,Q,2.26,fred,2026-09-07T17:18:12Z
card_dq_rate_sa,COMBANKS_ALL,aggregate,all,2014-09-30,Q,2.2,fred,2026-09-07T17:18:12Z
card_dq_rate_sa,COMBANKS_ALL,aggregate,all,2014-12-31,Q,2.15,fred,2026-09-07T17:18:12Z
card_dq_rate_sa,COMBANKS_ALL,aggregate,all,2015-03-31,Q,2.11,fred,2026-09-07T17:18:12Z
card_dq_rate_sa,COMBANKS_ALL,aggregate,all,2015-06-30,Q,2.12,fred,2026-09-07T17:18:12Z
card_dq_rate_sa,COMBANKS_ALL,aggregate,all,2015-09-30,Q,2.15,fred,2026-09-07T17:18:12Z
card_dq_rate_sa,COMBANKS_ALL,aggregate,all,2015-12-31,Q,2.16,fred,2026-09-07T17:18:12Z
card_dq_rate_sa,COMBANKS_ALL,aggregate,all,2016-03-31,Q,2.15,fred,2026-09-07T17:18:12Z
card_dq_rate_sa,COMBANKS_ALL,aggregate,all,2016-06-30,Q,2.21,fred,2026-09-07T17:18:12Z
card_dq_rate_sa,COMBANKS_ALL,aggregate,all,2016-09-30,Q,2.29,fred,2026-09-07T17:18:12Z
card_dq_rate_sa,COMBANKS_ALL,aggregate,all,2016-12-31,Q,2.37,fred,2026-09-07T17:18:12Z
card_dq_rate_sa,COMBANKS_ALL,aggregate,all,2017-03-31,Q,2.4,fred,2026-09-07T17:18:12Z
card_dq_rate_sa,COMBANKS_ALL,aggregate,all,2017-06-30,Q,2.49,fred,2026-09-07T17:18:12Z
card_dq_rate_sa,COMBANKS_ALL,aggregate,all,2017-09-30,Q,2.54,fred,2026-09-07T17:18:12Z
card_dq_rate_sa,COMBANKS_ALL,aggregate,all,2017-12-31,Q,2.48,fred,2026-09-07T17:18:12Z
card_dq_rate_sa,COMBANKS_ALL,aggregate,all,2018-03-31,Q,2.5,fred,2026-09-07T17:18:12Z
card_dq_rate_sa,COMBANKS_ALL,aggregate,all,2018-06-30,Q,2.5,fred,2026-09-07T17:18:12Z
card_dq_rate_sa,COMBANKS_ALL,aggregate,all,2018-09-30,Q,2.52,fred,2026-09-07T17:18:12Z
card_dq_rate_sa,COMBANKS_ALL,aggregate,all,2018-12-31,Q,2.54,fred,2026-09-07T17:18:12Z
card_dq_rate_sa,COMBANKS_ALL,aggregate,all,2019-03-31,Q,2.54,fred,2026-09-07T17:18:12Z
card_dq_rate_sa,COMBANKS_ALL,aggregate,all,2019-06-30,Q,2.59,fred,2026-09-07T17:18:12Z
card_dq_rate_sa,COMBANKS_ALL,aggregate,all,2019-09-30,Q,2.6,fred,2026-09-07T17:18:12Z
card_dq_rate_sa,COMBANKS_ALL,aggregate,all,2019-12-31,Q,2.61,fred,2026-09-07T17:18:12Z
card_dq_rate_sa,COMBANKS_ALL,aggregate,all,2020-03-31,Q,2.69,fred,2026-09-07T17:18:12Z
card_dq_rate_sa,COMBANKS_ALL,aggregate,all,2020-06-30,Q,2.45,fred,2026-09-07T17:18:12Z
card_dq_rate_sa,COMBANKS_ALL,aggregate,all,2020-09-30,Q,1.99,fred,2026-09-07T17:18:12Z
card_dq_rate_sa,COMBANKS_ALL,aggregate,all,2020-12-31,Q,2.1,fred,2026-09-07T17:18:12Z
card_dq_rate_sa,COMBANKS_ALL,aggregate,all,2021-03-31,Q,1.88,fred,2026-09-07T17:18:12Z
card_dq_rate_sa,COMBANKS_ALL,aggregate,all,2021-06-30,Q,1.59,fred,2026-09-07T17:18:12Z
card_dq_rate_sa,COMBANKS_ALL,aggregate,all,2021-09-30,Q,1.53,fred,2026-09-07T17:18:12Z
card_dq_rate_sa,COMBANKS_ALL,aggregate,all,2021-12-31,Q,1.57,fred,2026-09-07T17:18:12Z
card_dq_rate_sa,COMBANKS_ALL,aggregate,all,2022-03-31,Q,1.69,fred,2026-09-07T17:18:12Z
card_dq_rate_sa,COMBANKS_ALL,aggregate,all,2022-06-30,Q,1.83,fred,2026-09-07T17:18:12Z
card_dq_rate_sa,COMBANKS_ALL,aggregate,all,2022-09-30,Q,2.05,fred,2026-09-07T17:18:12Z
card_dq_rate_sa,COMBANKS_ALL,aggregate,all,2022-12-31,Q,2.26,fred,2026-09-07T17:18:12Z
card_dq_rate_sa,COMBANKS_ALL,aggregate,all,2023-03-31,Q,2.47,fred,2026-09-07T17:18:12Z
card_dq_rate_sa,COMBANKS_ALL,aggregate,all,2023-06-30,Q,2.75,fred,2026-09-07T17:18:12Z
card_dq_rate_sa,COMBANKS_ALL,aggregate,all,2023-09-30,Q,2.95,fred,2026-09-07T17:18:12Z
card_dq_rate_sa,COMBANKS_ALL,aggregate,all,2023-12-31,Q,3.1,fred,2026-09-07T17:18:12Z
card_dq_rate_sa,COMBANKS_ALL,aggregate,all,2024-03-31,Q,3.17,fred,2026-09-07T17:18:12Z
card_dq_rate_sa,COMBANKS_ALL,aggregate,all,2024-06-30,Q,3.22,fred,2026-09-07T17:18:12Z
card_dq_rate_sa,COMBANKS_ALL,aggregate,all,2024-09-30,Q,3.2,fred,2026-09-07T17:18:12Z
card_dq_rate_sa,COMBANKS_ALL,aggregate,all,2024-12-31,Q,3.08,fred,2026-09-07T17:18:12Z
card_dq_rate_sa,COMBANKS_ALL,aggregate,all,2025-03-31,Q,3.05,fred,2026-09-07T17:18:12Z
card_dq_rate_sa,COMBANKS_ALL,aggregate,all,2025-06-30,Q,3.04,fred,2026-09-07T17:18:12Z
card_dq_rate_sa,COMBANKS_ALL,aggregate,all,2025-09-30,Q,2.99,fred,2026-09-07T17:18:12Z
card_dq_rate_sa,COMBANKS_ALL,aggregate,all,2025-12-31,Q,2.95,fred,2026-09-07T17:18:12Z
card_dq_rate_sa,COMBANKS_ALL,aggregate,all,2026-03-31,Q,2.91,fred,2026-09-07T17:18:12Z
card_dq_rate_sa,COMBANKS_ALL,aggregate,all,2026-06-30,Q,2.85,fred,2026-09-07T17:18:12Z
card_dq_rate_sa,COMBANKS_OTHER,aggregate,all,1991-03-31,Q,4.71,fred,2026-09-07T17:18:12Z
card_dq_rate_sa,COMBANKS_OTHER,aggregate,all,1991-06-30,Q,4.8,fred,2026-09-07T17:18:12Z
card_dq_rate_sa,COMBANKS_OTHER,aggregate,all,1991-09-30,Q,4.8,fred,2026-09-07T17:18:12Z
card_dq_rate_sa,COMBANKS_OTHER,aggregate,all,1991-12-31,Q,4.68,fred,2026-09-07T17:18:12Z
card_dq_rate_sa,COMBANKS_OTHER,aggregate,all,1992-03-31,Q,4.31,fred,2026-09-07T17:18:12Z
card_dq_rate_sa,COMBANKS_OTHER,aggregate,all,1992-06-30,Q,3.83,fred,2026-09-07T17:18:12Z
card_dq_rate_sa,COMBANKS_OTHER,aggregate,all,1992-09-30,Q,3.93,fred,2026-09-07T17:18:12Z
card_dq_rate_sa,COMBANKS_OTHER,aggregate,all,1992-12-31,Q,3.76,fred,2026-09-07T17:18:12Z
card_dq_rate_sa,COMBANKS_OTHER,aggregate,all,1993-03-31,Q,3.68,fred,2026-09-07T17:18:12Z
card_dq_rate_sa,COMBANKS_OTHER,aggregate,all,1993-06-30,Q,3.6,fred,2026-09-07T17:18:12Z
card_dq_rate_sa,COMBANKS_OTHER,aggregate,all,1993-09-30,Q,3.39,fred,2026-09-07T17:18:12Z
card_dq_rate_sa,COMBANKS_OTHER,aggregate,all,1993-12-31,Q,3.27,fred,2026-09-07T17:18:12Z
card_dq_rate_sa,COMBANKS_OTHER,aggregate,all,1994-03-31,Q,3.19,fred,2026-09-07T17:18:12Z
card_dq_rate_sa,COMBANKS_OTHER,aggregate,all,1994-06-30,Q,3.14,fred,2026-09-07T17:18:12Z
card_dq_rate_sa,COMBANKS_OTHER,aggregate,all,1994-09-30,Q,3.11,fred,2026-09-07T17:18:12Z
card_dq_rate_sa,COMBANKS_OTHER,aggregate,all,1994-12-31,Q,3.13,fred,2026-09-07T17:18:12Z
card_dq_rate_sa,COMBANKS_OTHER,aggregate,all,1995-03-31,Q,3.44,fred,2026-09-07T17:18:12Z
card_dq_rate_sa,COMBANKS_OTHER,aggregate,all,1995-06-30,Q,3.58,fred,2026-09-07T17:18:12Z
card_dq_rate_sa,COMBANKS_OTHER,aggregate,all,1995-09-30,Q,3.65,fred,2026-09-07T17:18:12Z
card_dq_rate_sa,COMBANKS_OTHER,aggregate,all,1995-12-31,Q,3.91,fred,2026-09-07T17:18:12Z
card_dq_rate_sa,COMBANKS_OTHER,aggregate,all,1996-03-31,Q,4.04,fred,2026-09-07T17:18:12Z
card_dq_rate_sa,COMBANKS_OTHER,aggregate,all,1996-06-30,Q,4.26,fred,2026-09-07T17:18:12Z
card_dq_rate_sa,COMBANKS_OTHER,aggregate,all,1996-09-30,Q,4.85,fred,2026-09-07T17:18:12Z
card_dq_rate_sa,COMBANKS_OTHER,aggregate,all,1996-12-31,Q,5.07,fred,2026-09-07T17:18:12Z
card_dq_rate_sa,COMBANKS_OTHER,aggregate,all,1997-03-31,Q,5.15,fred,2026-09-07T17:18:12Z
card_dq_rate_sa,COMBANKS_OTHER,aggregate,all,1997-06-30,Q,5.25,fred,2026-09-07T17:18:12Z
card_dq_rate_sa,COMBANKS_OTHER,aggregate,all,1997-09-30,Q,5.25,fred,2026-09-07T17:18:12Z
card_dq_rate_sa,COMBANKS_OTHER,aggregate,all,1997-12-31,Q,5.04,fred,2026-09-07T17:18:12Z
card_dq_rate_sa,COMBANKS_OTHER,aggregate,all,1998-03-31,Q,5.15,fred,2026-09-07T17:18:12Z
card_dq_rate_sa,COMBANKS_OTHER,aggregate,all,1998-06-30,Q,5.12,fred,2026-09-07T17:18:12Z
card_dq_rate_sa,COMBANKS_OTHER,aggregate,all,1998-09-30,Q,4.97,fred,2026-09-07T17:18:12Z
card_dq_rate_sa,COMBANKS_OTHER,aggregate,all,1998-12-31,Q,5.12,fred,2026-09-07T17:18:12Z
card_dq_rate_sa,COMBANKS_OTHER,aggregate,all,1999-03-31,Q,4.71,fred,2026-09-07T17:18:12Z
card_dq_rate_sa,COMBANKS_OTHER,aggregate,all,1999-06-30,Q,4.93,fred,2026-09-07T17:18:12Z
card_dq_rate_sa,COMBANKS_OTHER,aggregate,all,1999-09-30,Q,4.86,fred,2026-09-07T17:18:12Z
card_dq_rate_sa,COMBANKS_OTHER,aggregate,all,1999-12-31,Q,4.91,fred,2026-09-07T17:18:12Z
card_dq_rate_sa,COMBANKS_OTHER,aggregate,all,2000-03-31,Q,4.71,fred,2026-09-07T17:18:12Z
card_dq_rate_sa,COMBANKS_OTHER,aggregate,all,2000-06-30,Q,4.65,fred,2026-09-07T17:18:12Z
card_dq_rate_sa,COMBANKS_OTHER,aggregate,all,2000-09-30,Q,4.71,fred,2026-09-07T17:18:12Z
card_dq_rate_sa,COMBANKS_OTHER,aggregate,all,2000-12-31,Q,5.03,fred,2026-09-07T17:18:12Z
card_dq_rate_sa,COMBANKS_OTHER,aggregate,all,2001-03-31,Q,5.5,fred,2026-09-07T17:18:12Z
card_dq_rate_sa,COMBANKS_OTHER,aggregate,all,2001-06-30,Q,5.94,fred,2026-09-07T17:18:12Z
card_dq_rate_sa,COMBANKS_OTHER,aggregate,all,2001-09-30,Q,5.98,fred,2026-09-07T17:18:12Z
card_dq_rate_sa,COMBANKS_OTHER,aggregate,all,2001-12-31,Q,5.52,fred,2026-09-07T17:18:12Z
card_dq_rate_sa,COMBANKS_OTHER,aggregate,all,2002-03-31,Q,5.69,fred,2026-09-07T17:18:12Z
card_dq_rate_sa,COMBANKS_OTHER,aggregate,all,2002-06-30,Q,5.53,fred,2026-09-07T17:18:12Z
card_dq_rate_sa,COMBANKS_OTHER,aggregate,all,2002-09-30,Q,6.24,fred,2026-09-07T17:18:12Z
card_dq_rate_sa,COMBANKS_OTHER,aggregate,all,2002-12-31,Q,5.99,fred,2026-09-07T17:18:12Z
card_dq_rate_sa,COMBANKS_OTHER,aggregate,all,2003-03-31,Q,6.47,fred,2026-09-07T17:18:12Z
card_dq_rate_sa,COMBANKS_OTHER,aggregate,all,2003-06-30,Q,6.11,fred,2026-09-07T17:18:12Z
card_dq_rate_sa,COMBANKS_OTHER,aggregate,all,2003-09-30,Q,5.6,fred,2026-09-07T17:18:12Z
card_dq_rate_sa,COMBANKS_OTHER,aggregate,all,2003-12-31,Q,6.37,fred,2026-09-07T17:18:12Z
card_dq_rate_sa,COMBANKS_OTHER,aggregate,all,2004-03-31,Q,5.26,fred,2026-09-07T17:18:12Z
card_dq_rate_sa,COMBANKS_OTHER,aggregate,all,2004-06-30,Q,5.97,fred,2026-09-07T17:18:12Z
card_dq_rate_sa,COMBANKS_OTHER,aggregate,all,2004-09-30,Q,5.61,fred,2026-09-07T17:18:12Z
card_dq_rate_sa,COMBANKS_OTHER,aggregate,all,2004-12-31,Q,5.5,fred,2026-09-07T17:18:12Z
card_dq_rate_sa,COMBANKS_OTHER,aggregate,all,2005-03-31,Q,4.43,fred,2026-09-07T17:18:12Z
card_dq_rate_sa,COMBANKS_OTHER,aggregate,all,2005-06-30,Q,4.15,fred,2026-09-07T17:18:12Z
card_dq_rate_sa,COMBANKS_OTHER,aggregate,all,2005-09-30,Q,4.25,fred,2026-09-07T17:18:12Z
card_dq_rate_sa,COMBANKS_OTHER,aggregate,all,2005-12-31,Q,2.94,fred,2026-09-07T17:18:12Z
card_dq_rate_sa,COMBANKS_OTHER,aggregate,all,2006-03-31,Q,3.15,fred,2026-09-07T17:18:12Z
card_dq_rate_sa,COMBANKS_OTHER,aggregate,all,2006-06-30,Q,3.14,fred,2026-09-07T17:18:12Z
card_dq_rate_sa,COMBANKS_OTHER,aggregate,all,2006-09-30,Q,3.19,fred,2026-09-07T17:18:12Z
card_dq_rate_sa,COMBANKS_OTHER,aggregate,all,2006-12-31,Q,3.35,fred,2026-09-07T17:18:12Z
card_dq_rate_sa,COMBANKS_OTHER,aggregate,all,2007-03-31,Q,3.56,fred,2026-09-07T17:18:12Z
card_dq_rate_sa,COMBANKS_OTHER,aggregate,all,2007-06-30,Q,3.64,fred,2026-09-07T17:18:12Z
card_dq_rate_sa,COMBANKS_OTHER,aggregate,all,2007-09-30,Q,4.17,fred,2026-09-07T17:18:12Z
card_dq_rate_sa,COMBANKS_OTHER,aggregate,all,2007-12-31,Q,4.46,fred,2026-09-07T17:18:12Z
card_dq_rate_sa,COMBANKS_OTHER,aggregate,all,2008-03-31,Q,5.12,fred,2026-09-07T17:18:12Z
card_dq_rate_sa,COMBANKS_OTHER,aggregate,all,2008-06-30,Q,5.06,fred,2026-09-07T17:18:12Z
card_dq_rate_sa,COMBANKS_OTHER,aggregate,all,2008-09-30,Q,4.93,fred,2026-09-07T17:18:12Z
card_dq_rate_sa,COMBANKS_OTHER,aggregate,all,2008-12-31,Q,5.61,fred,2026-09-07T17:18:12Z
card_dq_rate_sa,COMBANKS_OTHER,aggregate,all,2009-03-31,Q,4.63,fred,2026-09-07T17:18:12Z
card_dq_rate_sa,COMBANKS_OTHER,aggregate,all,2009-06-30,Q,4.6,fred,2026-09-07T17:18:12Z
card_dq_rate_sa,COMBANKS_OTHER,aggregate,all,2009-09-30,Q,4.11,fred,2026-09-07T17:18:12Z
card_dq_rate_sa,COMBANKS_OTHER,aggregate,all,2009-12-31,Q,5.07,fred,2026-09-07T17:18:12Z
card_dq_rate_sa,COMBANKS_OTHER,aggregate,all,2010-03-31,Q,5.17,fred,2026-09-07T17:18:12Z
card_dq_rate_sa,COMBANKS_OTHER,aggregate,all,2010-06-30,Q,5.07,fred,2026-09-07T17:18:12Z
card_dq_rate_sa,COMBANKS_OTHER,aggregate,all,2010-09-30,Q,4.74,fred,2026-09-07T17:18:12Z
card_dq_rate_sa,COMBANKS_OTHER,aggregate,all,2010-12-31,Q,4.15,fred,2026-09-07T17:18:12Z
card_dq_rate_sa,COMBANKS_OTHER,aggregate,all,2011-03-31,Q,3.98,fred,2026-09-07T17:18:12Z
card_dq_rate_sa,COMBANKS_OTHER,aggregate,all,2011-06-30,Q,3.71,fred,2026-09-07T17:18:12Z
card_dq_rate_sa,COMBANKS_OTHER,aggregate,all,2011-09-30,Q,3.59,fred,2026-09-07T17:18:12Z
card_dq_rate_sa,COMBANKS_OTHER,aggregate,all,2011-12-31,Q,3.4,fred,2026-09-07T17:18:12Z
card_dq_rate_sa,COMBANKS_OTHER,aggregate,all,2012-03-31,Q,3.31,fred,2026-09-07T17:18:12Z
card_dq_rate_sa,COMBANKS_OTHER,aggregate,all,2012-06-30,Q,3.28,fred,2026-09-07T17:18:12Z
card_dq_rate_sa,COMBANKS_OTHER,aggregate,all,2012-09-30,Q,3.25,fred,2026-09-07T17:18:12Z
card_dq_rate_sa,COMBANKS_OTHER,aggregate,all,2012-12-31,Q,3.29,fred,2026-09-07T17:18:12Z
card_dq_rate_sa,COMBANKS_OTHER,aggregate,all,2013-03-31,Q,3.27,fred,2026-09-07T17:18:12Z
card_dq_rate_sa,COMBANKS_OTHER,aggregate,all,2013-06-30,Q,3.24,fred,2026-09-07T17:18:12Z
card_dq_rate_sa,COMBANKS_OTHER,aggregate,all,2013-09-30,Q,3.33,fred,2026-09-07T17:18:12Z
card_dq_rate_sa,COMBANKS_OTHER,aggregate,all,2013-12-31,Q,3.32,fred,2026-09-07T17:18:12Z
card_dq_rate_sa,COMBANKS_OTHER,aggregate,all,2014-03-31,Q,3.26,fred,2026-09-07T17:18:12Z
card_dq_rate_sa,COMBANKS_OTHER,aggregate,all,2014-06-30,Q,3.3,fred,2026-09-07T17:18:12Z
card_dq_rate_sa,COMBANKS_OTHER,aggregate,all,2014-09-30,Q,3.33,fred,2026-09-07T17:18:12Z
card_dq_rate_sa,COMBANKS_OTHER,aggregate,all,2014-12-31,Q,3.32,fred,2026-09-07T17:18:12Z
card_dq_rate_sa,COMBANKS_OTHER,aggregate,all,2015-03-31,Q,3.4,fred,2026-09-07T17:18:12Z
card_dq_rate_sa,COMBANKS_OTHER,aggregate,all,2015-06-30,Q,3.51,fred,2026-09-07T17:18:12Z
card_dq_rate_sa,COMBANKS_OTHER,aggregate,all,2015-09-30,Q,3.54,fred,2026-09-07T17:18:12Z
card_dq_rate_sa,COMBANKS_OTHER,aggregate,all,2015-12-31,Q,2.8,fred,2026-09-07T17:18:12Z
card_dq_rate_sa,COMBANKS_OTHER,aggregate,all,2016-03-31,Q,3.03,fred,2026-09-07T17:18:12Z
card_dq_rate_sa,COMBANKS_OTHER,aggregate,all,2016-06-30,Q,3.09,fred,2026-09-07T17:18:12Z
card_dq_rate_sa,COMBANKS_OTHER,aggregate,all,2016-09-30,Q,3.06,fred,2026-09-07T17:18:12Z
card_dq_rate_sa,COMBANKS_OTHER,aggregate,all,2016-12-31,Q,3.29,fred,2026-09-07T17:18:12Z
card_dq_rate_sa,COMBANKS_OTHER,aggregate,all,2017-03-31,Q,3.53,fred,2026-09-07T17:18:12Z
card_dq_rate_sa,COMBANKS_OTHER,aggregate,all,2017-06-30,Q,4.03,fred,2026-09-07T17:18:12Z
card_dq_rate_sa,COMBANKS_OTHER,aggregate,all,2017-09-30,Q,5.43,fred,2026-09-07T17:18:12Z
card_dq_rate_sa,COMBANKS_OTHER,aggregate,all,2017-12-31,Q,5.57,fred,2026-09-07T17:18:12Z
card_dq_rate_sa,COMBANKS_OTHER,aggregate,all,2018-03-31,Q,6.07,fred,2026-09-07T17:18:12Z
card_dq_rate_sa,COMBANKS_OTHER,aggregate,all,2018-06-30,Q,6.18,fred,2026-09-07T17:18:12Z
card_dq_rate_sa,COMBANKS_OTHER,aggregate,all,2018-09-30,Q,5.92,fred,2026-09-07T17:18:12Z
card_dq_rate_sa,COMBANKS_OTHER,aggregate,all,2018-12-31,Q,5.61,fred,2026-09-07T17:18:12Z
card_dq_rate_sa,COMBANKS_OTHER,aggregate,all,2019-03-31,Q,5.54,fred,2026-09-07T17:18:12Z
card_dq_rate_sa,COMBANKS_OTHER,aggregate,all,2019-06-30,Q,6.57,fred,2026-09-07T17:18:12Z
card_dq_rate_sa,COMBANKS_OTHER,aggregate,all,2019-09-30,Q,6.01,fred,2026-09-07T17:18:12Z
card_dq_rate_sa,COMBANKS_OTHER,aggregate,all,2019-12-31,Q,6.68,fred,2026-09-07T17:18:12Z
card_dq_rate_sa,COMBANKS_OTHER,aggregate,all,2020-03-31,Q,7.16,fred,2026-09-07T17:18:12Z
card_dq_rate_sa,COMBANKS_OTHER,aggregate,all,2020-06-30,Q,5.62,fred,2026-09-07T17:18:12Z
card_dq_rate_sa,COMBANKS_OTHER,aggregate,all,2020-09-30,Q,5.11,fred,2026-09-07T17:18:12Z
card_dq_rate_sa,COMBANKS_OTHER,aggregate,all,2020-12-31,Q,5.04,fred,2026-09-07T17:18:12Z
card_dq_rate_sa,COMBANKS_OTHER,aggregate,all,2021-03-31,Q,4.62,fred,2026-09-07T17:18:12Z
card_dq_rate_sa,COMBANKS_OTHER,aggregate,all,2021-06-30,Q,4.19,fred,2026-09-07T17:18:12Z
card_dq_rate_sa,COMBANKS_OTHER,aggregate,all,2021-09-30,Q,4.32,fred,2026-09-07T17:18:12Z
card_dq_rate_sa,COMBANKS_OTHER,aggregate,all,2021-12-31,Q,4.61,fred,2026-09-07T17:18:12Z
card_dq_rate_sa,COMBANKS_OTHER,aggregate,all,2022-03-31,Q,5.17,fred,2026-09-07T17:18:12Z
card_dq_rate_sa,COMBANKS_OTHER,aggregate,all,2022-06-30,Q,5.99,fred,2026-09-07T17:18:12Z
card_dq_rate_sa,COMBANKS_OTHER,aggregate,all,2022-09-30,Q,6.87,fred,2026-09-07T17:18:12Z
card_dq_rate_sa,COMBANKS_OTHER,aggregate,all,2022-12-31,Q,6.87,fred,2026-09-07T17:18:12Z
card_dq_rate_sa,COMBANKS_OTHER,aggregate,all,2023-03-31,Q,7.24,fred,2026-09-07T17:18:12Z
card_dq_rate_sa,COMBANKS_OTHER,aggregate,all,2023-06-30,Q,7.43,fred,2026-09-07T17:18:12Z
card_dq_rate_sa,COMBANKS_OTHER,aggregate,all,2023-09-30,Q,7.55,fred,2026-09-07T17:18:12Z
card_dq_rate_sa,COMBANKS_OTHER,aggregate,all,2023-12-31,Q,7.86,fred,2026-09-07T17:18:12Z
card_dq_rate_sa,COMBANKS_OTHER,aggregate,all,2024-03-31,Q,7.79,fred,2026-09-07T17:18:12Z
card_dq_rate_sa,COMBANKS_OTHER,aggregate,all,2024-06-30,Q,7.76,fred,2026-09-07T17:18:12Z
card_dq_rate_sa,COMBANKS_OTHER,aggregate,all,2024-09-30,Q,7.46,fred,2026-09-07T17:18:12Z
card_dq_rate_sa,COMBANKS_OTHER,aggregate,all,2024-12-31,Q,7.14,fred,2026-09-07T17:18:12Z
card_dq_rate_sa,COMBANKS_OTHER,aggregate,all,2025-03-31,Q,7.18,fred,2026-09-07T17:18:12Z
card_dq_rate_sa,COMBANKS_OTHER,aggregate,all,2025-06-30,Q,7.04,fred,2026-09-07T17:18:12Z
card_dq_rate_sa,COMBANKS_OTHER,aggregate,all,2025-09-30,Q,6.75,fred,2026-09-07T17:18:12Z
card_dq_rate_sa,COMBANKS_OTHER,aggregate,all,2025-12-31,Q,6.61,fred,2026-09-07T17:18:12Z
card_dq_rate_sa,COMBANKS_OTHER,aggregate,all,2026-03-31,Q,6.44,fred,2026-09-07T17:18:12Z
card_dq_rate_sa,COMBANKS_OTHER,aggregate,all,2026-06-30,Q,6.49,fred,2026-09-07T17:18:12Z
card_dq_rate_sa,COMBANKS_TOP100,aggregate,all,1991-03-31,Q,5.86,fred,2026-09-07T17:18:12Z
card_dq_rate_sa,COMBANKS_TOP100,aggregate,all,1991-06-30,Q,6,fred,2026-09-07T17:18:12Z
card_dq_rate_sa,COMBANKS_TOP100,aggregate,all,1991-09-30,Q,5.91,fred,2026-09-07T17:18:12Z
card_dq_rate_sa,COMBANKS_TOP100,aggregate,all,1991-12-31,Q,5.89,fred,2026-09-07T17:18:12Z
card_dq_rate_sa,COMBANKS_TOP100,aggregate,all,1992-03-31,Q,6.05,fred,2026-09-07T17:18:12Z
card_dq_rate_sa,COMBANKS_TOP100,aggregate,all,1992-06-30,Q,6.07,fred,2026-09-07T17:18:12Z
card_dq_rate_sa,COMBANKS_TOP100,aggregate,all,1992-09-30,Q,5.99,fred,2026-09-07T17:18:12Z
card_dq_rate_sa,COMBANKS_TOP100,aggregate,all,1992-12-31,Q,5.45,fred,2026-09-07T17:18:12Z
card_dq_rate_sa,COMBANKS_TOP100,aggregate,all,1993-03-31,Q,5.4,fred,2026-09-07T17:18:12Z
card_dq_rate_sa,COMBANKS_TOP100,aggregate,all,1993-06-30,Q,5.12,fred,2026-09-07T17:18:12Z
card_dq_rate_sa,COMBANKS_TOP100,aggregate,all,1993-09-30,Q,4.65,fred,2026-09-07T17:18:12Z
card_dq_rate_sa,COMBANKS_TOP100,aggregate,all,1993-12-31,Q,4.37,fred,2026-09-07T17:18:12Z
card_dq_rate_sa,COMBANKS_TOP100,aggregate,all,1994-03-31,Q,3.94,fred,2026-09-07T17:18:12Z
card_dq_rate_sa,COMBANKS_TOP100,aggregate,all,1994-06-30,Q,3.37,fred,2026-09-07T17:18:12Z
card_dq_rate_sa,COMBANKS_TOP100,aggregate,all,1994-09-30,Q,3.36,fred,2026-09-07T17:18:12Z
card_dq_rate_sa,COMBANKS_TOP100,aggregate,all,1994-12-31,Q,3.39,fred,2026-09-07T17:18:12Z
card_dq_rate_sa,COMBANKS_TOP100,aggregate,all,1995-03-31,Q,3.52,fred,2026-09-07T17:18:12Z
card_dq_rate_sa,COMBANKS_TOP100,aggregate,all,1995-06-30,Q,3.75,fred,2026-09-07T17:18:12Z
card_dq_rate_sa,COMBANKS_TOP100,aggregate,all,1995-09-30,Q,4.01,fred,2026-09-07T17:18:12Z
card_dq_rate_sa,COMBANKS_TOP100,aggregate,all,1995-12-31,Q,3.99,fred,2026-09-07T17:18:12Z
card_dq_rate_sa,COMBANKS_TOP100,aggregate,all,1996-03-31,Q,4.06,fred,2026-09-07T17:18:12Z
card_dq_rate_sa,COMBANKS_TOP100,aggregate,all,1996-06-30,Q,4.23,fred,2026-09-07T17:18:12Z
card_dq_rate_sa,COMBANKS_TOP100,aggregate,all,1996-09-30,Q,4.23,fred,2026-09-07T17:18:12Z
card_dq_rate_sa,COMBANKS_TOP100,aggregate,all,1996-12-31,Q,4.38,fred,2026-09-07T17:18:12Z
card_dq_rate_sa,COMBANKS_TOP100,aggregate,all,1997-03-31,Q,4.48,fred,2026-09-07T17:18:12Z
card_dq_rate_sa,COMBANKS_TOP100,aggregate,all,1997-06-30,Q,4.52,fred,2026-09-07T17:18:12Z
card_dq_rate_sa,COMBANKS_TOP100,aggregate,all,1997-09-30,Q,4.49,fred,2026-09-07T17:18:12Z
card_dq_rate_sa,COMBANKS_TOP100,aggregate,all,1997-12-31,Q,4.75,fred,2026-09-07T17:18:12Z
card_dq_rate_sa,COMBANKS_TOP100,aggregate,all,1998-03-31,Q,4.63,fred,2026-09-07T17:18:12Z
card_dq_rate_sa,COMBANKS_TOP100,aggregate,all,1998-06-30,Q,4.64,fred,2026-09-07T17:18:12Z
card_dq_rate_sa,COMBANKS_TOP100,aggregate,all,1998-09-30,Q,4.65,fred,2026-09-07T17:18:12Z
card_dq_rate_sa,COMBANKS_TOP100,aggregate,all,1998-12-31,Q,4.64,fred,2026-09-07T17:18:12Z
card_dq_rate_sa,COMBANKS_TOP100,aggregate,all,1999-03-31,Q,4.64,fred,2026-09-07T17:18:12Z
card_dq_rate_sa,COMBANKS_TOP100,aggregate,all,1999-06-30,Q,4.49,fred,2026-09-07T17:18:12Z
card_dq_rate_sa,COMBANKS_TOP100,aggregate,all,1999-09-30,Q,4.55,fred,2026-09-07T17:18:12Z
card_dq_rate_sa,COMBANKS_TOP100,aggregate,all,1999-12-31,Q,4.46,fred,2026-09-07T17:18:12Z
card_dq_rate_sa,COMBANKS_TOP100,aggregate,all,2000-03-31,Q,4.36,fred,2026-09-07T17:18:12Z
card_dq_rate_sa,COMBANKS_TOP100,aggregate,all,2000-06-30,Q,4.49,fred,2026-09-07T17:18:12Z
card_dq_rate_sa,COMBANKS_TOP100,aggregate,all,2000-09-30,Q,4.5,fred,2026-09-07T17:18:12Z
card_dq_rate_sa,COMBANKS_TOP100,aggregate,all,2000-12-31,Q,4.48,fred,2026-09-07T17:18:12Z
card_dq_rate_sa,COMBANKS_TOP100,aggregate,all,2001-03-31,Q,4.67,fred,2026-09-07T17:18:12Z
card_dq_rate_sa,COMBANKS_TOP100,aggregate,all,2001-06-30,Q,4.74,fred,2026-09-07T17:18:12Z
card_dq_rate_sa,COMBANKS_TOP100,aggregate,all,2001-09-30,Q,4.75,fred,2026-09-07T17:18:12Z
card_dq_rate_sa,COMBANKS_TOP100,aggregate,all,2001-12-31,Q,4.53,fred,2026-09-07T17:18:12Z
card_dq_rate_sa,COMBANKS_TOP100,aggregate,all,2002-03-31,Q,4.81,fred,2026-09-07T17:18:12Z
card_dq_rate_sa,COMBANKS_TOP100,aggregate,all,2002-06-30,Q,4.68,fred,2026-09-07T17:18:12Z
card_dq_rate_sa,COMBANKS_TOP100,aggregate,all,2002-09-30,Q,4.74,fred,2026-09-07T17:18:12Z
card_dq_rate_sa,COMBANKS_TOP100,aggregate,all,2002-12-31,Q,4.71,fred,2026-09-07T17:18:12Z
card_dq_rate_sa,COMBANKS_TOP100,aggregate,all,2003-03-31,Q,4.49,fred,2026-09-07T17:18:12Z
card_dq_rate_sa,COMBANKS_TOP100,aggregate,all,2003-06-30,Q,4.33,fred,2026-09-07T17:18:12Z
card_dq_rate_sa,COMBANKS_TOP100,aggregate,all,2003-09-30,Q,4.13,fred,2026-09-07T17:18:12Z
card_dq_rate_sa,COMBANKS_TOP100,aggregate,all,2003-12-31,Q,4.25,fred,2026-09-07T17:18:12Z
card_dq_rate_sa,COMBANKS_TOP100,aggregate,all,2004-03-31,Q,4.11,fred,2026-09-07T17:18:12Z
card_dq_rate_sa,COMBANKS_TOP100,aggregate,all,2004-06-30,Q,4.01,fred,2026-09-07T17:18:12Z
card_dq_rate_sa,COMBANKS_TOP100,aggregate,all,2004-09-30,Q,3.95,fred,2026-09-07T17:18:12Z
card_dq_rate_sa,COMBANKS_TOP100,aggregate,all,2004-12-31,Q,3.91,fred,2026-09-07T17:18:12Z
card_dq_rate_sa,COMBANKS_TOP100,aggregate,all,2005-03-31,Q,3.67,fred,2026-09-07T17:18:12Z
card_dq_rate_sa,COMBANKS_TOP100,aggregate,all,2005-06-30,Q,3.66,fred,2026-09-07T17:18:12Z
card_dq_rate_sa,COMBANKS_TOP100,aggregate,all,2005-09-30,Q,3.88,fred,2026-09-07T17:18:12Z
card_dq_rate_sa,COMBANKS_TOP100,aggregate,all,2005-12-31,Q,3.57,fred,2026-09-07T17:18:12Z
card_dq_rate_sa,COMBANKS_TOP100,aggregate,all,2006-03-31,Q,3.91,fred,2026-09-07T17:18:12Z
card_dq_rate_sa,COMBANKS_TOP100,aggregate,all,2006-06-30,Q,4.21,fred,2026-09-07T17:18:12Z
card_dq_rate_sa,COMBANKS_TOP100,aggregate,all,2006-09-30,Q,4.19,fred,2026-09-07T17:18:12Z
card_dq_rate_sa,COMBANKS_TOP100,aggregate,all,2006-12-31,Q,3.99,fred,2026-09-07T17:18:12Z
card_dq_rate_sa,COMBANKS_TOP100,aggregate,all,2007-03-31,Q,4.01,fred,2026-09-07T17:18:12Z
card_dq_rate_sa,COMBANKS_TOP100,aggregate,all,2007-06-30,Q,4.06,fred,2026-09-07T17:18:12Z
card_dq_rate_sa,COMBANKS_TOP100,aggregate,all,2007-09-30,Q,4.43,fred,2026-09-07T17:18:12Z
card_dq_rate_sa,COMBANKS_TOP100,aggregate,all,2007-12-31,Q,4.6,fred,2026-09-07T17:18:12Z
card_dq_rate_sa,COMBANKS_TOP100,aggregate,all,2008-03-31,Q,4.75,fred,2026-09-07T17:18:12Z
card_dq_rate_sa,COMBANKS_TOP100,aggregate,all,2008-06-30,Q,4.89,fred,2026-09-07T17:18:12Z
card_dq_rate_sa,COMBANKS_TOP100,aggregate,all,2008-09-30,Q,4.79,fred,2026-09-07T17:18:12Z
card_dq_rate_sa,COMBANKS_TOP100,aggregate,all,2008-12-31,Q,5.63,fred,2026-09-07T17:18:12Z
card_dq_rate_sa,COMBANKS_TOP100,aggregate,all,2009-03-31,Q,6.61,fred,2026-09-07T17:18:12Z
card_dq_rate_sa,COMBANKS_TOP100,aggregate,all,2009-06-30,Q,6.87,fred,2026-09-07T17:18:12Z
card_dq_rate_sa,COMBANKS_TOP100,aggregate,all,2009-09-30,Q,6.63,fred,2026-09-07T17:18:12Z
card_dq_rate_sa,COMBANKS_TOP100,aggregate,all,2009-12-31,Q,6.37,fred,2026-09-07T17:18:12Z
card_dq_rate_sa,COMBANKS_TOP100,aggregate,all,2010-03-31,Q,5.79,fred,2026-09-07T17:18:12Z
card_dq_rate_sa,COMBANKS_TOP100,aggregate,all,2010-06-30,Q,5.09,fred,2026-09-07T17:18:12Z
card_dq_rate_sa,COMBANKS_TOP100,aggregate,all,2010-09-30,Q,4.58,fred,2026-09-07T17:18:12Z
card_dq_rate_sa,COMBANKS_TOP100,aggregate,all,2010-12-31,Q,4.14,fred,2026-09-07T17:18:12Z
card_dq_rate_sa,COMBANKS_TOP100,aggregate,all,2011-03-31,Q,3.82,fred,2026-09-07T17:18:12Z
card_dq_rate_sa,COMBANKS_TOP100,aggregate,all,2011-06-30,Q,3.65,fred,2026-09-07T17:18:12Z
card_dq_rate_sa,COMBANKS_TOP100,aggregate,all,2011-09-30,Q,3.45,fred,2026-09-07T17:18:12Z
card_dq_rate_sa,COMBANKS_TOP100,aggregate,all,2011-12-31,Q,3.25,fred,2026-09-07T17:18:12Z
card_dq_rate_sa,COMBANKS_TOP100,aggregate,all,2012-03-31,Q,3.05,fred,2026-09-07T17:18:12Z
card_dq_rate_sa,COMBANKS_TOP100,aggregate,all,2012-06-30,Q,2.9,fred,2026-09-07T17:18:12Z
card_dq_rate_sa,COMBANKS_TOP100,aggregate,all,2012-09-30,Q,2.81,fred,2026-09-07T17:18:12Z
card_dq_rate_sa,COMBANKS_TOP100,aggregate,all,2012-12-31,Q,2.69,fred,2026-09-07T17:18:12Z
card_dq_rate_sa,COMBANKS_TOP100,aggregate,all,2013-03-31,Q,2.62,fred,2026-09-07T17:18:12Z
card_dq_rate_sa,COMBANKS_TOP100,aggregate,all,2013-06-30,Q,2.51,fred,2026-09-07T17:18:12Z
card_dq_rate_sa,COMBANKS_TOP100,aggregate,all,2013-09-30,Q,2.42,fred,2026-09-07T17:18:12Z
card_dq_rate_sa,COMBANKS_TOP100,aggregate,all,2013-12-31,Q,2.34,fred,2026-09-07T17:18:12Z
card_dq_rate_sa,COMBANKS_TOP100,aggregate,all,2014-03-31,Q,2.28,fred,2026-09-07T17:18:12Z
card_dq_rate_sa,COMBANKS_TOP100,aggregate,all,2014-06-30,Q,2.22,fred,2026-09-07T17:18:12Z
card_dq_rate_sa,COMBANKS_TOP100,aggregate,all,2014-09-30,Q,2.16,fred,2026-09-07T17:18:12Z
card_dq_rate_sa,COMBANKS_TOP100,aggregate,all,2014-12-31,Q,2.1,fred,2026-09-07T17:18:12Z
card_dq_rate_sa,COMBANKS_TOP100,aggregate,all,2015-03-31,Q,2.06,fred,2026-09-07T17:18:12Z
card_dq_rate_sa,COMBANKS_TOP100,aggregate,all,2015-06-30,Q,2.06,fred,2026-09-07T17:18:12Z
card_dq_rate_sa,COMBANKS_TOP100,aggregate,all,2015-09-30,Q,2.08,fred,2026-09-07T17:18:12Z
card_dq_rate_sa,COMBANKS_TOP100,aggregate,all,2015-12-31,Q,2.14,fred,2026-09-07T17:18:12Z
card_dq_rate_sa,COMBANKS_TOP100,aggregate,all,2016-03-31,Q,2.11,fred,2026-09-07T17:18:12Z
card_dq_rate_sa,COMBANKS_TOP100,aggregate,all,2016-06-30,Q,2.19,fred,2026-09-07T17:18:12Z
card_dq_rate_sa,COMBANKS_TOP100,aggregate,all,2016-09-30,Q,2.27,fred,2026-09-07T17:18:12Z
card_dq_rate_sa,COMBANKS_TOP100,aggregate,all,2016-12-31,Q,2.34,fred,2026-09-07T17:18:12Z
card_dq_rate_sa,COMBANKS_TOP100,aggregate,all,2017-03-31,Q,2.36,fred,2026-09-07T17:18:12Z
card_dq_rate_sa,COMBANKS_TOP100,aggregate,all,2017-06-30,Q,2.46,fred,2026-09-07T17:18:12Z
card_dq_rate_sa,COMBANKS_TOP100,aggregate,all,2017-09-30,Q,2.49,fred,2026-09-07T17:18:12Z
card_dq_rate_sa,COMBANKS_TOP100,aggregate,all,2017-12-31,Q,2.43,fred,2026-09-07T17:18:12Z
card_dq_rate_sa,COMBANKS_TOP100,aggregate,all,2018-03-31,Q,2.44,fred,2026-09-07T17:18:12Z
card_dq_rate_sa,COMBANKS_TOP100,aggregate,all,2018-06-30,Q,2.45,fred,2026-09-07T17:18:12Z
card_dq_rate_sa,COMBANKS_TOP100,aggregate,all,2018-09-30,Q,2.45,fred,2026-09-07T17:18:12Z
card_dq_rate_sa,COMBANKS_TOP100,aggregate,all,2018-12-31,Q,2.5,fred,2026-09-07T17:18:12Z
card_dq_rate_sa,COMBANKS_TOP100,aggregate,all,2019-03-31,Q,2.48,fred,2026-09-07T17:18:12Z
card_dq_rate_sa,COMBANKS_TOP100,aggregate,all,2019-06-30,Q,2.48,fred,2026-09-07T17:18:12Z
card_dq_rate_sa,COMBANKS_TOP100,aggregate,all,2019-09-30,Q,2.54,fred,2026-09-07T17:18:12Z
card_dq_rate_sa,COMBANKS_TOP100,aggregate,all,2019-12-31,Q,2.48,fred,2026-09-07T17:18:12Z
card_dq_rate_sa,COMBANKS_TOP100,aggregate,all,2020-03-31,Q,2.55,fred,2026-09-07T17:18:12Z
card_dq_rate_sa,COMBANKS_TOP100,aggregate,all,2020-06-30,Q,2.36,fred,2026-09-07T17:18:12Z
card_dq_rate_sa,COMBANKS_TOP100,aggregate,all,2020-09-30,Q,1.88,fred,2026-09-07T17:18:12Z
card_dq_rate_sa,COMBANKS_TOP100,aggregate,all,2020-12-31,Q,2.02,fred,2026-09-07T17:18:12Z
card_dq_rate_sa,COMBANKS_TOP100,aggregate,all,2021-03-31,Q,1.8,fred,2026-09-07T17:18:12Z
card_dq_rate_sa,COMBANKS_TOP100,aggregate,all,2021-06-30,Q,1.51,fred,2026-09-07T17:18:12Z
card_dq_rate_sa,COMBANKS_TOP100,aggregate,all,2021-09-30,Q,1.44,fred,2026-09-07T17:18:12Z
card_dq_rate_sa,COMBANKS_TOP100,aggregate,all,2021-12-31,Q,1.47,fred,2026-09-07T17:18:12Z
card_dq_rate_sa,COMBANKS_TOP100,aggregate,all,2022-03-31,Q,1.58,fred,2026-09-07T17:18:12Z
card_dq_rate_sa,COMBANKS_TOP100,aggregate,all,2022-06-30,Q,1.7,fred,2026-09-07T17:18:12Z
card_dq_rate_sa,COMBANKS_TOP100,aggregate,all,2022-09-30,Q,1.89,fred,2026-09-07T17:18:12Z
card_dq_rate_sa,COMBANKS_TOP100,aggregate,all,2022-12-31,Q,2.1,fred,2026-09-07T17:18:12Z
card_dq_rate_sa,COMBANKS_TOP100,aggregate,all,2023-03-31,Q,2.32,fred,2026-09-07T17:18:12Z
card_dq_rate_sa,COMBANKS_TOP100,aggregate,all,2023-06-30,Q,2.61,fred,2026-09-07T17:18:12Z
card_dq_rate_sa,COMBANKS_TOP100,aggregate,all,2023-09-30,Q,2.81,fred,2026-09-07T17:18:12Z
card_dq_rate_sa,COMBANKS_TOP100,aggregate,all,2023-12-31,Q,2.96,fred,2026-09-07T17:18:12Z
card_dq_rate_sa,COMBANKS_TOP100,aggregate,all,2024-03-31,Q,3.03,fred,2026-09-07T17:18:12Z
card_dq_rate_sa,COMBANKS_TOP100,aggregate,all,2024-06-30,Q,3.1,fred,2026-09-07T17:18:12Z
card_dq_rate_sa,COMBANKS_TOP100,aggregate,all,2024-09-30,Q,3.08,fred,2026-09-07T17:18:12Z
card_dq_rate_sa,COMBANKS_TOP100,aggregate,all,2024-12-31,Q,2.97,fred,2026-09-07T17:18:12Z
card_dq_rate_sa,COMBANKS_TOP100,aggregate,all,2025-03-31,Q,2.93,fred,2026-09-07T17:18:12Z
card_dq_rate_sa,COMBANKS_TOP100,aggregate,all,2025-06-30,Q,2.92,fred,2026-09-07T17:18:12Z
card_dq_rate_sa,COMBANKS_TOP100,aggregate,all,2025-09-30,Q,2.87,fred,2026-09-07T17:18:12Z
card_dq_rate_sa,COMBANKS_TOP100,aggregate,all,2025-12-31,Q,2.83,fred,2026-09-07T17:18:12Z
card_dq_rate_sa,COMBANKS_TOP100,aggregate,all,2026-03-31,Q,2.8,fred,2026-09-07T17:18:12Z
card_dq_rate_sa,COMBANKS_TOP100,aggregate,all,2026-06-30,Q,2.74,fred,2026-09-07T17:18:12Z
card_nco_rate_sa,COMBANKS_ALL,aggregate,all,1985-03-31,Q,1.9,fred,2026-09-07T17:18:12Z
card_nco_rate_sa,COMBANKS_ALL,aggregate,all,1985-06-30,Q,2.26,fred,2026-09-07T17:18:12Z
card_nco_rate_sa,COMBANKS_ALL,aggregate,all,1985-09-30,Q,2.67,fred,2026-09-07T17:18:12Z
card_nco_rate_sa,COMBANKS_ALL,aggregate,all,1985-12-31,Q,2.91,fred,2026-09-07T17:18:12Z
card_nco_rate_sa,COMBANKS_ALL,aggregate,all,1986-03-31,Q,3.13,fred,2026-09-07T17:18:12Z
card_nco_rate_sa,COMBANKS_ALL,aggregate,all,1986-06-30,Q,3.2,fred,2026-09-07T17:18:12Z
card_nco_rate_sa,COMBANKS_ALL,aggregate,all,1986-09-30,Q,3.39,fred,2026-09-07T17:18:12Z
card_nco_rate_sa,COMBANKS_ALL,aggregate,all,1986-12-31,Q,3.39,fred,2026-09-07T17:18:12Z
card_nco_rate_sa,COMBANKS_ALL,aggregate,all,1987-03-31,Q,3.45,fred,2026-09-07T17:18:12Z
card_nco_rate_sa,COMBANKS_ALL,aggregate,all,1987-06-30,Q,3.34,fred,2026-09-07T17:18:12Z
card_nco_rate_sa,COMBANKS_ALL,aggregate,all,1987-09-30,Q,3.16,fred,2026-09-07T17:18:12Z
card_nco_rate_sa,COMBANKS_ALL,aggregate,all,1987-12-31,Q,3.21,fred,2026-09-07T17:18:12Z
card_nco_rate_sa,COMBANKS_ALL,aggregate,all,1988-03-31,Q,3.18,fred,2026-09-07T17:18:12Z
card_nco_rate_sa,COMBANKS_ALL,aggregate,all,1988-06-30,Q,3.24,fred,2026-09-07T17:18:12Z
card_nco_rate_sa,COMBANKS_ALL,aggregate,all,1988-09-30,Q,3.21,fred,2026-09-07T17:18:12Z
card_nco_rate_sa,COMBANKS_ALL,aggregate,all,1988-12-31,Q,3.12,fred,2026-09-07T17:18:12Z
card_nco_rate_sa,COMBANKS_ALL,aggregate,all,1989-03-31,Q,3.13,fred,2026-09-07T17:18:12Z
card_nco_rate_sa,COMBANKS_ALL,aggregate,all,1989-06-30,Q,3.16,fred,2026-09-07T17:18:12Z
card_nco_rate_sa,COMBANKS_ALL,aggregate,all,1989-09-30,Q,3.07,fred,2026-09-07T17:18:12Z
card_nco_rate_sa,COMBANKS_ALL,aggregate,all,1989-12-31,Q,3.21,fred,2026-09-07T17:18:12Z
card_nco_rate_sa,COMBANKS_ALL,aggregate,all,1990-03-31,Q,3.1,fred,2026-09-07T17:18:12Z
card_nco_rate_sa,COMBANKS_ALL,aggregate,all,1990-06-30,Q,3.21,fred,2026-09-07T17:18:12Z
card_nco_rate_sa,COMBANKS_ALL,aggregate,all,1990-09-30,Q,3.55,fred,2026-09-07T17:18:12Z
card_nco_rate_sa,COMBANKS_ALL,aggregate,all,1990-12-31,Q,3.79,fred,2026-09-07T17:18:12Z
card_nco_rate_sa,COMBANKS_ALL,aggregate,all,1991-03-31,Q,4.18,fred,2026-09-07T17:18:12Z
card_nco_rate_sa,COMBANKS_ALL,aggregate,all,1991-06-30,Q,4.6,fred,2026-09-07T17:18:12Z
card_nco_rate_sa,COMBANKS_ALL,aggregate,all,1991-09-30,Q,4.83,fred,2026-09-07T17:18:12Z
card_nco_rate_sa,COMBANKS_ALL,aggregate,all,1991-12-31,Q,4.59,fred,2026-09-07T17:18:12Z
card_nco_rate_sa,COMBANKS_ALL,aggregate,all,1992-03-31,Q,4.91,fred,2026-09-07T17:18:12Z
card_nco_rate_sa,COMBANKS_ALL,aggregate,all,1992-06-30,Q,4.78,fred,2026-09-07T17:18:12Z
card_nco_rate_sa,COMBANKS_ALL,aggregate,all,1992-09-30,Q,4.34,fred,2026-09-07T17:18:12Z
card_nco_rate_sa,COMBANKS_ALL,aggregate,all,1992-12-31,Q,4.47,fred,2026-09-07T17:18:12Z
card_nco_rate_sa,COMBANKS_ALL,aggregate,all,1993-03-31,Q,4.1,fred,2026-09-07T17:18:12Z
card_nco_rate_sa,COMBANKS_ALL,aggregate,all,1993-06-30,Q,3.95,fred,2026-09-07T17:18:12Z
card_nco_rate_sa,COMBANKS_ALL,aggregate,all,1993-09-30,Q,3.69,fred,2026-09-07T17:18:12Z
card_nco_rate_sa,COMBANKS_ALL,aggregate,all,1993-12-31,Q,3.34,fred,2026-09-07T17:18:12Z
card_nco_rate_sa,COMBANKS_ALL,aggregate,all,1994-03-31,Q,3.31,fred,2026-09-07T17:18:12Z
card_nco_rate_sa,COMBANKS_ALL,aggregate,all,1994-06-30,Q,3.02,fred,2026-09-07T17:18:12Z
card_nco_rate_sa,COMBANKS_ALL,aggregate,all,1994-09-30,Q,2.97,fred,2026-09-07T17:18:12Z
card_nco_rate_sa,COMBANKS_ALL,aggregate,all,1994-12-31,Q,3.08,fred,2026-09-07T17:18:12Z
card_nco_rate_sa,COMBANKS_ALL,aggregate,all,1995-03-31,Q,2.93,fred,2026-09-07T17:18:12Z
card_nco_rate_sa,COMBANKS_ALL,aggregate,all,1995-06-30,Q,3.27,fred,2026-09-07T17:18:12Z
card_nco_rate_sa,COMBANKS_ALL,aggregate,all,1995-09-30,Q,3.67,fred,2026-09-07T17:18:12Z
card_nco_rate_sa,COMBANKS_ALL,aggregate,all,1995-12-31,Q,3.93,fred,2026-09-07T17:18:12Z
card_nco_rate_sa,COMBANKS_ALL,aggregate,all,1996-03-31,Q,4.22,fred,2026-09-07T17:18:12Z
card_nco_rate_sa,COMBANKS_ALL,aggregate,all,1996-06-30,Q,4.45,fred,2026-09-07T17:18:12Z
card_nco_rate_sa,COMBANKS_ALL,aggregate,all,1996-09-30,Q,4.46,fred,2026-09-07T17:18:12Z
card_nco_rate_sa,COMBANKS_ALL,aggregate,all,1996-12-31,Q,4.65,fred,2026-09-07T17:18:12Z
card_nco_rate_sa,COMBANKS_ALL,aggregate,all,1997-03-31,Q,4.92,fred,2026-09-07T17:18:12Z
card_nco_rate_sa,COMBANKS_ALL,aggregate,all,1997-06-30,Q,5.38,fred,2026-09-07T17:18:12Z
card_nco_rate_sa,COMBANKS_ALL,aggregate,all,1997-09-30,Q,5.5,fred,2026-09-07T17:18:12Z
card_nco_rate_sa,COMBANKS_ALL,aggregate,all,1997-12-31,Q,5.4,fred,2026-09-07T17:18:12Z
card_nco_rate_sa,COMBANKS_ALL,aggregate,all,1998-03-31,Q,5.24,fred,2026-09-07T17:18:12Z
card_nco_rate_sa,COMBANKS_ALL,aggregate,all,1998-06-30,Q,5.2,fred,2026-09-07T17:18:12Z
card_nco_rate_sa,COMBANKS_ALL,aggregate,all,1998-09-30,Q,5.28,fred,2026-09-07T17:18:12Z
card_nco_rate_sa,COMBANKS_ALL,aggregate,all,1998-12-31,Q,5.08,fred,2026-09-07T17:18:12Z
card_nco_rate_sa,COMBANKS_ALL,aggregate,all,1999-03-31,Q,4.89,fred,2026-09-07T17:18:12Z
card_nco_rate_sa,COMBANKS_ALL,aggregate,all,1999-06-30,Q,4.32,fred,2026-09-07T17:18:12Z
card_nco_rate_sa,COMBANKS_ALL,aggregate,all,1999-09-30,Q,4.5,fred,2026-09-07T17:18:12Z
card_nco_rate_sa,COMBANKS_ALL,aggregate,all,1999-12-31,Q,4.49,fred,2026-09-07T17:18:12Z
card_nco_rate_sa,COMBANKS_ALL,aggregate,all,2000-03-31,Q,4.49,fred,2026-09-07T17:18:12Z
card_nco_rate_sa,COMBANKS_ALL,aggregate,all,2000-06-30,Q,4.09,fred,2026-09-07T17:18:12Z
card_nco_rate_sa,COMBANKS_ALL,aggregate,all,2000-09-30,Q,4.25,fred,2026-09-07T17:18:12Z
card_nco_rate_sa,COMBANKS_ALL,aggregate,all,2000-12-31,Q,4.39,fred,2026-09-07T17:18:12Z
card_nco_rate_sa,COMBANKS_ALL,aggregate,all,2001-03-31,Q,4.57,fred,2026-09-07T17:18:12Z
card_nco_rate_sa,COMBANKS_ALL,aggregate,all,2001-06-30,Q,5.22,fred,2026-09-07T17:18:12Z
card_nco_rate_sa,COMBANKS_ALL,aggregate,all,2001-09-30,Q,5.55,fred,2026-09-07T17:18:12Z
card_nco_rate_sa,COMBANKS_ALL,aggregate,all,2001-12-31,Q,6.35,fred,2026-09-07T17:18:12Z
card_nco_rate_sa,COMBANKS_ALL,aggregate,all,2002-03-31,Q,7.65,fred,2026-09-07T17:18:12Z
card_nco_rate_sa,COMBANKS_ALL,aggregate,all,2002-06-30,Q,6.19,fred,2026-09-07T17:18:12Z
card_nco_rate_sa,COMBANKS_ALL,aggregate,all,2002-09-30,Q,6.22,fred,2026-09-07T17:18:12Z
card_nco_rate_sa,COMBANKS_ALL,aggregate,all,2002-12-31,Q,5.54,fred,2026-09-07T17:18:12Z
card_nco_rate_sa,COMBANKS_ALL,aggregate,all,2003-03-31,Q,5.73,fred,2026-09-07T17:18:12Z
card_nco_rate_sa,COMBANKS_ALL,aggregate,all,2003-06-30,Q,5.96,fred,2026-09-07T17:18:12Z
card_nco_rate_sa,COMBANKS_ALL,aggregate,all,2003-09-30,Q,5.59,fred,2026-09-07T17:18:12Z
card_nco_rate_sa,COMBANKS_ALL,aggregate,all,2003-12-31,Q,6.01,fred,2026-09-07T17:18:12Z
card_nco_rate_sa,COMBANKS_ALL,aggregate,all,2004-03-31,Q,5.4,fred,2026-09-07T17:18:12Z
card_nco_rate_sa,COMBANKS_ALL,aggregate,all,2004-06-30,Q,5.27,fred,2026-09-07T17:18:12Z
card_nco_rate_sa,COMBANKS_ALL,aggregate,all,2004-09-30,Q,4.49,fred,2026-09-07T17:18:12Z
card_nco_rate_sa,COMBANKS_ALL,aggregate,all,2004-12-31,Q,4.68,fred,2026-09-07T17:18:12Z
card_nco_rate_sa,COMBANKS_ALL,aggregate,all,2005-03-31,Q,4.66,fred,2026-09-07T17:18:12Z
card_nco_rate_sa,COMBANKS_ALL,aggregate,all,2005-06-30,Q,4.25,fred,2026-09-07T17:18:12Z
card_nco_rate_sa,COMBANKS_ALL,aggregate,all,2005-09-30,Q,4.35,fred,2026-09-07T17:18:12Z
card_nco_rate_sa,COMBANKS_ALL,aggregate,all,2005-12-31,Q,6.09,fred,2026-09-07T17:18:12Z
card_nco_rate_sa,COMBANKS_ALL,aggregate,all,2006-03-31,Q,3.17,fred,2026-09-07T17:18:12Z
card_nco_rate_sa,COMBANKS_ALL,aggregate,all,2006-06-30,Q,3.43,fred,2026-09-07T17:18:12Z
card_nco_rate_sa,COMBANKS_ALL,aggregate,all,2006-09-30,Q,3.84,fred,2026-09-07T17:18:12Z
card_nco_rate_sa,COMBANKS_ALL,aggregate,all,2006-12-31,Q,3.7,fred,2026-09-07T17:18:12Z
card_nco_rate_sa,COMBANKS_ALL,aggregate,all,2007-03-31,Q,4.01,fred,2026-09-07T17:18:12Z
card_nco_rate_sa,COMBANKS_ALL,aggregate,all,2007-06-30,Q,3.73,fred,2026-09-07T17:18:12Z
card_nco_rate_sa,COMBANKS_ALL,aggregate,all,2007-09-30,Q,3.91,fred,2026-09-07T17:18:12Z
card_nco_rate_sa,COMBANKS_ALL,aggregate,all,2007-12-31,Q,4.32,fred,2026-09-07T17:18:12Z
card_nco_rate_sa,COMBANKS_ALL,aggregate,all,2008-03-31,Q,4.76,fred,2026-09-07T17:18:12Z
card_nco_rate_sa,COMBANKS_ALL,aggregate,all,2008-06-30,Q,5.26,fred,2026-09-07T17:18:12Z
card_nco_rate_sa,COMBANKS_ALL,aggregate,all,2008-09-30,Q,5.77,fred,2026-09-07T17:18:12Z
card_nco_rate_sa,COMBANKS_ALL,aggregate,all,2008-12-31,Q,6.53,fred,2026-09-07T17:18:12Z
card_nco_rate_sa,COMBANKS_ALL,aggregate,all,2009-03-31,Q,7.68,fred,2026-09-07T17:18:12Z
card_nco_rate_sa,COMBANKS_ALL,aggregate,all,2009-06-30,Q,9.31,fred,2026-09-07T17:18:12Z
card_nco_rate_sa,COMBANKS_ALL,aggregate,all,2009-09-30,Q,10.22,fred,2026-09-07T17:18:12Z
card_nco_rate_sa,COMBANKS_ALL,aggregate,all,2009-12-31,Q,10.54,fred,2026-09-07T17:18:12Z
card_nco_rate_sa,COMBANKS_ALL,aggregate,all,2010-03-31,Q,10.51,fred,2026-09-07T17:18:12Z
card_nco_rate_sa,COMBANKS_ALL,aggregate,all,2010-06-30,Q,10.43,fred,2026-09-07T17:18:12Z
card_nco_rate_sa,COMBANKS_ALL,aggregate,all,2010-09-30,Q,8.78,fred,2026-09-07T17:18:12Z
card_nco_rate_sa,COMBANKS_ALL,aggregate,all,2010-12-31,Q,7.91,fred,2026-09-07T17:18:12Z
card_nco_rate_sa,COMBANKS_ALL,aggregate,all,2011-03-31,Q,6.93,fred,2026-09-07T17:18:12Z
card_nco_rate_sa,COMBANKS_ALL,aggregate,all,2011-06-30,Q,5.31,fred,2026-09-07T17:18:12Z
card_nco_rate_sa,COMBANKS_ALL,aggregate,all,2011-09-30,Q,5.85,fred,2026-09-07T17:18:12Z
card_nco_rate_sa,COMBANKS_ALL,aggregate,all,2011-12-31,Q,4.63,fred,2026-09-07T17:18:12Z
card_nco_rate_sa,COMBANKS_ALL,aggregate,all,2012-03-31,Q,4.24,fred,2026-09-07T17:18:12Z
card_nco_rate_sa,COMBANKS_ALL,aggregate,all,2012-06-30,Q,3.95,fred,2026-09-07T17:18:12Z
card_nco_rate_sa,COMBANKS_ALL,aggregate,all,2012-09-30,Q,3.93,fred,2026-09-07T17:18:12Z
card_nco_rate_sa,COMBANKS_ALL,aggregate,all,2012-12-31,Q,3.84,fred,2026-09-07T17:18:12Z
card_nco_rate_sa,COMBANKS_ALL,aggregate,all,2013-03-31,Q,3.7,fred,2026-09-07T17:18:12Z
card_nco_rate_sa,COMBANKS_ALL,aggregate,all,2013-06-30,Q,3.47,fred,2026-09-07T17:18:12Z
card_nco_rate_sa,COMBANKS_ALL,aggregate,all,2013-09-30,Q,3.37,fred,2026-09-07T17:18:12Z
card_nco_rate_sa,COMBANKS_ALL,aggregate,all,2013-12-31,Q,3.37,fred,2026-09-07T17:18:12Z
card_nco_rate_sa,COMBANKS_ALL,aggregate,all,2014-03-31,Q,3.24,fred,2026-09-07T17:18:12Z
card_nco_rate_sa,COMBANKS_ALL,aggregate,all,2014-06-30,Q,3.31,fred,2026-09-07T17:18:12Z
card_nco_rate_sa,COMBANKS_ALL,aggregate,all,2014-09-30,Q,3.07,fred,2026-09-07T17:18:12Z
card_nco_rate_sa,COMBANKS_ALL,aggregate,all,2014-12-31,Q,3.01,fred,2026-09-07T17:18:12Z
card_nco_rate_sa,COMBANKS_ALL,aggregate,all,2015-03-31,Q,2.94,fred,2026-09-07T17:18:12Z
card_nco_rate_sa,COMBANKS_ALL,aggregate,all,2015-06-30,Q,2.91,fred,2026-09-07T17:18:12Z
card_nco_rate_sa,COMBANKS_ALL,aggregate,all,2015-09-30,Q,2.95,fred,2026-09-07T17:18:12Z
card_nco_rate_sa,COMBANKS_ALL,aggregate,all,2015-12-31,Q,2.94,fred,2026-09-07T17:18:12Z
card_nco_rate_sa,COMBANKS_ALL,aggregate,all,2016-03-31,Q,3.04,fred,2026-09-07T17:18:12Z
card_nco_rate_sa,COMBANKS_ALL,aggregate,all,2016-06-30,Q,3.01,fred,2026-09-07T17:18:12Z
card_nco_rate_sa,COMBANKS_ALL,aggregate,all,2016-09-30,Q,3.06,fred,2026-09-07T17:18:12Z
card_nco_rate_sa,COMBANKS_ALL,aggregate,all,2016-12-31,Q,3.49,fred,2026-09-07T17:18:12Z
card_nco_rate_sa,COMBANKS_ALL,aggregate,all,2017-03-31,Q,3.45,fred,2026-09-07T17:18:12Z
card_nco_rate_sa,COMBANKS_ALL,aggregate,all,2017-06-30,Q,3.5,fred,2026-09-07T17:18:12Z
card_nco_rate_sa,COMBANKS_ALL,aggregate,all,2017-09-30,Q,3.59,fred,2026-09-07T17:18:12Z
card_nco_rate_sa,COMBANKS_ALL,aggregate,all,2017-12-31,Q,3.7,fred,2026-09-07T17:18:12Z
card_nco_rate_sa,COMBANKS_ALL,aggregate,all,2018-03-31,Q,3.65,fred,2026-09-07T17:18:12Z
card_nco_rate_sa,COMBANKS_ALL,aggregate,all,2018-06-30,Q,3.61,fred,2026-09-07T17:18:12Z
card_nco_rate_sa,COMBANKS_ALL,aggregate,all,2018-09-30,Q,3.69,fred,2026-09-07T17:18:12Z
card_nco_rate_sa,COMBANKS_ALL,aggregate,all,2018-12-31,Q,3.67,fred,2026-09-07T17:18:12Z
card_nco_rate_sa,COMBANKS_ALL,aggregate,all,2019-03-31,Q,3.68,fred,2026-09-07T17:18:12Z
card_nco_rate_sa,COMBANKS_ALL,aggregate,all,2019-06-30,Q,3.63,fred,2026-09-07T17:18:12Z
card_nco_rate_sa,COMBANKS_ALL,aggregate,all,2019-09-30,Q,3.75,fred,2026-09-07T17:18:12Z
card_nco_rate_sa,COMBANKS_ALL,aggregate,all,2019-12-31,Q,3.78,fred,2026-09-07T17:18:12Z
card_nco_rate_sa,COMBANKS_ALL,aggregate,all,2020-03-31,Q,3.72,fred,2026-09-07T17:18:12Z
card_nco_rate_sa,COMBANKS_ALL,aggregate,all,2020-06-30,Q,3.78,fred,2026-09-07T17:18:12Z
card_nco_rate_sa,COMBANKS_ALL,aggregate,all,2020-09-30,Q,3.6,fred,2026-09-07T17:18:12Z
card_nco_rate_sa,COMBANKS_ALL,aggregate,all,2020-12-31,Q,2.68,fred,2026-09-07T17:18:12Z
card_nco_rate_sa,COMBANKS_ALL,aggregate,all,2021-03-31,Q,2.81,fred,2026-09-07T17:18:12Z
card_nco_rate_sa,COMBANKS_ALL,aggregate,all,2021-06-30,Q,2.38,fred,2026-09-07T17:18:12Z
card_nco_rate_sa,COMBANKS_ALL,aggregate,all,2021-09-30,Q,1.81,fred,2026-09-07T17:18:12Z
card_nco_rate_sa,COMBANKS_ALL,aggregate,all,2021-12-31,Q,1.63,fred,2026-09-07T17:18:12Z
card_nco_rate_sa,COMBANKS_ALL,aggregate,all,2022-03-31,Q,1.73,fred,2026-09-07T17:18:12Z
card_nco_rate_sa,COMBANKS_ALL,aggregate,all,2022-06-30,Q,1.86,fred,2026-09-07T17:18:12Z
card_nco_rate_sa,COMBANKS_ALL,aggregate,all,2022-09-30,Q,2.1,fred,2026-09-07T17:18:12Z
card_nco_rate_sa,COMBANKS_ALL,aggregate,all,2022-12-31,Q,2.51,fred,2026-09-07T17:18:12Z
card_nco_rate_sa,COMBANKS_ALL,aggregate,all,2023-03-31,Q,2.86,fred,2026-09-07T17:18:12Z
card_nco_rate_sa,COMBANKS_ALL,aggregate,all,2023-06-30,Q,3.23,fred,2026-09-07T17:18:12Z
card_nco_rate_sa,COMBANKS_ALL,aggregate,all,2023-09-30,Q,3.76,fred,2026-09-07T17:18:12Z
card_nco_rate_sa,COMBANKS_ALL,aggregate,all,2023-12-31,Q,4.18,fred,2026-09-07T17:18:12Z
card_nco_rate_sa,COMBANKS_ALL,aggregate,all,2024-03-31,Q,4.4,fred,2026-09-07T17:18:12Z
card_nco_rate_sa,COMBANKS_ALL,aggregate,all,2024-06-30,Q,4.56,fred,2026-09-07T17:18:12Z
card_nco_rate_sa,COMBANKS_ALL,aggregate,all,2024-09-30,Q,4.69,fred,2026-09-07T17:18:12Z
card_nco_rate_sa,COMBANKS_ALL,aggregate,all,2024-12-31,Q,4.57,fred,2026-09-07T17:18:12Z
card_nco_rate_sa,COMBANKS_ALL,aggregate,all,2025-03-31,Q,4.44,fred,2026-09-07T17:18:12Z
card_nco_rate_sa,COMBANKS_ALL,aggregate,all,2025-06-30,Q,4.19,fred,2026-09-07T17:18:12Z
card_nco_rate_sa,COMBANKS_ALL,aggregate,all,2025-09-30,Q,4.18,fred,2026-09-07T17:18:12Z
card_nco_rate_sa,COMBANKS_ALL,aggregate,all,2025-12-31,Q,4.09,fred,2026-09-07T17:18:12Z
card_nco_rate_sa,COMBANKS_ALL,aggregate,all,2026-03-31,Q,3.82,fred,2026-09-07T17:18:12Z
card_nco_rate_sa,COMBANKS_ALL,aggregate,all,2026-06-30,Q,3.82,fred,2026-09-07T17:18:12Z
card_nco_rate_sa,COMBANKS_OTHER,aggregate,all,1985-03-31,Q,1.76,fred,2026-09-07T17:18:12Z
card_nco_rate_sa,COMBANKS_OTHER,aggregate,all,1985-06-30,Q,2.09,fred,2026-09-07T17:18:12Z
card_nco_rate_sa,COMBANKS_OTHER,aggregate,all,1985-09-30,Q,2.45,fred,2026-09-07T17:18:12Z
card_nco_rate_sa,COMBANKS_OTHER,aggregate,all,1985-12-31,Q,2.67,fred,2026-09-07T17:18:12Z
card_nco_rate_sa,COMBANKS_OTHER,aggregate,all,1986-03-31,Q,2.67,fred,2026-09-07T17:18:12Z
card_nco_rate_sa,COMBANKS_OTHER,aggregate,all,1986-06-30,Q,2.98,fred,2026-09-07T17:18:12Z
card_nco_rate_sa,COMBANKS_OTHER,aggregate,all,1986-09-30,Q,3.05,fred,2026-09-07T17:18:12Z
card_nco_rate_sa,COMBANKS_OTHER,aggregate,all,1986-12-31,Q,3.27,fred,2026-09-07T17:18:12Z
card_nco_rate_sa,COMBANKS_OTHER,aggregate,all,1987-03-31,Q,3.32,fred,2026-09-07T17:18:12Z
card_nco_rate_sa,COMBANKS_OTHER,aggregate,all,1987-06-30,Q,3.11,fred,2026-09-07T17:18:12Z
card_nco_rate_sa,COMBANKS_OTHER,aggregate,all,1987-09-30,Q,3.1,fred,2026-09-07T17:18:12Z
card_nco_rate_sa,COMBANKS_OTHER,aggregate,all,1987-12-31,Q,2.88,fred,2026-09-07T17:18:12Z
card_nco_rate_sa,COMBANKS_OTHER,aggregate,all,1988-03-31,Q,2.99,fred,2026-09-07T17:18:12Z
card_nco_rate_sa,COMBANKS_OTHER,aggregate,all,1988-06-30,Q,3.04,fred,2026-09-07T17:18:12Z
card_nco_rate_sa,COMBANKS_OTHER,aggregate,all,1988-09-30,Q,3.12,fred,2026-09-07T17:18:12Z
card_nco_rate_sa,COMBANKS_OTHER,aggregate,all,1988-12-31,Q,2.81,fred,2026-09-07T17:18:12Z
card_nco_rate_sa,COMBANKS_OTHER,aggregate,all,1989-03-31,Q,3,fred,2026-09-07T17:18:12Z
card_nco_rate_sa,COMBANKS_OTHER,aggregate,all,1989-06-30,Q,3.01,fred,2026-09-07T17:18:12Z
card_nco_rate_sa,COMBANKS_OTHER,aggregate,all,1989-09-30,Q,2.98,fred,2026-09-07T17:18:12Z
card_nco_rate_sa,COMBANKS_OTHER,aggregate,all,1989-12-31,Q,3.22,fred,2026-09-07T17:18:12Z
card_nco_rate_sa,COMBANKS_OTHER,aggregate,all,1990-03-31,Q,3.06,fred,2026-09-07T17:18:12Z
card_nco_rate_sa,COMBANKS_OTHER,aggregate,all,1990-06-30,Q,3.16,fred,2026-09-07T17:18:12Z
card_nco_rate_sa,COMBANKS_OTHER,aggregate,all,1990-09-30,Q,3.19,fred,2026-09-07T17:18:12Z
card_nco_rate_sa,COMBANKS_OTHER,aggregate,all,1990-12-31,Q,3.79,fred,2026-09-07T17:18:12Z
card_nco_rate_sa,COMBANKS_OTHER,aggregate,all,1991-03-31,Q,3.86,fred,2026-09-07T17:18:12Z
card_nco_rate_sa,COMBANKS_OTHER,aggregate,all,1991-06-30,Q,4.13,fred,2026-09-07T17:18:12Z
card_nco_rate_sa,COMBANKS_OTHER,aggregate,all,1991-09-30,Q,4.34,fred,2026-09-07T17:18:12Z
card_nco_rate_sa,COMBANKS_OTHER,aggregate,all,1991-12-31,Q,4.01,fred,2026-09-07T17:18:12Z
card_nco_rate_sa,COMBANKS_OTHER,aggregate,all,1992-03-31,Q,4.46,fred,2026-09-07T17:18:12Z
card_nco_rate_sa,COMBANKS_OTHER,aggregate,all,1992-06-30,Q,4.06,fred,2026-09-07T17:18:12Z
card_nco_rate_sa,COMBANKS_OTHER,aggregate,all,1992-09-30,Q,3.6,fred,2026-09-07T17:18:12Z
card_nco_rate_sa,COMBANKS_OTHER,aggregate,all,1992-12-31,Q,4.37,fred,2026-09-07T17:18:12Z
card_nco_rate_sa,COMBANKS_OTHER,aggregate,all,1993-03-31,Q,3.55,fred,2026-09-07T17:18:12Z
card_nco_rate_sa,COMBANKS_OTHER,aggregate,all,1993-06-30,Q,3.61,fred,2026-09-07T17:18:12Z
card_nco_rate_sa,COMBANKS_OTHER,aggregate,all,1993-09-30,Q,3.35,fred,2026-09-07T17:18:12Z
card_nco_rate_sa,COMBANKS_OTHER,aggregate,all,1993-12-31,Q,3.02,fred,2026-09-07T17:18:12Z
card_nco_rate_sa,COMBANKS_OTHER,aggregate,all,1994-03-31,Q,2.92,fred,2026-09-07T17:18:12Z
card_nco_rate_sa,COMBANKS_OTHER,aggregate,all,1994-06-30,Q,2.73,fred,2026-09-07T17:18:12Z
card_nco_rate_sa,COMBANKS_OTHER,aggregate,all,1994-09-30,Q,2.83,fred,2026-09-07T17:18:12Z
card_nco_rate_sa,COMBANKS_OTHER,aggregate,all,1994-12-31,Q,2.62,fred,2026-09-07T17:18:12Z
card_nco_rate_sa,COMBANKS_OTHER,aggregate,all,1995-03-31,Q,2.86,fred,2026-09-07T17:18:12Z
card_nco_rate_sa,COMBANKS_OTHER,aggregate,all,1995-06-30,Q,3.25,fred,2026-09-07T17:18:12Z
card_nco_rate_sa,COMBANKS_OTHER,aggregate,all,1995-09-30,Q,3.53,fred,2026-09-07T17:18:12Z
card_nco_rate_sa,COMBANKS_OTHER,aggregate,all,1995-12-31,Q,4.11,fred,2026-09-07T17:18:12Z
card_nco_rate_sa,COMBANKS_OTHER,aggregate,all,1996-03-31,Q,4.19,fred,2026-09-07T17:18:12Z
card_nco_rate_sa,COMBANKS_OTHER,aggregate,all,1996-06-30,Q,4.49,fred,2026-09-07T17:18:12Z
card_nco_rate_sa,COMBANKS_OTHER,aggregate,all,1996-09-30,Q,4.7,fred,2026-09-07T17:18:12Z
card_nco_rate_sa,COMBANKS_OTHER,aggregate,all,1996-12-31,Q,5.17,fred,2026-09-07T17:18:12Z
card_nco_rate_sa,COMBANKS_OTHER,aggregate,all,1997-03-31,Q,5.52,fred,2026-09-07T17:18:12Z
card_nco_rate_sa,COMBANKS_OTHER,aggregate,all,1997-06-30,Q,6.25,fred,2026-09-07T17:18:12Z
card_nco_rate_sa,COMBANKS_OTHER,aggregate,all,1997-09-30,Q,6.47,fred,2026-09-07T17:18:12Z
card_nco_rate_sa,COMBANKS_OTHER,aggregate,all,1997-12-31,Q,7.22,fred,2026-09-07T17:18:12Z
card_nco_rate_sa,COMBANKS_OTHER,aggregate,all,1998-03-31,Q,6.18,fred,2026-09-07T17:18:12Z
card_nco_rate_sa,COMBANKS_OTHER,aggregate,all,1998-06-30,Q,6.18,fred,2026-09-07T17:18:12Z
card_nco_rate_sa,COMBANKS_OTHER,aggregate,all,1998-09-30,Q,6.33,fred,2026-09-07T17:18:12Z
card_nco_rate_sa,COMBANKS_OTHER,aggregate,all,1998-12-31,Q,6.39,fred,2026-09-07T17:18:12Z
card_nco_rate_sa,COMBANKS_OTHER,aggregate,all,1999-03-31,Q,5.95,fred,2026-09-07T17:18:12Z
card_nco_rate_sa,COMBANKS_OTHER,aggregate,all,1999-06-30,Q,5.09,fred,2026-09-07T17:18:12Z
card_nco_rate_sa,COMBANKS_OTHER,aggregate,all,1999-09-30,Q,5.45,fred,2026-09-07T17:18:12Z
card_nco_rate_sa,COMBANKS_OTHER,aggregate,all,1999-12-31,Q,5.24,fred,2026-09-07T17:18:12Z
card_nco_rate_sa,COMBANKS_OTHER,aggregate,all,2000-03-31,Q,6.32,fred,2026-09-07T17:18:12Z
card_nco_rate_sa,COMBANKS_OTHER,aggregate,all,2000-06-30,Q,5.56,fred,2026-09-07T17:18:12Z
card_nco_rate_sa,COMBANKS_OTHER,aggregate,all,2000-09-30,Q,5.58,fred,2026-09-07T17:18:12Z
card_nco_rate_sa,COMBANKS_OTHER,aggregate,all,2000-12-31,Q,5.53,fred,2026-09-07T17:18:12Z
card_nco_rate_sa,COMBANKS_OTHER,aggregate,all,2001-03-31,Q,6.55,fred,2026-09-07T17:18:12Z
card_nco_rate_sa,COMBANKS_OTHER,aggregate,all,2001-06-30,Q,7.49,fred,2026-09-07T17:18:12Z
card_nco_rate_sa,COMBANKS_OTHER,aggregate,all,2001-09-30,Q,6.96,fred,2026-09-07T17:18:12Z
card_nco_rate_sa,COMBANKS_OTHER,aggregate,all,2001-12-31,Q,10.28,fred,2026-09-07T17:18:12Z
card_nco_rate_sa,COMBANKS_OTHER,aggregate,all,2002-03-31,Q,6.91,fred,2026-09-07T17:18:12Z
card_nco_rate_sa,COMBANKS_OTHER,aggregate,all,2002-06-30,Q,8.97,fred,2026-09-07T17:18:12Z
card_nco_rate_sa,COMBANKS_OTHER,aggregate,all,2002-09-30,Q,9.8,fred,2026-09-07T17:18:12Z
card_nco_rate_sa,COMBANKS_OTHER,aggregate,all,2002-12-31,Q,8.23,fred,2026-09-07T17:18:12Z
card_nco_rate_sa,COMBANKS_OTHER,aggregate,all,2003-03-31,Q,7.54,fred,2026-09-07T17:18:12Z
card_nco_rate_sa,COMBANKS_OTHER,aggregate,all,2003-06-30,Q,9.73,fred,2026-09-07T17:18:12Z
card_nco_rate_sa,COMBANKS_OTHER,aggregate,all,2003-09-30,Q,9.1,fred,2026-09-07T17:18:12Z
card_nco_rate_sa,COMBANKS_OTHER,aggregate,all,2003-12-31,Q,9.52,fred,2026-09-07T17:18:12Z
card_nco_rate_sa,COMBANKS_OTHER,aggregate,all,2004-03-31,Q,6.93,fred,2026-09-07T17:18:12Z
card_nco_rate_sa,COMBANKS_OTHER,aggregate,all,2004-06-30,Q,4.98,fred,2026-09-07T17:18:12Z
card_nco_rate_sa,COMBANKS_OTHER,aggregate,all,2004-09-30,Q,4.92,fred,2026-09-07T17:18:12Z
card_nco_rate_sa,COMBANKS_OTHER,aggregate,all,2004-12-31,Q,4.27,fred,2026-09-07T17:18:12Z
card_nco_rate_sa,COMBANKS_OTHER,aggregate,all,2005-03-31,Q,5.82,fred,2026-09-07T17:18:12Z
card_nco_rate_sa,COMBANKS_OTHER,aggregate,all,2005-06-30,Q,5.5,fred,2026-09-07T17:18:12Z
card_nco_rate_sa,COMBANKS_OTHER,aggregate,all,2005-09-30,Q,4.42,fred,2026-09-07T17:18:12Z
card_nco_rate_sa,COMBANKS_OTHER,aggregate,all,2005-12-31,Q,4.77,fred,2026-09-07T17:18:12Z
card_nco_rate_sa,COMBANKS_OTHER,aggregate,all,2006-03-31,Q,2.76,fred,2026-09-07T17:18:12Z
card_nco_rate_sa,COMBANKS_OTHER,aggregate,all,2006-06-30,Q,2.65,fred,2026-09-07T17:18:12Z
card_nco_rate_sa,COMBANKS_OTHER,aggregate,all,2006-09-30,Q,3.08,fred,2026-09-07T17:18:12Z
card_nco_rate_sa,COMBANKS_OTHER,aggregate,all,2006-12-31,Q,3.27,fred,2026-09-07T17:18:12Z
card_nco_rate_sa,COMBANKS_OTHER,aggregate,all,2007-03-31,Q,3.86,fred,2026-09-07T17:18:12Z
card_nco_rate_sa,COMBANKS_OTHER,aggregate,all,2007-06-30,Q,4.07,fred,2026-09-07T17:18:12Z
card_nco_rate_sa,COMBANKS_OTHER,aggregate,all,2007-09-30,Q,4.22,fred,2026-09-07T17:18:12Z
card_nco_rate_sa,COMBANKS_OTHER,aggregate,all,2007-12-31,Q,4.53,fred,2026-09-07T17:18:12Z
card_nco_rate_sa,COMBANKS_OTHER,aggregate,all,2008-03-31,Q,5.91,fred,2026-09-07T17:18:12Z
card_nco_rate_sa,COMBANKS_OTHER,aggregate,all,2008-06-30,Q,6.4,fred,2026-09-07T17:18:12Z
card_nco_rate_sa,COMBANKS_OTHER,aggregate,all,2008-09-30,Q,7.1,fred,2026-09-07T17:18:12Z
card_nco_rate_sa,COMBANKS_OTHER,aggregate,all,2008-12-31,Q,7.8,fred,2026-09-07T17:18:12Z
card_nco_rate_sa,COMBANKS_OTHER,aggregate,all,2009-03-31,Q,6.72,fred,2026-09-07T17:18:12Z
card_nco_rate_sa,COMBANKS_OTHER,aggregate,all,2009-06-30,Q,7.49,fred,2026-09-07T17:18:12Z
card_nco_rate_sa,COMBANKS_OTHER,aggregate,all,2009-09-30,Q,6.74,fred,2026-09-07T17:18:12Z
card_nco_rate_sa,COMBANKS_OTHER,aggregate,all,2009-12-31,Q,8.39,fred,2026-09-07T17:18:12Z
card_nco_rate_sa,COMBANKS_OTHER,aggregate,all,2010-03-31,Q,8.09,fred,2026-09-07T17:18:12Z
card_nco_rate_sa,COMBANKS_OTHER,aggregate,all,2010-06-30,Q,7.64,fred,2026-09-07T17:18:12Z
card_nco_rate_sa,COMBANKS_OTHER,aggregate,all,2010-09-30,Q,7.5,fred,2026-09-07T17:18:12Z
card_nco_rate_sa,COMBANKS_OTHER,aggregate,all,2010-12-31,Q,6.38,fred,2026-09-07T17:18:12Z
card_nco_rate_sa,COMBANKS_OTHER,aggregate,all,2011-03-31,Q,5.72,fred,2026-09-07T17:18:12Z
card_nco_rate_sa,COMBANKS_OTHER,aggregate,all,2011-06-30,Q,5.03,fred,2026-09-07T17:18:12Z
card_nco_rate_sa,COMBANKS_OTHER,aggregate,all,2011-09-30,Q,4.55,fred,2026-09-07T17:18:12Z
card_nco_rate_sa,COMBANKS_OTHER,aggregate,all,2011-12-31,Q,4.2,fred,2026-09-07T17:18:12Z
card_nco_rate_sa,COMBANKS_OTHER,aggregate,all,2012-03-31,Q,4.21,fred,2026-09-07T17:18:12Z
card_nco_rate_sa,COMBANKS_OTHER,aggregate,all,2012-06-30,Q,3.74,fred,2026-09-07T17:18:12Z
card_nco_rate_sa,COMBANKS_OTHER,aggregate,all,2012-09-30,Q,3.54,fred,2026-09-07T17:18:12Z
card_nco_rate_sa,COMBANKS_OTHER,aggregate,all,2012-12-31,Q,3.63,fred,2026-09-07T17:18:12Z
card_nco_rate_sa,COMBANKS_OTHER,aggregate,all,2013-03-31,Q,3.53,fred,2026-09-07T17:18:12Z
card_nco_rate_sa,COMBANKS_OTHER,aggregate,all,2013-06-30,Q,3.67,fred,2026-09-07T17:18:12Z
card_nco_rate_sa,COMBANKS_OTHER,aggregate,all,2013-09-30,Q,3.48,fred,2026-09-07T17:18:12Z
card_nco_rate_sa,COMBANKS_OTHER,aggregate,all,2013-12-31,Q,3.78,fred,2026-09-07T17:18:12Z
card_nco_rate_sa,COMBANKS_OTHER,aggregate,all,2014-03-31,Q,3.65,fred,2026-09-07T17:18:12Z
card_nco_rate_sa,COMBANKS_OTHER,aggregate,all,2014-06-30,Q,3.53,fred,2026-09-07T17:18:12Z
card_nco_rate_sa,COMBANKS_OTHER,aggregate,all,2014-09-30,Q,3.42,fred,2026-09-07T17:18:12Z
card_nco_rate_sa,COMBANKS_OTHER,aggregate,all,2014-12-31,Q,3.36,fred,2026-09-07T17:18:12Z
card_nco_rate_sa,COMBANKS_OTHER,aggregate,all,2015-03-31,Q,3.59,fred,2026-09-07T17:18:12Z
card_nco_rate_sa,COMBANKS_OTHER,aggregate,all,2015-06-30,Q,3.65,fred,2026-09-07T17:18:12Z
card_nco_rate_sa,COMBANKS_OTHER,aggregate,all,2015-09-30,Q,3.79,fred,2026-09-07T17:18:12Z
card_nco_rate_sa,COMBANKS_OTHER,aggregate,all,2015-12-31,Q,3.45,fred,2026-09-07T17:18:12Z
card_nco_rate_sa,COMBANKS_OTHER,aggregate,all,2016-03-31,Q,3.66,fred,2026-09-07T17:18:12Z
card_nco_rate_sa,COMBANKS_OTHER,aggregate,all,2016-06-30,Q,3.78,fred,2026-09-07T17:18:12Z
card_nco_rate_sa,COMBANKS_OTHER,aggregate,all,2016-09-30,Q,3.79,fred,2026-09-07T17:18:12Z
card_nco_rate_sa,COMBANKS_OTHER,aggregate,all,2016-12-31,Q,4.65,fred,2026-09-07T17:18:12Z
card_nco_rate_sa,COMBANKS_OTHER,aggregate,all,2017-03-31,Q,4.74,fred,2026-09-07T17:18:12Z
card_nco_rate_sa,COMBANKS_OTHER,aggregate,all,2017-06-30,Q,4.68,fred,2026-09-07T17:18:12Z
card_nco_rate_sa,COMBANKS_OTHER,aggregate,all,2017-09-30,Q,7.89,fred,2026-09-07T17:18:12Z
card_nco_rate_sa,COMBANKS_OTHER,aggregate,all,2017-12-31,Q,7.34,fred,2026-09-07T17:18:12Z
card_nco_rate_sa,COMBANKS_OTHER,aggregate,all,2018-03-31,Q,7.69,fred,2026-09-07T17:18:12Z
card_nco_rate_sa,COMBANKS_OTHER,aggregate,all,2018-06-30,Q,7.55,fred,2026-09-07T17:18:12Z
card_nco_rate_sa,COMBANKS_OTHER,aggregate,all,2018-09-30,Q,7.81,fred,2026-09-07T17:18:12Z
card_nco_rate_sa,COMBANKS_OTHER,aggregate,all,2018-12-31,Q,7.59,fred,2026-09-07T17:18:12Z
card_nco_rate_sa,COMBANKS_OTHER,aggregate,all,2019-03-31,Q,7.11,fred,2026-09-07T17:18:12Z
card_nco_rate_sa,COMBANKS_OTHER,aggregate,all,2019-06-30,Q,6.6,fred,2026-09-07T17:18:12Z
card_nco_rate_sa,COMBANKS_OTHER,aggregate,all,2019-09-30,Q,6.76,fred,2026-09-07T17:18:12Z
card_nco_rate_sa,COMBANKS_OTHER,aggregate,all,2019-12-31,Q,7.08,fred,2026-09-07T17:18:12Z
card_nco_rate_sa,COMBANKS_OTHER,aggregate,all,2020-03-31,Q,7.41,fred,2026-09-07T17:18:12Z
card_nco_rate_sa,COMBANKS_OTHER,aggregate,all,2020-06-30,Q,7.74,fred,2026-09-07T17:18:12Z
card_nco_rate_sa,COMBANKS_OTHER,aggregate,all,2020-09-30,Q,6.55,fred,2026-09-07T17:18:12Z
card_nco_rate_sa,COMBANKS_OTHER,aggregate,all,2020-12-31,Q,5.68,fred,2026-09-07T17:18:12Z
card_nco_rate_sa,COMBANKS_OTHER,aggregate,all,2021-03-31,Q,4.92,fred,2026-09-07T17:18:12Z
card_nco_rate_sa,COMBANKS_OTHER,aggregate,all,2021-06-30,Q,4.97,fred,2026-09-07T17:18:12Z
card_nco_rate_sa,COMBANKS_OTHER,aggregate,all,2021-09-30,Q,4.25,fred,2026-09-07T17:18:12Z
card_nco_rate_sa,COMBANKS_OTHER,aggregate,all,2021-12-31,Q,4.5,fred,2026-09-07T17:18:12Z
card_nco_rate_sa,COMBANKS_OTHER,aggregate,all,2022-03-31,Q,4.9,fred,2026-09-07T17:18:12Z
card_nco_rate_sa,COMBANKS_OTHER,aggregate,all,2022-06-30,Q,5.7,fred,2026-09-07T17:18:12Z
card_nco_rate_sa,COMBANKS_OTHER,aggregate,all,2022-09-30,Q,6.34,fred,2026-09-07T17:18:12Z
card_nco_rate_sa,COMBANKS_OTHER,aggregate,all,2022-12-31,Q,6.91,fred,2026-09-07T17:18:12Z
card_nco_rate_sa,COMBANKS_OTHER,aggregate,all,2023-03-31,Q,8.16,fred,2026-09-07T17:18:12Z
card_nco_rate_sa,COMBANKS_OTHER,aggregate,all,2023-06-30,Q,8.6,fred,2026-09-07T17:18:12Z
card_nco_rate_sa,COMBANKS_OTHER,aggregate,all,2023-09-30,Q,8.64,fred,2026-09-07T17:18:12Z
card_nco_rate_sa,COMBANKS_OTHER,aggregate,all,2023-12-31,Q,9.39,fred,2026-09-07T17:18:12Z
card_nco_rate_sa,COMBANKS_OTHER,aggregate,all,2024-03-31,Q,9.53,fred,2026-09-07T17:18:12Z
card_nco_rate_sa,COMBANKS_OTHER,aggregate,all,2024-06-30,Q,9.52,fred,2026-09-07T17:18:12Z
card_nco_rate_sa,COMBANKS_OTHER,aggregate,all,2024-09-30,Q,9.45,fred,2026-09-07T17:18:12Z
card_nco_rate_sa,COMBANKS_OTHER,aggregate,all,2024-12-31,Q,9.27,fred,2026-09-07T17:18:12Z
card_nco_rate_sa,COMBANKS_OTHER,aggregate,all,2025-03-31,Q,8.9,fred,2026-09-07T17:18:12Z
card_nco_rate_sa,COMBANKS_OTHER,aggregate,all,2025-06-30,Q,8.64,fred,2026-09-07T17:18:12Z
card_nco_rate_sa,COMBANKS_OTHER,aggregate,all,2025-09-30,Q,8.81,fred,2026-09-07T17:18:12Z
card_nco_rate_sa,COMBANKS_OTHER,aggregate,all,2025-12-31,Q,8.25,fred,2026-09-07T17:18:12Z
card_nco_rate_sa,COMBANKS_OTHER,aggregate,all,2026-03-31,Q,8.02,fred,2026-09-07T17:18:12Z
card_nco_rate_sa,COMBANKS_OTHER,aggregate,all,2026-06-30,Q,7.8,fred,2026-09-07T17:18:12Z
card_nco_rate_sa,COMBANKS_TOP100,aggregate,all,1985-03-31,Q,1.98,fred,2026-09-07T17:18:12Z
card_nco_rate_sa,COMBANKS_TOP100,aggregate,all,1985-06-30,Q,2.33,fred,2026-09-07T17:18:12Z
card_nco_rate_sa,COMBANKS_TOP100,aggregate,all,1985-09-30,Q,2.82,fred,2026-09-07T17:18:12Z
card_nco_rate_sa,COMBANKS_TOP100,aggregate,all,1985-12-31,Q,3.13,fred,2026-09-07T17:18:12Z
card_nco_rate_sa,COMBANKS_TOP100,aggregate,all,1986-03-31,Q,3.41,fred,2026-09-07T17:18:12Z
card_nco_rate_sa,COMBANKS_TOP100,aggregate,all,1986-06-30,Q,3.29,fred,2026-09-07T17:18:12Z
card_nco_rate_sa,COMBANKS_TOP100,aggregate,all,1986-09-30,Q,3.62,fred,2026-09-07T17:18:12Z
card_nco_rate_sa,COMBANKS_TOP100,aggregate,all,1986-12-31,Q,3.55,fred,2026-09-07T17:18:12Z
card_nco_rate_sa,COMBANKS_TOP100,aggregate,all,1987-03-31,Q,3.55,fred,2026-09-07T17:18:12Z
card_nco_rate_sa,COMBANKS_TOP100,aggregate,all,1987-06-30,Q,3.47,fred,2026-09-07T17:18:12Z
card_nco_rate_sa,COMBANKS_TOP100,aggregate,all,1987-09-30,Q,3.25,fred,2026-09-07T17:18:12Z
card_nco_rate_sa,COMBANKS_TOP100,aggregate,all,1987-12-31,Q,3.57,fred,2026-09-07T17:18:12Z
card_nco_rate_sa,COMBANKS_TOP100,aggregate,all,1988-03-31,Q,3.33,fred,2026-09-07T17:18:12Z
card_nco_rate_sa,COMBANKS_TOP100,aggregate,all,1988-06-30,Q,3.39,fred,2026-09-07T17:18:12Z
card_nco_rate_sa,COMBANKS_TOP100,aggregate,all,1988-09-30,Q,3.31,fred,2026-09-07T17:18:12Z
card_nco_rate_sa,COMBANKS_TOP100,aggregate,all,1988-12-31,Q,3.34,fred,2026-09-07T17:18:12Z
card_nco_rate_sa,COMBANKS_TOP100,aggregate,all,1989-03-31,Q,3.28,fred,2026-09-07T17:18:12Z
card_nco_rate_sa,COMBANKS_TOP100,aggregate,all,1989-06-30,Q,3.24,fred,2026-09-07T17:18:12Z
card_nco_rate_sa,COMBANKS_TOP100,aggregate,all,1989-09-30,Q,3.08,fred,2026-09-07T17:18:12Z
card_nco_rate_sa,COMBANKS_TOP100,aggregate,all,1989-12-31,Q,3.18,fred,2026-09-07T17:18:12Z
card_nco_rate_sa,COMBANKS_TOP100,aggregate,all,1990-03-31,Q,3.18,fred,2026-09-07T17:18:12Z
card_nco_rate_sa,COMBANKS_TOP100,aggregate,all,1990-06-30,Q,3.22,fred,2026-09-07T17:18:12Z
card_nco_rate_sa,COMBANKS_TOP100,aggregate,all,1990-09-30,Q,3.76,fred,2026-09-07T17:18:12Z
card_nco_rate_sa,COMBANKS_TOP100,aggregate,all,1990-12-31,Q,3.87,fred,2026-09-07T17:18:12Z
card_nco_rate_sa,COMBANKS_TOP100,aggregate,all,1991-03-31,Q,4.39,fred,2026-09-07T17:18:12Z
card_nco_rate_sa,COMBANKS_TOP100,aggregate,all,1991-06-30,Q,4.95,fred,2026-09-07T17:18:12Z
card_nco_rate_sa,COMBANKS_TOP100,aggregate,all,1991-09-30,Q,5.34,fred,2026-09-07T17:18:12Z
card_nco_rate_sa,COMBANKS_TOP100,aggregate,all,1991-12-31,Q,5.27,fred,2026-09-07T17:18:12Z
card_nco_rate_sa,COMBANKS_TOP100,aggregate,all,1992-03-31,Q,5.15,fred,2026-09-07T17:18:12Z
card_nco_rate_sa,COMBANKS_TOP100,aggregate,all,1992-06-30,Q,5.3,fred,2026-09-07T17:18:12Z
card_nco_rate_sa,COMBANKS_TOP100,aggregate,all,1992-09-30,Q,5,fred,2026-09-07T17:18:12Z
card_nco_rate_sa,COMBANKS_TOP100,aggregate,all,1992-12-31,Q,4.69,fred,2026-09-07T17:18:12Z
card_nco_rate_sa,COMBANKS_TOP100,aggregate,all,1993-03-31,Q,4.5,fred,2026-09-07T17:18:12Z
card_nco_rate_sa,COMBANKS_TOP100,aggregate,all,1993-06-30,Q,4.19,fred,2026-09-07T17:18:12Z
card_nco_rate_sa,COMBANKS_TOP100,aggregate,all,1993-09-30,Q,3.92,fred,2026-09-07T17:18:12Z
card_nco_rate_sa,COMBANKS_TOP100,aggregate,all,1993-12-31,Q,3.71,fred,2026-09-07T17:18:12Z
card_nco_rate_sa,COMBANKS_TOP100,aggregate,all,1994-03-31,Q,3.56,fred,2026-09-07T17:18:12Z
card_nco_rate_sa,COMBANKS_TOP100,aggregate,all,1994-06-30,Q,3.2,fred,2026-09-07T17:18:12Z
card_nco_rate_sa,COMBANKS_TOP100,aggregate,all,1994-09-30,Q,3.08,fred,2026-09-07T17:18:12Z
card_nco_rate_sa,COMBANKS_TOP100,aggregate,all,1994-12-31,Q,3.41,fred,2026-09-07T17:18:12Z
card_nco_rate_sa,COMBANKS_TOP100,aggregate,all,1995-03-31,Q,3.04,fred,2026-09-07T17:18:12Z
card_nco_rate_sa,COMBANKS_TOP100,aggregate,all,1995-06-30,Q,3.25,fred,2026-09-07T17:18:12Z
card_nco_rate_sa,COMBANKS_TOP100,aggregate,all,1995-09-30,Q,3.65,fred,2026-09-07T17:18:12Z
card_nco_rate_sa,COMBANKS_TOP100,aggregate,all,1995-12-31,Q,3.81,fred,2026-09-07T17:18:12Z
card_nco_rate_sa,COMBANKS_TOP100,aggregate,all,1996-03-31,Q,4.2,fred,2026-09-07T17:18:12Z
card_nco_rate_sa,COMBANKS_TOP100,aggregate,all,1996-06-30,Q,4.4,fred,2026-09-07T17:18:12Z
card_nco_rate_sa,COMBANKS_TOP100,aggregate,all,1996-09-30,Q,4.31,fred,2026-09-07T17:18:12Z
card_nco_rate_sa,COMBANKS_TOP100,aggregate,all,1996-12-31,Q,4.47,fred,2026-09-07T17:18:12Z
card_nco_rate_sa,COMBANKS_TOP100,aggregate,all,1997-03-31,Q,4.58,fred,2026-09-07T17:18:12Z
card_nco_rate_sa,COMBANKS_TOP100,aggregate,all,1997-06-30,Q,5.05,fred,2026-09-07T17:18:12Z
card_nco_rate_sa,COMBANKS_TOP100,aggregate,all,1997-09-30,Q,5.12,fred,2026-09-07T17:18:12Z
card_nco_rate_sa,COMBANKS_TOP100,aggregate,all,1997-12-31,Q,4.86,fred,2026-09-07T17:18:12Z
card_nco_rate_sa,COMBANKS_TOP100,aggregate,all,1998-03-31,Q,4.91,fred,2026-09-07T17:18:12Z
card_nco_rate_sa,COMBANKS_TOP100,aggregate,all,1998-06-30,Q,4.88,fred,2026-09-07T17:18:12Z
card_nco_rate_sa,COMBANKS_TOP100,aggregate,all,1998-09-30,Q,4.92,fred,2026-09-07T17:18:12Z
card_nco_rate_sa,COMBANKS_TOP100,aggregate,all,1998-12-31,Q,4.77,fred,2026-09-07T17:18:12Z
card_nco_rate_sa,COMBANKS_TOP100,aggregate,all,1999-03-31,Q,4.61,fred,2026-09-07T17:18:12Z
card_nco_rate_sa,COMBANKS_TOP100,aggregate,all,1999-06-30,Q,4.12,fred,2026-09-07T17:18:12Z
card_nco_rate_sa,COMBANKS_TOP100,aggregate,all,1999-09-30,Q,4.28,fred,2026-09-07T17:18:12Z
card_nco_rate_sa,COMBANKS_TOP100,aggregate,all,1999-12-31,Q,4.35,fred,2026-09-07T17:18:12Z
card_nco_rate_sa,COMBANKS_TOP100,aggregate,all,2000-03-31,Q,4.11,fred,2026-09-07T17:18:12Z
card_nco_rate_sa,COMBANKS_TOP100,aggregate,all,2000-06-30,Q,3.78,fred,2026-09-07T17:18:12Z
card_nco_rate_sa,COMBANKS_TOP100,aggregate,all,2000-09-30,Q,3.86,fred,2026-09-07T17:18:12Z
card_nco_rate_sa,COMBANKS_TOP100,aggregate,all,2000-12-31,Q,4.06,fred,2026-09-07T17:18:12Z
card_nco_rate_sa,COMBANKS_TOP100,aggregate,all,2001-03-31,Q,4.37,fred,2026-09-07T17:18:12Z
card_nco_rate_sa,COMBANKS_TOP100,aggregate,all,2001-06-30,Q,4.73,fred,2026-09-07T17:18:12Z
card_nco_rate_sa,COMBANKS_TOP100,aggregate,all,2001-09-30,Q,4.99,fred,2026-09-07T17:18:12Z
card_nco_rate_sa,COMBANKS_TOP100,aggregate,all,2001-12-31,Q,5.62,fred,2026-09-07T17:18:12Z
card_nco_rate_sa,COMBANKS_TOP100,aggregate,all,2002-03-31,Q,7.82,fred,2026-09-07T17:18:12Z
card_nco_rate_sa,COMBANKS_TOP100,aggregate,all,2002-06-30,Q,5.79,fred,2026-09-07T17:18:12Z
card_nco_rate_sa,COMBANKS_TOP100,aggregate,all,2002-09-30,Q,5.76,fred,2026-09-07T17:18:12Z
card_nco_rate_sa,COMBANKS_TOP100,aggregate,all,2002-12-31,Q,5.27,fred,2026-09-07T17:18:12Z
card_nco_rate_sa,COMBANKS_TOP100,aggregate,all,2003-03-31,Q,5.58,fred,2026-09-07T17:18:12Z
card_nco_rate_sa,COMBANKS_TOP100,aggregate,all,2003-06-30,Q,5.53,fred,2026-09-07T17:18:12Z
card_nco_rate_sa,COMBANKS_TOP100,aggregate,all,2003-09-30,Q,5.3,fred,2026-09-07T17:18:12Z
card_nco_rate_sa,COMBANKS_TOP100,aggregate,all,2003-12-31,Q,5.7,fred,2026-09-07T17:18:12Z
card_nco_rate_sa,COMBANKS_TOP100,aggregate,all,2004-03-31,Q,5.28,fred,2026-09-07T17:18:12Z
card_nco_rate_sa,COMBANKS_TOP100,aggregate,all,2004-06-30,Q,5.33,fred,2026-09-07T17:18:12Z
card_nco_rate_sa,COMBANKS_TOP100,aggregate,all,2004-09-30,Q,4.45,fred,2026-09-07T17:18:12Z
card_nco_rate_sa,COMBANKS_TOP100,aggregate,all,2004-12-31,Q,4.73,fred,2026-09-07T17:18:12Z
card_nco_rate_sa,COMBANKS_TOP100,aggregate,all,2005-03-31,Q,4.62,fred,2026-09-07T17:18:12Z
card_nco_rate_sa,COMBANKS_TOP100,aggregate,all,2005-06-30,Q,4.23,fred,2026-09-07T17:18:12Z
card_nco_rate_sa,COMBANKS_TOP100,aggregate,all,2005-09-30,Q,4.36,fred,2026-09-07T17:18:12Z
card_nco_rate_sa,COMBANKS_TOP100,aggregate,all,2005-12-31,Q,6.01,fred,2026-09-07T17:18:12Z
card_nco_rate_sa,COMBANKS_TOP100,aggregate,all,2006-03-31,Q,3.3,fred,2026-09-07T17:18:12Z
card_nco_rate_sa,COMBANKS_TOP100,aggregate,all,2006-06-30,Q,3.5,fred,2026-09-07T17:18:12Z
card_nco_rate_sa,COMBANKS_TOP100,aggregate,all,2006-09-30,Q,3.79,fred,2026-09-07T17:18:12Z
card_nco_rate_sa,COMBANKS_TOP100,aggregate,all,2006-12-31,Q,3.62,fred,2026-09-07T17:18:12Z
card_nco_rate_sa,COMBANKS_TOP100,aggregate,all,2007-03-31,Q,4.15,fred,2026-09-07T17:18:12Z
card_nco_rate_sa,COMBANKS_TOP100,aggregate,all,2007-06-30,Q,3.7,fred,2026-09-07T17:18:12Z
card_nco_rate_sa,COMBANKS_TOP100,aggregate,all,2007-09-30,Q,3.8,fred,2026-09-07T17:18:12Z
card_nco_rate_sa,COMBANKS_TOP100,aggregate,all,2007-12-31,Q,4.3,fred,2026-09-07T17:18:12Z
card_nco_rate_sa,COMBANKS_TOP100,aggregate,all,2008-03-31,Q,4.69,fred,2026-09-07T17:18:12Z
card_nco_rate_sa,COMBANKS_TOP100,aggregate,all,2008-06-30,Q,5.17,fred,2026-09-07T17:18:12Z
card_nco_rate_sa,COMBANKS_TOP100,aggregate,all,2008-09-30,Q,5.76,fred,2026-09-07T17:18:12Z
card_nco_rate_sa,COMBANKS_TOP100,aggregate,all,2008-12-31,Q,6.45,fred,2026-09-07T17:18:12Z
card_nco_rate_sa,COMBANKS_TOP100,aggregate,all,2009-03-31,Q,7.74,fred,2026-09-07T17:18:12Z
card_nco_rate_sa,COMBANKS_TOP100,aggregate,all,2009-06-30,Q,9.38,fred,2026-09-07T17:18:12Z
card_nco_rate_sa,COMBANKS_TOP100,aggregate,all,2009-09-30,Q,10.51,fred,2026-09-07T17:18:12Z
card_nco_rate_sa,COMBANKS_TOP100,aggregate,all,2009-12-31,Q,10.64,fred,2026-09-07T17:18:12Z
card_nco_rate_sa,COMBANKS_TOP100,aggregate,all,2010-03-31,Q,10.59,fred,2026-09-07T17:18:12Z
card_nco_rate_sa,COMBANKS_TOP100,aggregate,all,2010-06-30,Q,10.48,fred,2026-09-07T17:18:12Z
card_nco_rate_sa,COMBANKS_TOP100,aggregate,all,2010-09-30,Q,8.88,fred,2026-09-07T17:18:12Z
card_nco_rate_sa,COMBANKS_TOP100,aggregate,all,2010-12-31,Q,7.97,fred,2026-09-07T17:18:12Z
card_nco_rate_sa,COMBANKS_TOP100,aggregate,all,2011-03-31,Q,6.96,fred,2026-09-07T17:18:12Z
card_nco_rate_sa,COMBANKS_TOP100,aggregate,all,2011-06-30,Q,5.31,fred,2026-09-07T17:18:12Z
card_nco_rate_sa,COMBANKS_TOP100,aggregate,all,2011-09-30,Q,5.94,fred,2026-09-07T17:18:12Z
card_nco_rate_sa,COMBANKS_TOP100,aggregate,all,2011-12-31,Q,4.51,fred,2026-09-07T17:18:12Z
card_nco_rate_sa,COMBANKS_TOP100,aggregate,all,2012-03-31,Q,4.22,fred,2026-09-07T17:18:12Z
card_nco_rate_sa,COMBANKS_TOP100,aggregate,all,2012-06-30,Q,3.97,fred,2026-09-07T17:18:12Z
card_nco_rate_sa,COMBANKS_TOP100,aggregate,all,2012-09-30,Q,3.86,fred,2026-09-07T17:18:12Z
card_nco_rate_sa,COMBANKS_TOP100,aggregate,all,2012-12-31,Q,3.86,fred,2026-09-07T17:18:12Z
card_nco_rate_sa,COMBANKS_TOP100,aggregate,all,2013-03-31,Q,3.69,fred,2026-09-07T17:18:12Z
card_nco_rate_sa,COMBANKS_TOP100,aggregate,all,2013-06-30,Q,3.47,fred,2026-09-07T17:18:12Z
card_nco_rate_sa,COMBANKS_TOP100,aggregate,all,2013-09-30,Q,3.41,fred,2026-09-07T17:18:12Z
card_nco_rate_sa,COMBANKS_TOP100,aggregate,all,2013-12-31,Q,3.36,fred,2026-09-07T17:18:12Z
card_nco_rate_sa,COMBANKS_TOP100,aggregate,all,2014-03-31,Q,3.2,fred,2026-09-07T17:18:12Z
card_nco_rate_sa,COMBANKS_TOP100,aggregate,all,2014-06-30,Q,3.31,fred,2026-09-07T17:18:12Z
card_nco_rate_sa,COMBANKS_TOP100,aggregate,all,2014-09-30,Q,3.1,fred,2026-09-07T17:18:12Z
card_nco_rate_sa,COMBANKS_TOP100,aggregate,all,2014-12-31,Q,3,fred,2026-09-07T17:18:12Z
card_nco_rate_sa,COMBANKS_TOP100,aggregate,all,2015-03-31,Q,2.88,fred,2026-09-07T17:18:12Z
card_nco_rate_sa,COMBANKS_TOP100,aggregate,all,2015-06-30,Q,2.89,fred,2026-09-07T17:18:12Z
card_nco_rate_sa,COMBANKS_TOP100,aggregate,all,2015-09-30,Q,2.95,fred,2026-09-07T17:18:12Z
card_nco_rate_sa,COMBANKS_TOP100,aggregate,all,2015-12-31,Q,2.93,fred,2026-09-07T17:18:12Z
card_nco_rate_sa,COMBANKS_TOP100,aggregate,all,2016-03-31,Q,2.98,fred,2026-09-07T17:18:12Z
card_nco_rate_sa,COMBANKS_TOP100,aggregate,all,2016-06-30,Q,3,fred,2026-09-07T17:18:12Z
card_nco_rate_sa,COMBANKS_TOP100,aggregate,all,2016-09-30,Q,3.08,fred,2026-09-07T17:18:12Z
card_nco_rate_sa,COMBANKS_TOP100,aggregate,all,2016-12-31,Q,3.37,fred,2026-09-07T17:18:12Z
card_nco_rate_sa,COMBANKS_TOP100,aggregate,all,2017-03-31,Q,3.48,fred,2026-09-07T17:18:12Z
card_nco_rate_sa,COMBANKS_TOP100,aggregate,all,2017-06-30,Q,3.47,fred,2026-09-07T17:18:12Z
card_nco_rate_sa,COMBANKS_TOP100,aggregate,all,2017-09-30,Q,3.48,fred,2026-09-07T17:18:12Z
card_nco_rate_sa,COMBANKS_TOP100,aggregate,all,2017-12-31,Q,3.55,fred,2026-09-07T17:18:12Z
card_nco_rate_sa,COMBANKS_TOP100,aggregate,all,2018-03-31,Q,3.65,fred,2026-09-07T17:18:12Z
card_nco_rate_sa,COMBANKS_TOP100,aggregate,all,2018-06-30,Q,3.55,fred,2026-09-07T17:18:12Z
card_nco_rate_sa,COMBANKS_TOP100,aggregate,all,2018-09-30,Q,3.58,fred,2026-09-07T17:18:12Z
card_nco_rate_sa,COMBANKS_TOP100,aggregate,all,2018-12-31,Q,3.63,fred,2026-09-07T17:18:12Z
card_nco_rate_sa,COMBANKS_TOP100,aggregate,all,2019-03-31,Q,3.57,fred,2026-09-07T17:18:12Z
card_nco_rate_sa,COMBANKS_TOP100,aggregate,all,2019-06-30,Q,3.54,fred,2026-09-07T17:18:12Z
card_nco_rate_sa,COMBANKS_TOP100,aggregate,all,2019-09-30,Q,3.77,fred,2026-09-07T17:18:12Z
card_nco_rate_sa,COMBANKS_TOP100,aggregate,all,2019-12-31,Q,3.7,fred,2026-09-07T17:18:12Z
card_nco_rate_sa,COMBANKS_TOP100,aggregate,all,2020-03-31,Q,3.55,fred,2026-09-07T17:18:12Z
card_nco_rate_sa,COMBANKS_TOP100,aggregate,all,2020-06-30,Q,3.67,fred,2026-09-07T17:18:12Z
card_nco_rate_sa,COMBANKS_TOP100,aggregate,all,2020-09-30,Q,3.57,fred,2026-09-07T17:18:12Z
card_nco_rate_sa,COMBANKS_TOP100,aggregate,all,2020-12-31,Q,2.62,fred,2026-09-07T17:18:12Z
card_nco_rate_sa,COMBANKS_TOP100,aggregate,all,2021-03-31,Q,2.7,fred,2026-09-07T17:18:12Z
card_nco_rate_sa,COMBANKS_TOP100,aggregate,all,2021-06-30,Q,2.31,fred,2026-09-07T17:18:12Z
card_nco_rate_sa,COMBANKS_TOP100,aggregate,all,2021-09-30,Q,1.75,fred,2026-09-07T17:18:12Z
card_nco_rate_sa,COMBANKS_TOP100,aggregate,all,2021-12-31,Q,1.56,fred,2026-09-07T17:18:12Z
card_nco_rate_sa,COMBANKS_TOP100,aggregate,all,2022-03-31,Q,1.6,fred,2026-09-07T17:18:12Z
card_nco_rate_sa,COMBANKS_TOP100,aggregate,all,2022-06-30,Q,1.74,fred,2026-09-07T17:18:12Z
card_nco_rate_sa,COMBANKS_TOP100,aggregate,all,2022-09-30,Q,1.98,fred,2026-09-07T17:18:12Z
card_nco_rate_sa,COMBANKS_TOP100,aggregate,all,2022-12-31,Q,2.31,fred,2026-09-07T17:18:12Z
card_nco_rate_sa,COMBANKS_TOP100,aggregate,all,2023-03-31,Q,2.74,fred,2026-09-07T17:18:12Z
card_nco_rate_sa,COMBANKS_TOP100,aggregate,all,2023-06-30,Q,3.07,fred,2026-09-07T17:18:12Z
card_nco_rate_sa,COMBANKS_TOP100,aggregate,all,2023-09-30,Q,3.54,fred,2026-09-07T17:18:12Z
card_nco_rate_sa,COMBANKS_TOP100,aggregate,all,2023-12-31,Q,3.96,fred,2026-09-07T17:18:12Z
card_nco_rate_sa,COMBANKS_TOP100,aggregate,all,2024-03-31,Q,4.19,fred,2026-09-07T17:18:12Z
card_nco_rate_sa,COMBANKS_TOP100,aggregate,all,2024-06-30,Q,4.42,fred,2026-09-07T17:18:12Z
card_nco_rate_sa,COMBANKS_TOP100,aggregate,all,2024-09-30,Q,4.58,fred,2026-09-07T17:18:12Z
card_nco_rate_sa,COMBANKS_TOP100,aggregate,all,2024-12-31,Q,4.51,fred,2026-09-07T17:18:12Z
card_nco_rate_sa,COMBANKS_TOP100,aggregate,all,2025-03-31,Q,4.27,fred,2026-09-07T17:18:12Z
card_nco_rate_sa,COMBANKS_TOP100,aggregate,all,2025-06-30,Q,4.06,fred,2026-09-07T17:18:12Z
card_nco_rate_sa,COMBANKS_TOP100,aggregate,all,2025-09-30,Q,4.06,fred,2026-09-07T17:18:12Z
card_nco_rate_sa,COMBANKS_TOP100,aggregate,all,2025-12-31,Q,4.02,fred,2026-09-07T17:18:12Z
card_nco_rate_sa,COMBANKS_TOP100,aggregate,all,2026-03-31,Q,3.66,fred,2026-09-07T17:18:12Z
card_nco_rate_sa,COMBANKS_TOP100,aggregate,all,2026-06-30,Q,3.7,fred,2026-09-07T17:18:12Z
consumer_credit_total_sa,ALL_HOLDERS,aggregate,all,1943-01-31,M,6.57783,fred,2026-09-07T17:18:12Z
consumer_credit_total_sa,ALL_HOLDERS,aggregate,all,1943-02-28,M,6.46304,fred,2026-09-07T17:18:12Z
consumer_credit_total_sa,ALL_HOLDERS,aggregate,all,1943-03-31,M,6.23421,fred,2026-09-07T17:18:12Z
consumer_credit_total_sa,ALL_HOLDERS,aggregate,all,1943-04-30,M,6.12575,fred,2026-09-07T17:18:12Z
consumer_credit_total_sa,ALL_HOLDERS,aggregate,all,1943-05-31,M,5.93626,fred,2026-09-07T17:18:12Z
consumer_credit_total_sa,ALL_HOLDERS,aggregate,all,1943-06-30,M,5.82223,fred,2026-09-07T17:18:12Z
consumer_credit_total_sa,ALL_HOLDERS,aggregate,all,1943-07-31,M,5.71837,fred,2026-09-07T17:18:12Z
consumer_credit_total_sa,ALL_HOLDERS,aggregate,all,1943-08-31,M,5.63875,fred,2026-09-07T17:18:12Z
consumer_credit_total_sa,ALL_HOLDERS,aggregate,all,1943-09-30,M,5.64759,fred,2026-09-07T17:18:12Z
consumer_credit_total_sa,ALL_HOLDERS,aggregate,all,1943-10-31,M,5.65074,fred,2026-09-07T17:18:12Z
consumer_credit_total_sa,ALL_HOLDERS,aggregate,all,1943-11-30,M,5.57687,fred,2026-09-07T17:18:12Z
consumer_credit_total_sa,ALL_HOLDERS,aggregate,all,1943-12-31,M,5.46252,fred,2026-09-07T17:18:12Z
consumer_credit_total_sa,ALL_HOLDERS,aggregate,all,1944-01-31,M,5.39857,fred,2026-09-07T17:18:12Z
consumer_credit_total_sa,ALL_HOLDERS,aggregate,all,1944-02-29,M,5.35436,fred,2026-09-07T17:18:12Z
consumer_credit_total_sa,ALL_HOLDERS,aggregate,all,1944-03-31,M,5.37036,fred,2026-09-07T17:18:12Z
consumer_credit_total_sa,ALL_HOLDERS,aggregate,all,1944-04-30,M,5.37918,fred,2026-09-07T17:18:12Z
consumer_credit_total_sa,ALL_HOLDERS,aggregate,all,1944-05-31,M,5.4305,fred,2026-09-07T17:18:12Z
consumer_credit_total_sa,ALL_HOLDERS,aggregate,all,1944-06-30,M,5.46779,fred,2026-09-07T17:18:12Z
consumer_credit_total_sa,ALL_HOLDERS,aggregate,all,1944-07-31,M,5.4982,fred,2026-09-07T17:18:12Z
consumer_credit_total_sa,ALL_HOLDERS,aggregate,all,1944-08-31,M,5.53396,fred,2026-09-07T17:18:12Z
consumer_credit_total_sa,ALL_HOLDERS,aggregate,all,1944-09-30,M,5.54923,fred,2026-09-07T17:18:12Z
consumer_credit_total_sa,ALL_HOLDERS,aggregate,all,1944-10-31,M,5.56593,fred,2026-09-07T17:18:12Z
consumer_credit_total_sa,ALL_HOLDERS,aggregate,all,1944-11-30,M,5.5701,fred,2026-09-07T17:18:12Z
consumer_credit_total_sa,ALL_HOLDERS,aggregate,all,1944-12-31,M,5.58569,fred,2026-09-07T17:18:12Z
consumer_credit_total_sa,ALL_HOLDERS,aggregate,all,1945-01-31,M,5.60273,fred,2026-09-07T17:18:12Z
consumer_credit_total_sa,ALL_HOLDERS,aggregate,all,1945-02-28,M,5.57381,fred,2026-09-07T17:18:12Z
consumer_credit_total_sa,ALL_HOLDERS,aggregate,all,1945-03-31,M,5.66769,fred,2026-09-07T17:18:12Z
consumer_credit_total_sa,ALL_HOLDERS,aggregate,all,1945-04-30,M,5.58245,fred,2026-09-07T17:18:12Z
consumer_credit_total_sa,ALL_HOLDERS,aggregate,all,1945-05-31,M,5.60525,fred,2026-09-07T17:18:12Z
consumer_credit_total_sa,ALL_HOLDERS,aggregate,all,1945-06-30,M,5.70445,fred,2026-09-07T17:18:12Z
consumer_credit_total_sa,ALL_HOLDERS,aggregate,all,1945-07-31,M,5.74878,fred,2026-09-07T17:18:12Z
consumer_credit_total_sa,ALL_HOLDERS,aggregate,all,1945-08-31,M,5.76701,fred,2026-09-07T17:18:12Z
consumer_credit_total_sa,ALL_HOLDERS,aggregate,all,1945-09-30,M,5.75827,fred,2026-09-07T17:18:12Z
consumer_credit_total_sa,ALL_HOLDERS,aggregate,all,1945-10-31,M,5.93202,fred,2026-09-07T17:18:12Z
consumer_credit_total_sa,ALL_HOLDERS,aggregate,all,1945-11-30,M,6.09555,fred,2026-09-07T17:18:12Z
consumer_credit_total_sa,ALL_HOLDERS,aggregate,all,1945-12-31,M,6.56705,fred,2026-09-07T17:18:12Z
consumer_credit_total_sa,ALL_HOLDERS,aggregate,all,1946-01-31,M,6.50451,fred,2026-09-07T17:18:12Z
consumer_credit_total_sa,ALL_HOLDERS,aggregate,all,1946-02-28,M,6.76595,fred,2026-09-07T17:18:12Z
consumer_credit_total_sa,ALL_HOLDERS,aggregate,all,1946-03-31,M,7.00545,fred,2026-09-07T17:18:12Z
consumer_credit_total_sa,ALL_HOLDERS,aggregate,all,1946-04-30,M,7.33322,fred,2026-09-07T17:18:12Z
consumer_credit_total_sa,ALL_HOLDERS,aggregate,all,1946-05-31,M,7.53237,fred,2026-09-07T17:18:12Z
consumer_credit_total_sa,ALL_HOLDERS,aggregate,all,1946-06-30,M,7.70221,fred,2026-09-07T17:18:12Z
consumer_credit_total_sa,ALL_HOLDERS,aggregate,all,1946-07-31,M,7.93364,fred,2026-09-07T17:18:12Z
consumer_credit_total_sa,ALL_HOLDERS,aggregate,all,1946-08-31,M,8.34516,fred,2026-09-07T17:18:12Z
consumer_credit_total_sa,ALL_HOLDERS,aggregate,all,1946-09-30,M,8.5996,fred,2026-09-07T17:18:12Z
consumer_credit_total_sa,ALL_HOLDERS,aggregate,all,1946-10-31,M,8.89514,fred,2026-09-07T17:18:12Z
consumer_credit_total_sa,ALL_HOLDERS,aggregate,all,1946-11-30,M,9.21828,fred,2026-09-07T17:18:12Z
consumer_credit_total_sa,ALL_HOLDERS,aggregate,all,1946-12-31,M,9.44439,fred,2026-09-07T17:18:12Z
consumer_credit_total_sa,ALL_HOLDERS,aggregate,all,1947-01-31,M,9.7702,fred,2026-09-07T17:18:12Z
consumer_credit_total_sa,ALL_HOLDERS,aggregate,all,1947-02-28,M,10.089,fred,2026-09-07T17:18:12Z
consumer_credit_total_sa,ALL_HOLDERS,aggregate,all,1947-03-31,M,10.34585,fred,2026-09-07T17:18:12Z
consumer_credit_total_sa,ALL_HOLDERS,aggregate,all,1947-04-30,M,10.64594,fred,2026-09-07T17:18:12Z
consumer_credit_total_sa,ALL_HOLDERS,aggregate,all,1947-05-31,M,10.92631,fred,2026-09-07T17:18:12Z
consumer_credit_total_sa,ALL_HOLDERS,aggregate,all,1947-06-30,M,11.13565,fred,2026-09-07T17:18:12Z
consumer_credit_total_sa,ALL_HOLDERS,aggregate,all,1947-07-31,M,11.36412,fred,2026-09-07T17:18:12Z
consumer_credit_total_sa,ALL_HOLDERS,aggregate,all,1947-08-31,M,11.58288,fred,2026-09-07T17:18:12Z
consumer_credit_total_sa,ALL_HOLDERS,aggregate,all,1947-09-30,M,11.8603,fred,2026-09-07T17:18:12Z
consumer_credit_total_sa,ALL_HOLDERS,aggregate,all,1947-10-31,M,12.20513,fred,2026-09-07T17:18:12Z
consumer_credit_total_sa,ALL_HOLDERS,aggregate,all,1947-11-30,M,12.53487,fred,2026-09-07T17:18:12Z
consumer_credit_total_sa,ALL_HOLDERS,aggregate,all,1947-12-31,M,12.85562,fred,2026-09-07T17:18:12Z
consumer_credit_total_sa,ALL_HOLDERS,aggregate,all,1948-01-31,M,13.22861,fred,2026-09-07T17:18:12Z
consumer_credit_total_sa,ALL_HOLDERS,aggregate,all,1948-02-29,M,13.52428,fred,2026-09-07T17:18:12Z
consumer_credit_total_sa,ALL_HOLDERS,aggregate,all,1948-03-31,M,13.92124,fred,2026-09-07T17:18:12Z
consumer_credit_total_sa,ALL_HOLDERS,aggregate,all,1948-04-30,M,14.26407,fred,2026-09-07T17:18:12Z
consumer_credit_total_sa,ALL_HOLDERS,aggregate,all,1948-05-31,M,14.50028,fred,2026-09-07T17:18:12Z
consumer_credit_total_sa,ALL_HOLDERS,aggregate,all,1948-06-30,M,14.77527,fred,2026-09-07T17:18:12Z
consumer_credit_total_sa,ALL_HOLDERS,aggregate,all,1948-07-31,M,15.04157,fred,2026-09-07T17:18:12Z
consumer_credit_total_sa,ALL_HOLDERS,aggregate,all,1948-08-31,M,15.2297,fred,2026-09-07T17:18:12Z
consumer_credit_total_sa,ALL_HOLDERS,aggregate,all,1948-09-30,M,15.51514,fred,2026-09-07T17:18:12Z
consumer_credit_total_sa,ALL_HOLDERS,aggregate,all,1948-10-31,M,15.57962,fred,2026-09-07T17:18:12Z
consumer_credit_total_sa,ALL_HOLDERS,aggregate,all,1948-11-30,M,15.60337,fred,2026-09-07T17:18:12Z
consumer_credit_total_sa,ALL_HOLDERS,aggregate,all,1948-12-31,M,15.80323,fred,2026-09-07T17:18:12Z
consumer_credit_total_sa,ALL_HOLDERS,aggregate,all,1949-01-31,M,15.9017,fred,2026-09-07T17:18:12Z
consumer_credit_total_sa,ALL_HOLDERS,aggregate,all,1949-02-28,M,16.00926,fred,2026-09-07T17:18:12Z
consumer_credit_total_sa,ALL_HOLDERS,aggregate,all,1949-03-31,M,16.09298,fred,2026-09-07T17:18:12Z
consumer_credit_total_sa,ALL_HOLDERS,aggregate,all,1949-04-30,M,16.4132,fred,2026-09-07T17:18:12Z
consumer_credit_total_sa,ALL_HOLDERS,aggregate,all,1949-05-31,M,16.6381,fred,2026-09-07T17:18:12Z
consumer_credit_total_sa,ALL_HOLDERS,aggregate,all,1949-06-30,M,16.86093,fred,2026-09-07T17:18:12Z
consumer_credit_total_sa,ALL_HOLDERS,aggregate,all,1949-07-31,M,17.0611,fred,2026-09-07T17:18:12Z
consumer_credit_total_sa,ALL_HOLDERS,aggregate,all,1949-08-31,M,17.35549,fred,2026-09-07T17:18:12Z
consumer_credit_total_sa,ALL_HOLDERS,aggregate,all,1949-09-30,M,17.69516,fred,2026-09-07T17:18:12Z
consumer_credit_total_sa,ALL_HOLDERS,aggregate,all,1949-10-31,M,18.02132,fred,2026-09-07T17:18:12Z
consumer_credit_total_sa,ALL_HOLDERS,aggregate,all,1949-11-30,M,18.43599,fred,2026-09-07T17:18:12Z
consumer_credit_total_sa,ALL_HOLDERS,aggregate,all,1949-12-31,M,18.77221,fred,2026-09-07T17:18:12Z
consumer_credit_total_sa,ALL_HOLDERS,aggregate,all,1950-01-31,M,19.05087,fred,2026-09-07T17:18:12Z
consumer_credit_total_sa,ALL_HOLDERS,aggregate,all,1950-02-28,M,19.37163,fred,2026-09-07T17:18:12Z
consumer_credit_total_sa,ALL_HOLDERS,aggregate,all,1950-03-31,M,19.73483,fred,2026-09-07T17:18:12Z
consumer_credit_total_sa,ALL_HOLDERS,aggregate,all,1950-04-30,M,20.14838,fred,2026-09-07T17:18:12Z
consumer_credit_total_sa,ALL_HOLDERS,aggregate,all,1950-05-31,M,20.62168,fred,2026-09-07T17:18:12Z
consumer_credit_total_sa,ALL_HOLDERS,aggregate,all,1950-06-30,M,21.11884,fred,2026-09-07T17:18:12Z
consumer_credit_total_sa,ALL_HOLDERS,aggregate,all,1950-07-31,M,22.08629,fred,2026-09-07T17:18:12Z
consumer_credit_total_sa,ALL_HOLDERS,aggregate,all,1950-08-31,M,22.72826,fred,2026-09-07T17:18:12Z
consumer_credit_total_sa,ALL_HOLDERS,aggregate,all,1950-09-30,M,23.17157,fred,2026-09-07T17:18:12Z
consumer_credit_total_sa,ALL_HOLDERS,aggregate,all,1950-10-31,M,23.24215,fred,2026-09-07T17:18:12Z
consumer_credit_total_sa,ALL_HOLDERS,aggregate,all,1950-11-30,M,23.25856,fred,2026-09-07T17:18:12Z
consumer_credit_total_sa,ALL_HOLDERS,aggregate,all,1950-12-31,M,23.22916,fred,2026-09-07T17:18:12Z
consumer_credit_total_sa,ALL_HOLDERS,aggregate,all,1951-01-31,M,23.7976,fred,2026-09-07T17:18:12Z
consumer_credit_total_sa,ALL_HOLDERS,aggregate,all,1951-02-28,M,24.10942,fred,2026-09-07T17:18:12Z
consumer_credit_total_sa,ALL_HOLDERS,aggregate,all,1951-03-31,M,24.28096,fred,2026-09-07T17:18:12Z
consumer_credit_total_sa,ALL_HOLDERS,aggregate,all,1951-04-30,M,24.07615,fred,2026-09-07T17:18:12Z
consumer_credit_total_sa,ALL_HOLDERS,aggregate,all,1951-05-31,M,23.99488,fred,2026-09-07T17:18:12Z
consumer_credit_total_sa,ALL_HOLDERS,aggregate,all,1951-06-30,M,23.84103,fred,2026-09-07T17:18:12Z
consumer_credit_total_sa,ALL_HOLDERS,aggregate,all,1951-07-31,M,23.70657,fred,2026-09-07T17:18:12Z
consumer_credit_total_sa,ALL_HOLDERS,aggregate,all,1951-08-31,M,23.94011,fred,2026-09-07T17:18:12Z
consumer_credit_total_sa,ALL_HOLDERS,aggregate,all,1951-09-30,M,24.09829,fred,2026-09-07T17:18:12Z
consumer_credit_total_sa,ALL_HOLDERS,aggregate,all,1951-10-31,M,24.28801,fred,2026-09-07T17:18:12Z
consumer_credit_total_sa,ALL_HOLDERS,aggregate,all,1951-11-30,M,24.63974,fred,2026-09-07T17:18:12Z
consumer_credit_total_sa,ALL_HOLDERS,aggregate,all,1951-12-31,M,24.62795,fred,2026-09-07T17:18:12Z
consumer_credit_total_sa,ALL_HOLDERS,aggregate,all,1952-01-31,M,24.80192,fred,2026-09-07T17:18:12Z
consumer_credit_total_sa,ALL_HOLDERS,aggregate,all,1952-02-29,M,25.15192,fred,2026-09-07T17:18:12Z
consumer_credit_total_sa,ALL_HOLDERS,aggregate,all,1952-03-31,M,25.19558,fred,2026-09-07T17:18:12Z
consumer_credit_total_sa,ALL_HOLDERS,aggregate,all,1952-04-30,M,25.54805,fred,2026-09-07T17:18:12Z
consumer_credit_total_sa,ALL_HOLDERS,aggregate,all,1952-05-31,M,26.14647,fred,2026-09-07T17:18:12Z
consumer_credit_total_sa,ALL_HOLDERS,aggregate,all,1952-06-30,M,26.76243,fred,2026-09-07T17:18:12Z
consumer_credit_total_sa,ALL_HOLDERS,aggregate,all,1952-07-31,M,27.21019,fred,2026-09-07T17:18:12Z
consumer_credit_total_sa,ALL_HOLDERS,aggregate,all,1952-08-31,M,27.46878,fred,2026-09-07T17:18:12Z
consumer_credit_total_sa,ALL_HOLDERS,aggregate,all,1952-09-30,M,27.86982,fred,2026-09-07T17:18:12Z
consumer_credit_total_sa,ALL_HOLDERS,aggregate,all,1952-10-31,M,28.49656,fred,2026-09-07T17:18:12Z
consumer_credit_total_sa,ALL_HOLDERS,aggregate,all,1952-11-30,M,29.04911,fred,2026-09-07T17:18:12Z
consumer_credit_total_sa,ALL_HOLDERS,aggregate,all,1952-12-31,M,29.68558,fred,2026-09-07T17:18:12Z
consumer_credit_total_sa,ALL_HOLDERS,aggregate,all,1953-01-31,M,30.47945,fred,2026-09-07T17:18:12Z
consumer_credit_total_sa,ALL_HOLDERS,aggregate,all,1953-02-28,M,30.88661,fred,2026-09-07T17:18:12Z
consumer_credit_total_sa,ALL_HOLDERS,aggregate,all,1953-03-31,M,31.63933,fred,2026-09-07T17:18:12Z
consumer_credit_total_sa,ALL_HOLDERS,aggregate,all,1953-04-30,M,32.11735,fred,2026-09-07T17:18:12Z
consumer_credit_total_sa,ALL_HOLDERS,aggregate,all,1953-05-31,M,32.43182,fred,2026-09-07T17:18:12Z
consumer_credit_total_sa,ALL_HOLDERS,aggregate,all,1953-06-30,M,32.50158,fred,2026-09-07T17:18:12Z
consumer_credit_total_sa,ALL_HOLDERS,aggregate,all,1953-07-31,M,32.7923,fred,2026-09-07T17:18:12Z
consumer_credit_total_sa,ALL_HOLDERS,aggregate,all,1953-08-31,M,33.06061,fred,2026-09-07T17:18:12Z
consumer_credit_total_sa,ALL_HOLDERS,aggregate,all,1953-09-30,M,33.25574,fred,2026-09-07T17:18:12Z
consumer_credit_total_sa,ALL_HOLDERS,aggregate,all,1953-10-31,M,33.48228,fred,2026-09-07T17:18:12Z
consumer_credit_total_sa,ALL_HOLDERS,aggregate,all,1953-11-30,M,33.55831,fred,2026-09-07T17:18:12Z
consumer_credit_total_sa,ALL_HOLDERS,aggregate,all,1953-12-31,M,33.69692,fred,2026-09-07T17:18:12Z
consumer_credit_total_sa,ALL_HOLDERS,aggregate,all,1954-01-31,M,34.0649,fred,2026-09-07T17:18:12Z
consumer_credit_total_sa,ALL_HOLDERS,aggregate,all,1954-02-28,M,33.70135,fred,2026-09-07T17:18:12Z
consumer_credit_total_sa,ALL_HOLDERS,aggregate,all,1954-03-31,M,33.50766,fred,2026-09-07T17:18:12Z
consumer_credit_total_sa,ALL_HOLDERS,aggregate,all,1954-04-30,M,33.7065,fred,2026-09-07T17:18:12Z
consumer_credit_total_sa,ALL_HOLDERS,aggregate,all,1954-05-31,M,33.7048,fred,2026-09-07T17:18:12Z
consumer_credit_total_sa,ALL_HOLDERS,aggregate,all,1954-06-30,M,33.81539,fred,2026-09-07T17:18:12Z
consumer_credit_total_sa,ALL_HOLDERS,aggregate,all,1954-07-31,M,34.0572,fred,2026-09-07T17:18:12Z
consumer_credit_total_sa,ALL_HOLDERS,aggregate,all,1954-08-31,M,34.00956,fred,2026-09-07T17:18:12Z
consumer_credit_total_sa,ALL_HOLDERS,aggregate,all,1954-09-30,M,34.13728,fred,2026-09-07T17:18:12Z
consumer_credit_total_sa,ALL_HOLDERS,aggregate,all,1954-10-31,M,34.36337,fred,2026-09-07T17:18:12Z
consumer_credit_total_sa,ALL_HOLDERS,aggregate,all,1954-11-30,M,34.60856,fred,2026-09-07T17:18:12Z
consumer_credit_total_sa,ALL_HOLDERS,aggregate,all,1954-12-31,M,35.02827,fred,2026-09-07T17:18:12Z
consumer_credit_total_sa,ALL_HOLDERS,aggregate,all,1955-01-31,M,35.37251,fred,2026-09-07T17:18:12Z
consumer_credit_total_sa,ALL_HOLDERS,aggregate,all,1955-02-28,M,35.92541,fred,2026-09-07T17:18:12Z
consumer_credit_total_sa,ALL_HOLDERS,aggregate,all,1955-03-31,M,36.53032,fred,2026-09-07T17:18:12Z
consumer_credit_total_sa,ALL_HOLDERS,aggregate,all,1955-04-30,M,37.23521,fred,2026-09-07T17:18:12Z
consumer_credit_total_sa,ALL_HOLDERS,aggregate,all,1955-05-31,M,37.73678,fred,2026-09-07T17:18:12Z
consumer_credit_total_sa,ALL_HOLDERS,aggregate,all,1955-06-30,M,38.53667,fred,2026-09-07T17:18:12Z
consumer_credit_total_sa,ALL_HOLDERS,aggregate,all,1955-07-31,M,39.02943,fred,2026-09-07T17:18:12Z
consumer_credit_total_sa,ALL_HOLDERS,aggregate,all,1955-08-31,M,39.73277,fred,2026-09-07T17:18:12Z
consumer_credit_total_sa,ALL_HOLDERS,aggregate,all,1955-09-30,M,40.39419,fred,2026-09-07T17:18:12Z
consumer_credit_total_sa,ALL_HOLDERS,aggregate,all,1955-10-31,M,40.83366,fred,2026-09-07T17:18:12Z
consumer_credit_total_sa,ALL_HOLDERS,aggregate,all,1955-11-30,M,41.36682,fred,2026-09-07T17:18:12Z
consumer_credit_total_sa,ALL_HOLDERS,aggregate,all,1955-12-31,M,41.86903,fred,2026-09-07T17:18:12Z
consumer_credit_total_sa,ALL_HOLDERS,aggregate,all,1956-01-31,M,42.12013,fred,2026-09-07T17:18:12Z
consumer_credit_total_sa,ALL_HOLDERS,aggregate,all,1956-02-29,M,42.56107,fred,2026-09-07T17:18:12Z
consumer_credit_total_sa,ALL_HOLDERS,aggregate,all,1956-03-31,M,43.20525,fred,2026-09-07T17:18:12Z
consumer_credit_total_sa,ALL_HOLDERS,aggregate,all,1956-04-30,M,43.38397,fred,2026-09-07T17:18:12Z
consumer_credit_total_sa,ALL_HOLDERS,aggregate,all,1956-05-31,M,43.79961,fred,2026-09-07T17:18:12Z
consumer_credit_total_sa,ALL_HOLDERS,aggregate,all,1956-06-30,M,44.05363,fred,2026-09-07T17:18:12Z
consumer_credit_total_sa,ALL_HOLDERS,aggregate,all,1956-07-31,M,44.17342,fred,2026-09-07T17:18:12Z
consumer_credit_total_sa,ALL_HOLDERS,aggregate,all,1956-08-31,M,44.49886,fred,2026-09-07T17:18:12Z
consumer_credit_total_sa,ALL_HOLDERS,aggregate,all,1956-09-30,M,44.77898,fred,2026-09-07T17:18:12Z
consumer_credit_total_sa,ALL_HOLDERS,aggregate,all,1956-10-31,M,44.93415,fred,2026-09-07T17:18:12Z
consumer_credit_total_sa,ALL_HOLDERS,aggregate,all,1956-11-30,M,45.40079,fred,2026-09-07T17:18:12Z
consumer_credit_total_sa,ALL_HOLDERS,aggregate,all,1956-12-31,M,45.44824,fred,2026-09-07T17:18:12Z
consumer_credit_total_sa,ALL_HOLDERS,aggregate,all,1957-01-31,M,45.7005,fred,2026-09-07T17:18:12Z
consumer_credit_total_sa,ALL_HOLDERS,aggregate,all,1957-02-28,M,46.04224,fred,2026-09-07T17:18:12Z
consumer_credit_total_sa,ALL_HOLDERS,aggregate,all,1957-03-31,M,46.2453,fred,2026-09-07T17:18:12Z
consumer_credit_total_sa,ALL_HOLDERS,aggregate,all,1957-04-30,M,46.51742,fred,2026-09-07T17:18:12Z
consumer_credit_total_sa,ALL_HOLDERS,aggregate,all,1957-05-31,M,46.83804,fred,2026-09-07T17:18:12Z
consumer_credit_total_sa,ALL_HOLDERS,aggregate,all,1957-06-30,M,47.00029,fred,2026-09-07T17:18:12Z
consumer_credit_total_sa,ALL_HOLDERS,aggregate,all,1957-07-31,M,47.36847,fred,2026-09-07T17:18:12Z
consumer_credit_total_sa,ALL_HOLDERS,aggregate,all,1957-08-31,M,47.64621,fred,2026-09-07T17:18:12Z
consumer_credit_total_sa,ALL_HOLDERS,aggregate,all,1957-09-30,M,47.74148,fred,2026-09-07T17:18:12Z
consumer_credit_total_sa,ALL_HOLDERS,aggregate,all,1957-10-31,M,47.879,fred,2026-09-07T17:18:12Z
consumer_credit_total_sa,ALL_HOLDERS,aggregate,all,1957-11-30,M,47.95967,fred,2026-09-07T17:18:12Z
consumer_credit_total_sa,ALL_HOLDERS,aggregate,all,1957-12-31,M,48.07827,fred,2026-09-07T17:18:12Z
consumer_credit_total_sa,ALL_HOLDERS,aggregate,all,1958-01-31,M,48.29247,fred,2026-09-07T17:18:12Z
consumer_credit_total_sa,ALL_HOLDERS,aggregate,all,1958-02-28,M,48.09752,fred,2026-09-07T17:18:12Z
consumer_credit_total_sa,ALL_HOLDERS,aggregate,all,1958-03-31,M,47.77344,fred,2026-09-07T17:18:12Z
consumer_credit_total_sa,ALL_HOLDERS,aggregate,all,1958-04-30,M,47.6625,fred,2026-09-07T17:18:12Z
consumer_credit_total_sa,ALL_HOLDERS,aggregate,all,1958-05-31,M,47.61828,fred,2026-09-07T17:18:12Z
consumer_credit_total_sa,ALL_HOLDERS,aggregate,all,1958-06-30,M,47.50736,fred,2026-09-07T17:18:12Z
consumer_credit_total_sa,ALL_HOLDERS,aggregate,all,1958-07-31,M,47.55228,fred,2026-09-07T17:18:12Z
consumer_credit_total_sa,ALL_HOLDERS,aggregate,all,1958-08-31,M,47.59298,fred,2026-09-07T17:18:12Z
consumer_credit_total_sa,ALL_HOLDERS,aggregate,all,1958-09-30,M,47.71292,fred,2026-09-07T17:18:12Z
consumer_credit_total_sa,ALL_HOLDERS,aggregate,all,1958-10-31,M,47.82317,fred,2026-09-07T17:18:12Z
consumer_credit_total_sa,ALL_HOLDERS,aggregate,all,1958-11-30,M,47.98748,fred,2026-09-07T17:18:12Z
consumer_credit_total_sa,ALL_HOLDERS,aggregate,all,1958-12-31,M,48.39435,fred,2026-09-07T17:18:12Z
consumer_credit_total_sa,ALL_HOLDERS,aggregate,all,1959-01-31,M,48.96116,fred,2026-09-07T17:18:12Z
consumer_credit_total_sa,ALL_HOLDERS,aggregate,all,1959-02-28,M,49.51371,fred,2026-09-07T17:18:12Z
consumer_credit_total_sa,ALL_HOLDERS,aggregate,all,1959-03-31,M,50.00773,fred,2026-09-07T17:18:12Z
consumer_credit_total_sa,ALL_HOLDERS,aggregate,all,1959-04-30,M,50.46343,fred,2026-09-07T17:18:12Z
consumer_credit_total_sa,ALL_HOLDERS,aggregate,all,1959-05-31,M,51.00724,fred,2026-09-07T17:18:12Z
consumer_credit_total_sa,ALL_HOLDERS,aggregate,all,1959-06-30,M,51.67544,fred,2026-09-07T17:18:12Z
consumer_credit_total_sa,ALL_HOLDERS,aggregate,all,1959-07-31,M,52.35685,fred,2026-09-07T17:18:12Z
consumer_credit_total_sa,ALL_HOLDERS,aggregate,all,1959-08-31,M,53.03853,fred,2026-09-07T17:18:12Z
consumer_credit_total_sa,ALL_HOLDERS,aggregate,all,1959-09-30,M,53.68375,fred,2026-09-07T17:18:12Z
consumer_credit_total_sa,ALL_HOLDERS,aggregate,all,1959-10-31,M,54.36595,fred,2026-09-07T17:18:12Z
consumer_credit_total_sa,ALL_HOLDERS,aggregate,all,1959-11-30,M,54.79481,fred,2026-09-07T17:18:12Z
consumer_credit_total_sa,ALL_HOLDERS,aggregate,all,1959-12-31,M,56.01068,fred,2026-09-07T17:18:12Z
consumer_credit_total_sa,ALL_HOLDERS,aggregate,all,1960-01-31,M,56.01558,fred,2026-09-07T17:18:12Z
consumer_credit_total_sa,ALL_HOLDERS,aggregate,all,1960-02-29,M,56.36463,fred,2026-09-07T17:18:12Z
consumer_credit_total_sa,ALL_HOLDERS,aggregate,all,1960-03-31,M,56.86288,fred,2026-09-07T17:18:12Z
consumer_credit_total_sa,ALL_HOLDERS,aggregate,all,1960-04-30,M,57.7114,fred,2026-09-07T17:18:12Z
consumer_credit_total_sa,ALL_HOLDERS,aggregate,all,1960-05-31,M,57.95103,fred,2026-09-07T17:18:12Z
consumer_credit_total_sa,ALL_HOLDERS,aggregate,all,1960-06-30,M,58.38706,fred,2026-09-07T17:18:12Z
consumer_credit_total_sa,ALL_HOLDERS,aggregate,all,1960-07-31,M,58.74671,fred,2026-09-07T17:18:12Z
consumer_credit_total_sa,ALL_HOLDERS,aggregate,all,1960-08-31,M,58.94715,fred,2026-09-07T17:18:12Z
consumer_credit_total_sa,ALL_HOLDERS,aggregate,all,1960-09-30,M,59.36465,fred,2026-09-07T17:18:12Z
consumer_credit_total_sa,ALL_HOLDERS,aggregate,all,1960-10-31,M,59.62899,fred,2026-09-07T17:18:12Z
consumer_credit_total_sa,ALL_HOLDERS,aggregate,all,1960-11-30,M,59.87401,fred,2026-09-07T17:18:12Z
consumer_credit_total_sa,ALL_HOLDERS,aggregate,all,1960-12-31,M,60.02531,fred,2026-09-07T17:18:12Z
consumer_credit_total_sa,ALL_HOLDERS,aggregate,all,1961-01-31,M,60.67185,fred,2026-09-07T17:18:12Z
consumer_credit_total_sa,ALL_HOLDERS,aggregate,all,1961-02-28,M,60.31013,fred,2026-09-07T17:18:12Z
consumer_credit_total_sa,ALL_HOLDERS,aggregate,all,1961-03-31,M,60.45546,fred,2026-09-07T17:18:12Z
consumer_credit_total_sa,ALL_HOLDERS,aggregate,all,1961-04-30,M,60.07587,fred,2026-09-07T17:18:12Z
consumer_credit_total_sa,ALL_HOLDERS,aggregate,all,1961-05-31,M,60.17969,fred,2026-09-07T17:18:12Z
consumer_credit_total_sa,ALL_HOLDERS,aggregate,all,1961-06-30,M,60.33475,fred,2026-09-07T17:18:12Z
consumer_credit_total_sa,ALL_HOLDERS,aggregate,all,1961-07-31,M,60.39598,fred,2026-09-07T17:18:12Z
consumer_credit_total_sa,ALL_HOLDERS,aggregate,all,1961-08-31,M,60.61948,fred,2026-09-07T17:18:12Z
consumer_credit_total_sa,ALL_HOLDERS,aggregate,all,1961-09-30,M,60.88309,fred,2026-09-07T17:18:12Z
consumer_credit_total_sa,ALL_HOLDERS,aggregate,all,1961-10-31,M,61.15822,fred,2026-09-07T17:18:12Z
consumer_credit_total_sa,ALL_HOLDERS,aggregate,all,1961-11-30,M,61.74829,fred,2026-09-07T17:18:12Z
consumer_credit_total_sa,ALL_HOLDERS,aggregate,all,1961-12-31,M,62.24853,fred,2026-09-07T17:18:12Z
consumer_credit_total_sa,ALL_HOLDERS,aggregate,all,1962-01-31,M,62.2828,fred,2026-09-07T17:18:12Z
consumer_credit_total_sa,ALL_HOLDERS,aggregate,all,1962-02-28,M,62.64035,fred,2026-09-07T17:18:12Z
consumer_credit_total_sa,ALL_HOLDERS,aggregate,all,1962-03-31,M,63.12857,fred,2026-09-07T17:18:12Z
consumer_credit_total_sa,ALL_HOLDERS,aggregate,all,1962-04-30,M,63.86691,fred,2026-09-07T17:18:12Z
consumer_credit_total_sa,ALL_HOLDERS,aggregate,all,1962-05-31,M,64.60104,fred,2026-09-07T17:18:12Z
consumer_credit_total_sa,ALL_HOLDERS,aggregate,all,1962-06-30,M,65.13742,fred,2026-09-07T17:18:12Z
consumer_credit_total_sa,ALL_HOLDERS,aggregate,all,1962-07-31,M,65.51218,fred,2026-09-07T17:18:12Z
consumer_credit_total_sa,ALL_HOLDERS,aggregate,all,1962-08-31,M,66.05512,fred,2026-09-07T17:18:12Z
consumer_credit_total_sa,ALL_HOLDERS,aggregate,all,1962-09-30,M,66.43833,fred,2026-09-07T17:18:12Z
consumer_credit_total_sa,ALL_HOLDERS,aggregate,all,1962-10-31,M,67.02888,fred,2026-09-07T17:18:12Z
consumer_credit_total_sa,ALL_HOLDERS,aggregate,all,1962-11-30,M,67.6421,fred,2026-09-07T17:18:12Z
consumer_credit_total_sa,ALL_HOLDERS,aggregate,all,1962-12-31,M,68.12672,fred,2026-09-07T17:18:12Z
consumer_credit_total_sa,ALL_HOLDERS,aggregate,all,1963-01-31,M,68.65646,fred,2026-09-07T17:18:12Z
consumer_credit_total_sa,ALL_HOLDERS,aggregate,all,1963-02-28,M,69.37675,fred,2026-09-07T17:18:12Z
consumer_credit_total_sa,ALL_HOLDERS,aggregate,all,1963-03-31,M,70.07341,fred,2026-09-07T17:18:12Z
consumer_credit_total_sa,ALL_HOLDERS,aggregate,all,1963-04-30,M,70.80161,fred,2026-09-07T17:18:12Z
consumer_credit_total_sa,ALL_HOLDERS,aggregate,all,1963-05-31,M,71.33514,fred,2026-09-07T17:18:12Z
consumer_credit_total_sa,ALL_HOLDERS,aggregate,all,1963-06-30,M,71.87559,fred,2026-09-07T17:18:12Z
consumer_credit_total_sa,ALL_HOLDERS,aggregate,all,1963-07-31,M,72.71645,fred,2026-09-07T17:18:12Z
consumer_credit_total_sa,ALL_HOLDERS,aggregate,all,1963-08-31,M,73.57616,fred,2026-09-07T17:18:12Z
consumer_credit_total_sa,ALL_HOLDERS,aggregate,all,1963-09-30,M,74.16977,fred,2026-09-07T17:18:12Z
consumer_credit_total_sa,ALL_HOLDERS,aggregate,all,1963-10-31,M,75.11295,fred,2026-09-07T17:18:12Z
consumer_credit_total_sa,ALL_HOLDERS,aggregate,all,1963-11-30,M,75.60692,fred,2026-09-07T17:18:12Z
consumer_credit_total_sa,ALL_HOLDERS,aggregate,all,1963-12-31,M,76.58145,fred,2026-09-07T17:18:12Z
consumer_credit_total_sa,ALL_HOLDERS,aggregate,all,1964-01-31,M,77.46136,fred,2026-09-07T17:18:12Z
consumer_credit_total_sa,ALL_HOLDERS,aggregate,all,1964-02-29,M,78.33623,fred,2026-09-07T17:18:12Z
consumer_credit_total_sa,ALL_HOLDERS,aggregate,all,1964-03-31,M,79.24041,fred,2026-09-07T17:18:12Z
consumer_credit_total_sa,ALL_HOLDERS,aggregate,all,1964-04-30,M,79.90816,fred,2026-09-07T17:18:12Z
consumer_credit_total_sa,ALL_HOLDERS,aggregate,all,1964-05-31,M,80.83452,fred,2026-09-07T17:18:12Z
consumer_credit_total_sa,ALL_HOLDERS,aggregate,all,1964-06-30,M,81.42818,fred,2026-09-07T17:18:12Z
consumer_credit_total_sa,ALL_HOLDERS,aggregate,all,1964-07-31,M,82.2945,fred,2026-09-07T17:18:12Z
consumer_credit_total_sa,ALL_HOLDERS,aggregate,all,1964-08-31,M,82.97305,fred,2026-09-07T17:18:12Z
consumer_credit_total_sa,ALL_HOLDERS,aggregate,all,1964-09-30,M,83.92197,fred,2026-09-07T17:18:12Z
consumer_credit_total_sa,ALL_HOLDERS,aggregate,all,1964-10-31,M,84.53018,fred,2026-09-07T17:18:12Z
consumer_credit_total_sa,ALL_HOLDERS,aggregate,all,1964-11-30,M,84.94403,fred,2026-09-07T17:18:12Z
consumer_credit_total_sa,ALL_HOLDERS,aggregate,all,1964-12-31,M,85.95957,fred,2026-09-07T17:18:12Z
consumer_credit_total_sa,ALL_HOLDERS,aggregate,all,1965-01-31,M,87.18259,fred,2026-09-07T17:18:12Z
consumer_credit_total_sa,ALL_HOLDERS,aggregate,all,1965-02-28,M,88.15204,fred,2026-09-07T17:18:12Z
consumer_credit_total_sa,ALL_HOLDERS,aggregate,all,1965-03-31,M,88.91607,fred,2026-09-07T17:18:12Z
consumer_credit_total_sa,ALL_HOLDERS,aggregate,all,1965-04-30,M,90.04741,fred,2026-09-07T17:18:12Z
consumer_credit_total_sa,ALL_HOLDERS,aggregate,all,1965-05-31,M,90.88588,fred,2026-09-07T17:18:12Z
consumer_credit_total_sa,ALL_HOLDERS,aggregate,all,1965-06-30,M,91.83009,fred,2026-09-07T17:18:12Z
consumer_credit_total_sa,ALL_HOLDERS,aggregate,all,1965-07-31,M,92.69463,fred,2026-09-07T17:18:12Z
consumer_credit_total_sa,ALL_HOLDERS,aggregate,all,1965-08-31,M,93.2871,fred,2026-09-07T17:18:12Z
consumer_credit_total_sa,ALL_HOLDERS,aggregate,all,1965-09-30,M,94.12648,fred,2026-09-07T17:18:12Z
consumer_credit_total_sa,ALL_HOLDERS,aggregate,all,1965-10-31,M,94.80453,fred,2026-09-07T17:18:12Z
consumer_credit_total_sa,ALL_HOLDERS,aggregate,all,1965-11-30,M,95.40527,fred,2026-09-07T17:18:12Z
consumer_credit_total_sa,ALL_HOLDERS,aggregate,all,1965-12-31,M,95.95472,fred,2026-09-07T17:18:12Z
consumer_credit_total_sa,ALL_HOLDERS,aggregate,all,1966-01-31,M,97.03072,fred,2026-09-07T17:18:12Z
consumer_credit_total_sa,ALL_HOLDERS,aggregate,all,1966-02-28,M,97.75836,fred,2026-09-07T17:18:12Z
consumer_credit_total_sa,ALL_HOLDERS,aggregate,all,1966-03-31,M,98.44639,fred,2026-09-07T17:18:12Z
consumer_credit_total_sa,ALL_HOLDERS,aggregate,all,1966-04-30,M,98.80509,fred,2026-09-07T17:18:12Z
consumer_credit_total_sa,ALL_HOLDERS,aggregate,all,1966-05-31,M,99.30544,fred,2026-09-07T17:18:12Z
consumer_credit_total_sa,ALL_HOLDERS,aggregate,all,1966-06-30,M,99.78867,fred,2026-09-07T17:18:12Z
consumer_credit_total_sa,ALL_HOLDERS,aggregate,all,1966-07-31,M,100.06144,fred,2026-09-07T17:18:12Z
consumer_credit_total_sa,ALL_HOLDERS,aggregate,all,1966-08-31,M,100.5867,fred,2026-09-07T17:18:12Z
consumer_credit_total_sa,ALL_HOLDERS,aggregate,all,1966-09-30,M,100.67245,fred,2026-09-07T17:18:12Z
consumer_credit_total_sa,ALL_HOLDERS,aggregate,all,1966-10-31,M,100.95307,fred,2026-09-07T17:18:12Z
consumer_credit_total_sa,ALL_HOLDERS,aggregate,all,1966-11-30,M,101.43735,fred,2026-09-07T17:18:12Z
consumer_credit_total_sa,ALL_HOLDERS,aggregate,all,1966-12-31,M,101.78822,fred,2026-09-07T17:18:12Z
consumer_credit_total_sa,ALL_HOLDERS,aggregate,all,1967-01-31,M,102.19855,fred,2026-09-07T17:18:12Z
consumer_credit_total_sa,ALL_HOLDERS,aggregate,all,1967-02-28,M,102.36259,fred,2026-09-07T17:18:12Z
consumer_credit_total_sa,ALL_HOLDERS,aggregate,all,1967-03-31,M,102.73216,fred,2026-09-07T17:18:12Z
consumer_credit_total_sa,ALL_HOLDERS,aggregate,all,1967-04-30,M,102.88594,fred,2026-09-07T17:18:12Z
consumer_credit_total_sa,ALL_HOLDERS,aggregate,all,1967-05-31,M,103.1514,fred,2026-09-07T17:18:12Z
consumer_credit_total_sa,ALL_HOLDERS,aggregate,all,1967-06-30,M,103.74104,fred,2026-09-07T17:18:12Z
consumer_credit_total_sa,ALL_HOLDERS,aggregate,all,1967-07-31,M,104.09425,fred,2026-09-07T17:18:12Z
consumer_credit_total_sa,ALL_HOLDERS,aggregate,all,1967-08-31,M,104.67752,fred,2026-09-07T17:18:12Z
consumer_credit_total_sa,ALL_HOLDERS,aggregate,all,1967-09-30,M,105.17229,fred,2026-09-07T17:18:12Z
consumer_credit_total_sa,ALL_HOLDERS,aggregate,all,1967-10-31,M,105.44072,fred,2026-09-07T17:18:12Z
consumer_credit_total_sa,ALL_HOLDERS,aggregate,all,1967-11-30,M,106.29661,fred,2026-09-07T17:18:12Z
consumer_credit_total_sa,ALL_HOLDERS,aggregate,all,1967-12-31,M,106.84264,fred,2026-09-07T17:18:12Z
consumer_credit_total_sa,ALL_HOLDERS,aggregate,all,1968-01-31,M,106.7724,fred,2026-09-07T17:18:12Z
consumer_credit_total_sa,ALL_HOLDERS,aggregate,all,1968-02-29,M,107.92842,fred,2026-09-07T17:18:12Z
consumer_credit_total_sa,ALL_HOLDERS,aggregate,all,1968-03-31,M,108.68905,fred,2026-09-07T17:18:12Z
consumer_credit_total_sa,ALL_HOLDERS,aggregate,all,1968-04-30,M,109.59758,fred,2026-09-07T17:18:12Z
consumer_credit_total_sa,ALL_HOLDERS,aggregate,all,1968-05-31,M,110.37701,fred,2026-09-07T17:18:12Z
consumer_credit_total_sa,ALL_HOLDERS,aggregate,all,1968-06-30,M,111.06785,fred,2026-09-07T17:18:12Z
consumer_credit_total_sa,ALL_HOLDERS,aggregate,all,1968-07-31,M,112.1237,fred,2026-09-07T17:18:12Z
consumer_credit_total_sa,ALL_HOLDERS,aggregate,all,1968-08-31,M,112.84495,fred,2026-09-07T17:18:12Z
consumer_credit_total_sa,ALL_HOLDERS,aggregate,all,1968-09-30,M,113.75424,fred,2026-09-07T17:18:12Z
consumer_credit_total_sa,ALL_HOLDERS,aggregate,all,1968-10-31,M,115.22826,fred,2026-09-07T17:18:12Z
consumer_credit_total_sa,ALL_HOLDERS,aggregate,all,1968-11-30,M,116.19605,fred,2026-09-07T17:18:12Z
consumer_credit_total_sa,ALL_HOLDERS,aggregate,all,1968-12-31,M,117.39909,fred,2026-09-07T17:18:12Z
consumer_credit_total_sa,ALL_HOLDERS,aggregate,all,1969-01-31,M,118.22598,fred,2026-09-07T17:18:12Z
consumer_credit_total_sa,ALL_HOLDERS,aggregate,all,1969-02-28,M,119.44904,fred,2026-09-07T17:18:12Z
consumer_credit_total_sa,ALL_HOLDERS,aggregate,all,1969-03-31,M,120.43148,fred,2026-09-07T17:18:12Z
consumer_credit_total_sa,ALL_HOLDERS,aggregate,all,1969-04-30,M,121.52369,fred,2026-09-07T17:18:12Z
consumer_credit_total_sa,ALL_HOLDERS,aggregate,all,1969-05-31,M,122.56481,fred,2026-09-07T17:18:12Z
consumer_credit_total_sa,ALL_HOLDERS,aggregate,all,1969-06-30,M,123.38066,fred,2026-09-07T17:18:12Z
consumer_credit_total_sa,ALL_HOLDERS,aggregate,all,1969-07-31,M,124.00398,fred,2026-09-07T17:18:12Z
consumer_credit_total_sa,ALL_HOLDERS,aggregate,all,1969-08-31,M,124.60868,fred,2026-09-07T17:18:12Z
consumer_credit_total_sa,ALL_HOLDERS,aggregate,all,1969-09-30,M,125.31914,fred,2026-09-07T17:18:12Z
consumer_credit_total_sa,ALL_HOLDERS,aggregate,all,1969-10-31,M,126.01972,fred,2026-09-07T17:18:12Z
consumer_credit_total_sa,ALL_HOLDERS,aggregate,all,1969-11-30,M,126.56923,fred,2026-09-07T17:18:12Z
consumer_credit_total_sa,ALL_HOLDERS,aggregate,all,1969-12-31,M,127.15618,fred,2026-09-07T17:18:12Z
consumer_credit_total_sa,ALL_HOLDERS,aggregate,all,1970-01-31,M,127.80299,fred,2026-09-07T17:18:12Z
consumer_credit_total_sa,ALL_HOLDERS,aggregate,all,1970-02-28,M,128.19115,fred,2026-09-07T17:18:12Z
consumer_credit_total_sa,ALL_HOLDERS,aggregate,all,1970-03-31,M,128.28,fred,2026-09-07T17:18:12Z
consumer_credit_total_sa,ALL_HOLDERS,aggregate,all,1970-04-30,M,128.37472,fred,2026-09-07T17:18:12Z
consumer_credit_total_sa,ALL_HOLDERS,aggregate,all,1970-05-31,M,128.53404,fred,2026-09-07T17:18:12Z
consumer_credit_total_sa,ALL_HOLDERS,aggregate,all,1970-06-30,M,129.18543,fred,2026-09-07T17:18:12Z
consumer_credit_total_sa,ALL_HOLDERS,aggregate,all,1970-07-31,M,129.85691,fred,2026-09-07T17:18:12Z
consumer_credit_total_sa,ALL_HOLDERS,aggregate,all,1970-08-31,M,130.1846,fred,2026-09-07T17:18:12Z
consumer_credit_total_sa,ALL_HOLDERS,aggregate,all,1970-09-30,M,130.85083,fred,2026-09-07T17:18:12Z
consumer_credit_total_sa,ALL_HOLDERS,aggregate,all,1970-10-31,M,131.11307,fred,2026-09-07T17:18:12Z
consumer_credit_total_sa,ALL_HOLDERS,aggregate,all,1970-11-30,M,130.80743,fred,2026-09-07T17:18:12Z
consumer_credit_total_sa,ALL_HOLDERS,aggregate,all,1970-12-31,M,131.55155,fred,2026-09-07T17:18:12Z
consumer_credit_total_sa,ALL_HOLDERS,aggregate,all,1971-01-31,M,134.16406,fred,2026-09-07T17:18:12Z
consumer_credit_total_sa,ALL_HOLDERS,aggregate,all,1971-02-28,M,134.93292,fred,2026-09-07T17:18:12Z
consumer_credit_total_sa,ALL_HOLDERS,aggregate,all,1971-03-31,M,135.73629,fred,2026-09-07T17:18:12Z
consumer_credit_total_sa,ALL_HOLDERS,aggregate,all,1971-04-30,M,136.99253,fred,2026-09-07T17:18:12Z
consumer_credit_total_sa,ALL_HOLDERS,aggregate,all,1971-05-31,M,137.84093,fred,2026-09-07T17:18:12Z
consumer_credit_total_sa,ALL_HOLDERS,aggregate,all,1971-06-30,M,138.76893,fred,2026-09-07T17:18:12Z
consumer_credit_total_sa,ALL_HOLDERS,aggregate,all,1971-07-31,M,139.90802,fred,2026-09-07T17:18:12Z
consumer_credit_total_sa,ALL_HOLDERS,aggregate,all,1971-08-31,M,141.25209,fred,2026-09-07T17:18:12Z
consumer_credit_total_sa,ALL_HOLDERS,aggregate,all,1971-09-30,M,142.76657,fred,2026-09-07T17:18:12Z
consumer_credit_total_sa,ALL_HOLDERS,aggregate,all,1971-10-31,M,143.92676,fred,2026-09-07T17:18:12Z
consumer_credit_total_sa,ALL_HOLDERS,aggregate,all,1971-11-30,M,145.63484,fred,2026-09-07T17:18:12Z
consumer_credit_total_sa,ALL_HOLDERS,aggregate,all,1971-12-31,M,146.93018,fred,2026-09-07T17:18:12Z
consumer_credit_total_sa,ALL_HOLDERS,aggregate,all,1972-01-31,M,147.66048,fred,2026-09-07T17:18:12Z
consumer_credit_total_sa,ALL_HOLDERS,aggregate,all,1972-02-29,M,148.92454,fred,2026-09-07T17:18:12Z
consumer_credit_total_sa,ALL_HOLDERS,aggregate,all,1972-03-31,M,150.77106,fred,2026-09-07T17:18:12Z
consumer_credit_total_sa,ALL_HOLDERS,aggregate,all,1972-04-30,M,152.32195,fred,2026-09-07T17:18:12Z
consumer_credit_total_sa,ALL_HOLDERS,aggregate,all,1972-05-31,M,154.19949,fred,2026-09-07T17:18:12Z
consumer_credit_total_sa,ALL_HOLDERS,aggregate,all,1972-06-30,M,156.15301,fred,2026-09-07T17:18:12Z
consumer_credit_total_sa,ALL_HOLDERS,aggregate,all,1972-07-31,M,157.27992,fred,2026-09-07T17:18:12Z
consumer_credit_total_sa,ALL_HOLDERS,aggregate,all,1972-08-31,M,158.93936,fred,2026-09-07T17:18:12Z
consumer_credit_total_sa,ALL_HOLDERS,aggregate,all,1972-09-30,M,160.55329,fred,2026-09-07T17:18:12Z
consumer_credit_total_sa,ALL_HOLDERS,aggregate,all,1972-10-31,M,162.22503,fred,2026-09-07T17:18:12Z
consumer_credit_total_sa,ALL_HOLDERS,aggregate,all,1972-11-30,M,164.10159,fred,2026-09-07T17:18:12Z
consumer_credit_total_sa,ALL_HOLDERS,aggregate,all,1972-12-31,M,166.1891,fred,2026-09-07T17:18:12Z
consumer_credit_total_sa,ALL_HOLDERS,aggregate,all,1973-01-31,M,169.29467,fred,2026-09-07T17:18:12Z
consumer_credit_total_sa,ALL_HOLDERS,aggregate,all,1973-02-28,M,171.60183,fred,2026-09-07T17:18:12Z
consumer_credit_total_sa,ALL_HOLDERS,aggregate,all,1973-03-31,M,173.90894,fred,2026-09-07T17:18:12Z
consumer_credit_total_sa,ALL_HOLDERS,aggregate,all,1973-04-30,M,175.76268,fred,2026-09-07T17:18:12Z
consumer_credit_total_sa,ALL_HOLDERS,aggregate,all,1973-05-31,M,178.12795,fred,2026-09-07T17:18:12Z
consumer_credit_total_sa,ALL_HOLDERS,aggregate,all,1973-06-30,M,180.42927,fred,2026-09-07T17:18:12Z
consumer_credit_total_sa,ALL_HOLDERS,aggregate,all,1973-07-31,M,182.3182,fred,2026-09-07T17:18:12Z
consumer_credit_total_sa,ALL_HOLDERS,aggregate,all,1973-08-31,M,184.32651,fred,2026-09-07T17:18:12Z
consumer_credit_total_sa,ALL_HOLDERS,aggregate,all,1973-09-30,M,185.34551,fred,2026-09-07T17:18:12Z
consumer_credit_total_sa,ALL_HOLDERS,aggregate,all,1973-10-31,M,187.47609,fred,2026-09-07T17:18:12Z
consumer_credit_total_sa,ALL_HOLDERS,aggregate,all,1973-11-30,M,189.3088,fred,2026-09-07T17:18:12Z
consumer_credit_total_sa,ALL_HOLDERS,aggregate,all,1973-12-31,M,190.08631,fred,2026-09-07T17:18:12Z
consumer_credit_total_sa,ALL_HOLDERS,aggregate,all,1974-01-31,M,191.31247,fred,2026-09-07T17:18:12Z
consumer_credit_total_sa,ALL_HOLDERS,aggregate,all,1974-02-28,M,192.51536,fred,2026-09-07T17:18:12Z
consumer_credit_total_sa,ALL_HOLDERS,aggregate,all,1974-03-31,M,193.35799,fred,2026-09-07T17:18:12Z
consumer_credit_total_sa,ALL_HOLDERS,aggregate,all,1974-04-30,M,194.60355,fred,2026-09-07T17:18:12Z
consumer_credit_total_sa,ALL_HOLDERS,aggregate,all,1974-05-31,M,195.8699,fred,2026-09-07T17:18:12Z
consumer_credit_total_sa,ALL_HOLDERS,aggregate,all,1974-06-30,M,196.8878,fred,2026-09-07T17:18:12Z
consumer_credit_total_sa,ALL_HOLDERS,aggregate,all,1974-07-31,M,198.29354,fred,2026-09-07T17:18:12Z
consumer_credit_total_sa,ALL_HOLDERS,aggregate,all,1974-08-31,M,199.3168,fred,2026-09-07T17:18:12Z
consumer_credit_total_sa,ALL_HOLDERS,aggregate,all,1974-09-30,M,199.61712,fred,2026-09-07T17:18:12Z
consumer_credit_total_sa,ALL_HOLDERS,aggregate,all,1974-10-31,M,199.53477,fred,2026-09-07T17:18:12Z
consumer_credit_total_sa,ALL_HOLDERS,aggregate,all,1974-11-30,M,199.25468,fred,2026-09-07T17:18:12Z
consumer_credit_total_sa,ALL_HOLDERS,aggregate,all,1974-12-31,M,198.91784,fred,2026-09-07T17:18:12Z
consumer_credit_total_sa,ALL_HOLDERS,aggregate,all,1975-01-31,M,199.0636,fred,2026-09-07T17:18:12Z
consumer_credit_total_sa,ALL_HOLDERS,aggregate,all,1975-02-28,M,199.50775,fred,2026-09-07T17:18:12Z
consumer_credit_total_sa,ALL_HOLDERS,aggregate,all,1975-03-31,M,199.10994,fred,2026-09-07T17:18:12Z
consumer_credit_total_sa,ALL_HOLDERS,aggregate,all,1975-04-30,M,198.74286,fred,2026-09-07T17:18:12Z
consumer_credit_total_sa,ALL_HOLDERS,aggregate,all,1975-05-31,M,198.73721,fred,2026-09-07T17:18:12Z
consumer_credit_total_sa,ALL_HOLDERS,aggregate,all,1975-06-30,M,196.04336,fred,2026-09-07T17:18:12Z
consumer_credit_total_sa,ALL_HOLDERS,aggregate,all,1975-07-31,M,197.57936,fred,2026-09-07T17:18:12Z
consumer_credit_total_sa,ALL_HOLDERS,aggregate,all,1975-08-31,M,198.21159,fred,2026-09-07T17:18:12Z
consumer_credit_total_sa,ALL_HOLDERS,aggregate,all,1975-09-30,M,199.42896,fred,2026-09-07T17:18:12Z
consumer_credit_total_sa,ALL_HOLDERS,aggregate,all,1975-10-31,M,200.43428,fred,2026-09-07T17:18:12Z
consumer_credit_total_sa,ALL_HOLDERS,aggregate,all,1975-11-30,M,201.49288,fred,2026-09-07T17:18:12Z
consumer_credit_total_sa,ALL_HOLDERS,aggregate,all,1975-12-31,M,204.002,fred,2026-09-07T17:18:12Z
consumer_credit_total_sa,ALL_HOLDERS,aggregate,all,1976-01-31,M,205.52079,fred,2026-09-07T17:18:12Z
consumer_credit_total_sa,ALL_HOLDERS,aggregate,all,1976-02-29,M,206.70929,fred,2026-09-07T17:18:12Z
consumer_credit_total_sa,ALL_HOLDERS,aggregate,all,1976-03-31,M,208.33857,fred,2026-09-07T17:18:12Z
consumer_credit_total_sa,ALL_HOLDERS,aggregate,all,1976-04-30,M,210.50006,fred,2026-09-07T17:18:12Z
consumer_credit_total_sa,ALL_HOLDERS,aggregate,all,1976-05-31,M,211.40742,fred,2026-09-07T17:18:12Z
consumer_credit_total_sa,ALL_HOLDERS,aggregate,all,1976-06-30,M,213.2401,fred,2026-09-07T17:18:12Z
consumer_credit_total_sa,ALL_HOLDERS,aggregate,all,1976-07-31,M,215.2727,fred,2026-09-07T17:18:12Z
consumer_credit_total_sa,ALL_HOLDERS,aggregate,all,1976-08-31,M,216.50986,fred,2026-09-07T17:18:12Z
consumer_credit_total_sa,ALL_HOLDERS,aggregate,all,1976-09-30,M,218.70878,fred,2026-09-07T17:18:12Z
consumer_credit_total_sa,ALL_HOLDERS,aggregate,all,1976-10-31,M,220.8671,fred,2026-09-07T17:18:12Z
consumer_credit_total_sa,ALL_HOLDERS,aggregate,all,1976-11-30,M,222.80491,fred,2026-09-07T17:18:12Z
consumer_credit_total_sa,ALL_HOLDERS,aggregate,all,1976-12-31,M,225.72159,fred,2026-09-07T17:18:12Z
consumer_credit_total_sa,ALL_HOLDERS,aggregate,all,1977-01-31,M,225.73315,fred,2026-09-07T17:18:12Z
consumer_credit_total_sa,ALL_HOLDERS,aggregate,all,1977-02-28,M,228.52821,fred,2026-09-07T17:18:12Z
consumer_credit_total_sa,ALL_HOLDERS,aggregate,all,1977-03-31,M,232.34827,fred,2026-09-07T17:18:12Z
consumer_credit_total_sa,ALL_HOLDERS,aggregate,all,1977-04-30,M,235.59405,fred,2026-09-07T17:18:12Z
consumer_credit_total_sa,ALL_HOLDERS,aggregate,all,1977-05-31,M,239.01809,fred,2026-09-07T17:18:12Z
consumer_credit_total_sa,ALL_HOLDERS,aggregate,all,1977-06-30,M,242.40858,fred,2026-09-07T17:18:12Z
consumer_credit_total_sa,ALL_HOLDERS,aggregate,all,1977-07-31,M,245.48106,fred,2026-09-07T17:18:12Z
consumer_credit_total_sa,ALL_HOLDERS,aggregate,all,1977-08-31,M,248.47453,fred,2026-09-07T17:18:12Z
consumer_credit_total_sa,ALL_HOLDERS,aggregate,all,1977-09-30,M,251.2618,fred,2026-09-07T17:18:12Z
consumer_credit_total_sa,ALL_HOLDERS,aggregate,all,1977-10-31,M,255.41564,fred,2026-09-07T17:18:12Z
consumer_credit_total_sa,ALL_HOLDERS,aggregate,all,1977-11-30,M,258.77291,fred,2026-09-07T17:18:12Z
consumer_credit_total_sa,ALL_HOLDERS,aggregate,all,1977-12-31,M,260.5627,fred,2026-09-07T17:18:12Z
consumer_credit_total_sa,ALL_HOLDERS,aggregate,all,1978-01-31,M,262.76532,fred,2026-09-07T17:18:12Z
consumer_credit_total_sa,ALL_HOLDERS,aggregate,all,1978-02-28,M,265.73802,fred,2026-09-07T17:18:12Z
consumer_credit_total_sa,ALL_HOLDERS,aggregate,all,1978-03-31,M,270.26281,fred,2026-09-07T17:18:12Z
consumer_credit_total_sa,ALL_HOLDERS,aggregate,all,1978-04-30,M,274.13698,fred,2026-09-07T17:18:12Z
consumer_credit_total_sa,ALL_HOLDERS,aggregate,all,1978-05-31,M,279.25657,fred,2026-09-07T17:18:12Z
consumer_credit_total_sa,ALL_HOLDERS,aggregate,all,1978-06-30,M,285.10077,fred,2026-09-07T17:18:12Z
consumer_credit_total_sa,ALL_HOLDERS,aggregate,all,1978-07-31,M,288.80554,fred,2026-09-07T17:18:12Z
consumer_credit_total_sa,ALL_HOLDERS,aggregate,all,1978-08-31,M,292.81311,fred,2026-09-07T17:18:12Z
consumer_credit_total_sa,ALL_HOLDERS,aggregate,all,1978-09-30,M,296.17942,fred,2026-09-07T17:18:12Z
consumer_credit_total_sa,ALL_HOLDERS,aggregate,all,1978-10-31,M,298.81249,fred,2026-09-07T17:18:12Z
consumer_credit_total_sa,ALL_HOLDERS,aggregate,all,1978-11-30,M,302.7302,fred,2026-09-07T17:18:12Z
consumer_credit_total_sa,ALL_HOLDERS,aggregate,all,1978-12-31,M,306.10039,fred,2026-09-07T17:18:12Z
consumer_credit_total_sa,ALL_HOLDERS,aggregate,all,1979-01-31,M,309.90309,fred,2026-09-07T17:18:12Z
consumer_credit_total_sa,ALL_HOLDERS,aggregate,all,1979-02-28,M,313.52378,fred,2026-09-07T17:18:12Z
consumer_credit_total_sa,ALL_HOLDERS,aggregate,all,1979-03-31,M,317.20074,fred,2026-09-07T17:18:12Z
consumer_credit_total_sa,ALL_HOLDERS,aggregate,all,1979-04-30,M,320.94487,fred,2026-09-07T17:18:12Z
consumer_credit_total_sa,ALL_HOLDERS,aggregate,all,1979-05-31,M,325.17739,fred,2026-09-07T17:18:12Z
consumer_credit_total_sa,ALL_HOLDERS,aggregate,all,1979-06-30,M,328.17274,fred,2026-09-07T17:18:12Z
consumer_credit_total_sa,ALL_HOLDERS,aggregate,all,1979-07-31,M,331.98999,fred,2026-09-07T17:18:12Z
consumer_credit_total_sa,ALL_HOLDERS,aggregate,all,1979-08-31,M,335.78546,fred,2026-09-07T17:18:12Z
consumer_credit_total_sa,ALL_HOLDERS,aggregate,all,1979-09-30,M,339.44975,fred,2026-09-07T17:18:12Z
consumer_credit_total_sa,ALL_HOLDERS,aggregate,all,1979-10-31,M,343.2513,fred,2026-09-07T17:18:12Z
consumer_credit_total_sa,ALL_HOLDERS,aggregate,all,1979-11-30,M,346.38941,fred,2026-09-07T17:18:12Z
consumer_credit_total_sa,ALL_HOLDERS,aggregate,all,1979-12-31,M,348.58911,fred,2026-09-07T17:18:12Z
consumer_credit_total_sa,ALL_HOLDERS,aggregate,all,1980-01-31,M,350.4757,fred,2026-09-07T17:18:12Z
consumer_credit_total_sa,ALL_HOLDERS,aggregate,all,1980-02-29,M,353.05623,fred,2026-09-07T17:18:12Z
consumer_credit_total_sa,ALL_HOLDERS,aggregate,all,1980-03-31,M,353.04211,fred,2026-09-07T17:18:12Z
consumer_credit_total_sa,ALL_HOLDERS,aggregate,all,1980-04-30,M,351.28721,fred,2026-09-07T17:18:12Z
consumer_credit_total_sa,ALL_HOLDERS,aggregate,all,1980-05-31,M,348.64454,fred,2026-09-07T17:18:12Z
consumer_credit_total_sa,ALL_HOLDERS,aggregate,all,1980-06-30,M,346.69696,fred,2026-09-07T17:18:12Z
consumer_credit_total_sa,ALL_HOLDERS,aggregate,all,1980-07-31,M,347.07137,fred,2026-09-07T17:18:12Z
consumer_credit_total_sa,ALL_HOLDERS,aggregate,all,1980-08-31,M,347.54601,fred,2026-09-07T17:18:12Z
consumer_credit_total_sa,ALL_HOLDERS,aggregate,all,1980-09-30,M,348.16314,fred,2026-09-07T17:18:12Z
consumer_credit_total_sa,ALL_HOLDERS,aggregate,all,1980-10-31,M,349.59772,fred,2026-09-07T17:18:12Z
consumer_credit_total_sa,ALL_HOLDERS,aggregate,all,1980-11-30,M,350.00449,fred,2026-09-07T17:18:12Z
consumer_credit_total_sa,ALL_HOLDERS,aggregate,all,1980-12-31,M,351.92005,fred,2026-09-07T17:18:12Z
consumer_credit_total_sa,ALL_HOLDERS,aggregate,all,1981-01-31,M,353.02932,fred,2026-09-07T17:18:12Z
consumer_credit_total_sa,ALL_HOLDERS,aggregate,all,1981-02-28,M,354.74499,fred,2026-09-07T17:18:12Z
consumer_credit_total_sa,ALL_HOLDERS,aggregate,all,1981-03-31,M,357.12713,fred,2026-09-07T17:18:12Z
consumer_credit_total_sa,ALL_HOLDERS,aggregate,all,1981-04-30,M,359.13287,fred,2026-09-07T17:18:12Z
consumer_credit_total_sa,ALL_HOLDERS,aggregate,all,1981-05-31,M,361.2328,fred,2026-09-07T17:18:12Z
consumer_credit_total_sa,ALL_HOLDERS,aggregate,all,1981-06-30,M,362.74346,fred,2026-09-07T17:18:12Z
consumer_credit_total_sa,ALL_HOLDERS,aggregate,all,1981-07-31,M,364.67773,fred,2026-09-07T17:18:12Z
consumer_credit_total_sa,ALL_HOLDERS,aggregate,all,1981-08-31,M,365.15446,fred,2026-09-07T17:18:12Z
consumer_credit_total_sa,ALL_HOLDERS,aggregate,all,1981-09-30,M,369.59574,fred,2026-09-07T17:18:12Z
consumer_credit_total_sa,ALL_HOLDERS,aggregate,all,1981-10-31,M,370.45671,fred,2026-09-07T17:18:12Z
consumer_credit_total_sa,ALL_HOLDERS,aggregate,all,1981-11-30,M,371.75991,fred,2026-09-07T17:18:12Z
consumer_credit_total_sa,ALL_HOLDERS,aggregate,all,1981-12-31,M,371.30144,fred,2026-09-07T17:18:12Z
consumer_credit_total_sa,ALL_HOLDERS,aggregate,all,1982-01-31,M,375.16736,fred,2026-09-07T17:18:12Z
consumer_credit_total_sa,ALL_HOLDERS,aggregate,all,1982-02-28,M,376.37707,fred,2026-09-07T17:18:12Z
consumer_credit_total_sa,ALL_HOLDERS,aggregate,all,1982-03-31,M,376.88541,fred,2026-09-07T17:18:12Z
consumer_credit_total_sa,ALL_HOLDERS,aggregate,all,1982-04-30,M,378.63428,fred,2026-09-07T17:18:12Z
consumer_credit_total_sa,ALL_HOLDERS,aggregate,all,1982-05-31,M,380.4388,fred,2026-09-07T17:18:12Z
consumer_credit_total_sa,ALL_HOLDERS,aggregate,all,1982-06-30,M,381.98562,fred,2026-09-07T17:18:12Z
consumer_credit_total_sa,ALL_HOLDERS,aggregate,all,1982-07-31,M,382.4471,fred,2026-09-07T17:18:12Z
consumer_credit_total_sa,ALL_HOLDERS,aggregate,all,1982-08-31,M,382.86264,fred,2026-09-07T17:18:12Z
consumer_credit_total_sa,ALL_HOLDERS,aggregate,all,1982-09-30,M,384.35525,fred,2026-09-07T17:18:12Z
consumer_credit_total_sa,ALL_HOLDERS,aggregate,all,1982-10-31,M,384.96719,fred,2026-09-07T17:18:12Z
consumer_credit_total_sa,ALL_HOLDERS,aggregate,all,1982-11-30,M,386.76665,fred,2026-09-07T17:18:12Z
consumer_credit_total_sa,ALL_HOLDERS,aggregate,all,1982-12-31,M,389.84874,fred,2026-09-07T17:18:12Z
consumer_credit_total_sa,ALL_HOLDERS,aggregate,all,1983-01-31,M,391.82773,fred,2026-09-07T17:18:12Z
consumer_credit_total_sa,ALL_HOLDERS,aggregate,all,1983-02-28,M,392.36096,fred,2026-09-07T17:18:12Z
consumer_credit_total_sa,ALL_HOLDERS,aggregate,all,1983-03-31,M,395.58305,fred,2026-09-07T17:18:12Z
consumer_credit_total_sa,ALL_HOLDERS,aggregate,all,1983-04-30,M,398.42671,fred,2026-09-07T17:18:12Z
consumer_credit_total_sa,ALL_HOLDERS,aggregate,all,1983-05-31,M,399.95372,fred,2026-09-07T17:18:12Z
consumer_credit_total_sa,ALL_HOLDERS,aggregate,all,1983-06-30,M,404.8326,fred,2026-09-07T17:18:12Z
consumer_credit_total_sa,ALL_HOLDERS,aggregate,all,1983-07-31,M,409.47521,fred,2026-09-07T17:18:12Z
consumer_credit_total_sa,ALL_HOLDERS,aggregate,all,1983-08-31,M,413.99357,fred,2026-09-07T17:18:12Z
consumer_credit_total_sa,ALL_HOLDERS,aggregate,all,1983-09-30,M,417.82094,fred,2026-09-07T17:18:12Z
consumer_credit_total_sa,ALL_HOLDERS,aggregate,all,1983-10-31,M,423.773,fred,2026-09-07T17:18:12Z
consumer_credit_total_sa,ALL_HOLDERS,aggregate,all,1983-11-30,M,429.97738,fred,2026-09-07T17:18:12Z
consumer_credit_total_sa,ALL_HOLDERS,aggregate,all,1983-12-31,M,437.06886,fred,2026-09-07T17:18:12Z
consumer_credit_total_sa,ALL_HOLDERS,aggregate,all,1984-01-31,M,441.99113,fred,2026-09-07T17:18:12Z
consumer_credit_total_sa,ALL_HOLDERS,aggregate,all,1984-02-29,M,451.90703,fred,2026-09-07T17:18:12Z
consumer_credit_total_sa,ALL_HOLDERS,aggregate,all,1984-03-31,M,456.55016,fred,2026-09-07T17:18:12Z
consumer_credit_total_sa,ALL_HOLDERS,aggregate,all,1984-04-30,M,462.14122,fred,2026-09-07T17:18:12Z
consumer_credit_total_sa,ALL_HOLDERS,aggregate,all,1984-05-31,M,472.44428,fred,2026-09-07T17:18:12Z
consumer_credit_total_sa,ALL_HOLDERS,aggregate,all,1984-06-30,M,480.99454,fred,2026-09-07T17:18:12Z
consumer_credit_total_sa,ALL_HOLDERS,aggregate,all,1984-07-31,M,487.1488,fred,2026-09-07T17:18:12Z
consumer_credit_total_sa,ALL_HOLDERS,aggregate,all,1984-08-31,M,494.11763,fred,2026-09-07T17:18:12Z
consumer_credit_total_sa,ALL_HOLDERS,aggregate,all,1984-09-30,M,498.4964,fred,2026-09-07T17:18:12Z
consumer_credit_total_sa,ALL_HOLDERS,aggregate,all,1984-10-31,M,504.65866,fred,2026-09-07T17:18:12Z
consumer_credit_total_sa,ALL_HOLDERS,aggregate,all,1984-11-30,M,510.15408,fred,2026-09-07T17:18:12Z
consumer_credit_total_sa,ALL_HOLDERS,aggregate,all,1984-12-31,M,517.27898,fred,2026-09-07T17:18:12Z
consumer_credit_total_sa,ALL_HOLDERS,aggregate,all,1985-01-31,M,523.97936,fred,2026-09-07T17:18:12Z
consumer_credit_total_sa,ALL_HOLDERS,aggregate,all,1985-02-28,M,532.44843,fred,2026-09-07T17:18:12Z
consumer_credit_total_sa,ALL_HOLDERS,aggregate,all,1985-03-31,M,541.75718,fred,2026-09-07T17:18:12Z
consumer_credit_total_sa,ALL_HOLDERS,aggregate,all,1985-04-30,M,549.34871,fred,2026-09-07T17:18:12Z
consumer_credit_total_sa,ALL_HOLDERS,aggregate,all,1985-05-31,M,555.84205,fred,2026-09-07T17:18:12Z
consumer_credit_total_sa,ALL_HOLDERS,aggregate,all,1985-06-30,M,561.2066,fred,2026-09-07T17:18:12Z
consumer_credit_total_sa,ALL_HOLDERS,aggregate,all,1985-07-31,M,567.653,fred,2026-09-07T17:18:12Z
consumer_credit_total_sa,ALL_HOLDERS,aggregate,all,1985-08-31,M,573.29931,fred,2026-09-07T17:18:12Z
consumer_credit_total_sa,ALL_HOLDERS,aggregate,all,1985-09-30,M,582.14837,fred,2026-09-07T17:18:12Z
consumer_credit_total_sa,ALL_HOLDERS,aggregate,all,1985-10-31,M,588.30745,fred,2026-09-07T17:18:12Z
consumer_credit_total_sa,ALL_HOLDERS,aggregate,all,1985-11-30,M,594.47775,fred,2026-09-07T17:18:12Z
consumer_credit_total_sa,ALL_HOLDERS,aggregate,all,1985-12-31,M,599.71123,fred,2026-09-07T17:18:12Z
consumer_credit_total_sa,ALL_HOLDERS,aggregate,all,1986-01-31,M,605.70302,fred,2026-09-07T17:18:12Z
consumer_credit_total_sa,ALL_HOLDERS,aggregate,all,1986-02-28,M,610.67829,fred,2026-09-07T17:18:12Z
consumer_credit_total_sa,ALL_HOLDERS,aggregate,all,1986-03-31,M,613.37662,fred,2026-09-07T17:18:12Z
consumer_credit_total_sa,ALL_HOLDERS,aggregate,all,1986-04-30,M,619.65773,fred,2026-09-07T17:18:12Z
consumer_credit_total_sa,ALL_HOLDERS,aggregate,all,1986-05-31,M,625.81996,fred,2026-09-07T17:18:12Z
consumer_credit_total_sa,ALL_HOLDERS,aggregate,all,1986-06-30,M,630.05583,fred,2026-09-07T17:18:12Z
consumer_credit_total_sa,ALL_HOLDERS,aggregate,all,1986-07-31,M,635.15095,fred,2026-09-07T17:18:12Z
consumer_credit_total_sa,ALL_HOLDERS,aggregate,all,1986-08-31,M,638.90439,fred,2026-09-07T17:18:12Z
consumer_credit_total_sa,ALL_HOLDERS,aggregate,all,1986-09-30,M,646.02316,fred,2026-09-07T17:18:12Z
consumer_credit_total_sa,ALL_HOLDERS,aggregate,all,1986-10-31,M,653.78729,fred,2026-09-07T17:18:12Z
consumer_credit_total_sa,ALL_HOLDERS,aggregate,all,1986-11-30,M,653.7673,fred,2026-09-07T17:18:12Z
consumer_credit_total_sa,ALL_HOLDERS,aggregate,all,1986-12-31,M,654.75024,fred,2026-09-07T17:18:12Z
consumer_credit_total_sa,ALL_HOLDERS,aggregate,all,1987-01-31,M,653.26748,fred,2026-09-07T17:18:12Z
consumer_credit_total_sa,ALL_HOLDERS,aggregate,all,1987-02-28,M,652.5323,fred,2026-09-07T17:18:12Z
consumer_credit_total_sa,ALL_HOLDERS,aggregate,all,1987-03-31,M,651.19767,fred,2026-09-07T17:18:12Z
consumer_credit_total_sa,ALL_HOLDERS,aggregate,all,1987-04-30,M,656.40142,fred,2026-09-07T17:18:12Z
consumer_credit_total_sa,ALL_HOLDERS,aggregate,all,1987-05-31,M,658.47003,fred,2026-09-07T17:18:12Z
consumer_credit_total_sa,ALL_HOLDERS,aggregate,all,1987-06-30,M,662.8975,fred,2026-09-07T17:18:12Z
consumer_credit_total_sa,ALL_HOLDERS,aggregate,all,1987-07-31,M,667.65979,fred,2026-09-07T17:18:12Z
consumer_credit_total_sa,ALL_HOLDERS,aggregate,all,1987-08-31,M,672.22514,fred,2026-09-07T17:18:12Z
consumer_credit_total_sa,ALL_HOLDERS,aggregate,all,1987-09-30,M,676.21116,fred,2026-09-07T17:18:12Z
consumer_credit_total_sa,ALL_HOLDERS,aggregate,all,1987-10-31,M,681.18446,fred,2026-09-07T17:18:12Z
consumer_credit_total_sa,ALL_HOLDERS,aggregate,all,1987-11-30,M,684.71004,fred,2026-09-07T17:18:12Z
consumer_credit_total_sa,ALL_HOLDERS,aggregate,all,1987-12-31,M,686.31877,fred,2026-09-07T17:18:12Z
consumer_credit_total_sa,ALL_HOLDERS,aggregate,all,1988-01-31,M,692.27095,fred,2026-09-07T17:18:12Z
consumer_credit_total_sa,ALL_HOLDERS,aggregate,all,1988-02-29,M,696.38729,fred,2026-09-07T17:18:12Z
consumer_credit_total_sa,ALL_HOLDERS,aggregate,all,1988-03-31,M,700.7012,fred,2026-09-07T17:18:12Z
consumer_credit_total_sa,ALL_HOLDERS,aggregate,all,1988-04-30,M,705.86805,fred,2026-09-07T17:18:12Z
consumer_credit_total_sa,ALL_HOLDERS,aggregate,all,1988-05-31,M,710.04585,fred,2026-09-07T17:18:12Z
consumer_credit_total_sa,ALL_HOLDERS,aggregate,all,1988-06-30,M,713.18919,fred,2026-09-07T17:18:12Z
consumer_credit_total_sa,ALL_HOLDERS,aggregate,all,1988-07-31,M,716.11302,fred,2026-09-07T17:18:12Z
consumer_credit_total_sa,ALL_HOLDERS,aggregate,all,1988-08-31,M,721.53558,fred,2026-09-07T17:18:12Z
consumer_credit_total_sa,ALL_HOLDERS,aggregate,all,1988-09-30,M,722.94769,fred,2026-09-07T17:18:12Z
consumer_credit_total_sa,ALL_HOLDERS,aggregate,all,1988-10-31,M,726.10533,fred,2026-09-07T17:18:12Z
consumer_credit_total_sa,ALL_HOLDERS,aggregate,all,1988-11-30,M,729.66007,fred,2026-09-07T17:18:12Z
consumer_credit_total_sa,ALL_HOLDERS,aggregate,all,1988-12-31,M,731.91776,fred,2026-09-07T17:18:12Z
consumer_credit_total_sa,ALL_HOLDERS,aggregate,all,1989-01-31,M,749.02308,fred,2026-09-07T17:18:12Z
consumer_credit_total_sa,ALL_HOLDERS,aggregate,all,1989-02-28,M,752.893,fred,2026-09-07T17:18:12Z
consumer_credit_total_sa,ALL_HOLDERS,aggregate,all,1989-03-31,M,760.01834,fred,2026-09-07T17:18:12Z
consumer_credit_total_sa,ALL_HOLDERS,aggregate,all,1989-04-30,M,764.71245,fred,2026-09-07T17:18:12Z
consumer_credit_total_sa,ALL_HOLDERS,aggregate,all,1989-05-31,M,769.2757,fred,2026-09-07T17:18:12Z
consumer_credit_total_sa,ALL_HOLDERS,aggregate,all,1989-06-30,M,773.22711,fred,2026-09-07T17:18:12Z
consumer_credit_total_sa,ALL_HOLDERS,aggregate,all,1989-07-31,M,776.26008,fred,2026-09-07T17:18:12Z
consumer_credit_total_sa,ALL_HOLDERS,aggregate,all,1989-08-31,M,778.8765,fred,2026-09-07T17:18:12Z
consumer_credit_total_sa,ALL_HOLDERS,aggregate,all,1989-09-30,M,781.82209,fred,2026-09-07T17:18:12Z
consumer_credit_total_sa,ALL_HOLDERS,aggregate,all,1989-10-31,M,785.54565,fred,2026-09-07T17:18:12Z
consumer_credit_total_sa,ALL_HOLDERS,aggregate,all,1989-11-30,M,790.29725,fred,2026-09-07T17:18:12Z
consumer_credit_total_sa,ALL_HOLDERS,aggregate,all,1989-12-31,M,794.61218,fred,2026-09-07T17:18:12Z
consumer_credit_total_sa,ALL_HOLDERS,aggregate,all,1990-01-31,M,797.71486,fred,2026-09-07T17:18:12Z
consumer_credit_total_sa,ALL_HOLDERS,aggregate,all,1990-02-28,M,798.77319,fred,2026-09-07T17:18:12Z
consumer_credit_total_sa,ALL_HOLDERS,aggregate,all,1990-03-31,M,798.74809,fred,2026-09-07T17:18:12Z
consumer_credit_total_sa,ALL_HOLDERS,aggregate,all,1990-04-30,M,798.74701,fred,2026-09-07T17:18:12Z
consumer_credit_total_sa,ALL_HOLDERS,aggregate,all,1990-05-31,M,799.75103,fred,2026-09-07T17:18:12Z
consumer_credit_total_sa,ALL_HOLDERS,aggregate,all,1990-06-30,M,802.89274,fred,2026-09-07T17:18:12Z
consumer_credit_total_sa,ALL_HOLDERS,aggregate,all,1990-07-31,M,806.8875,fred,2026-09-07T17:18:12Z
consumer_credit_total_sa,ALL_HOLDERS,aggregate,all,1990-08-31,M,808.75857,fred,2026-09-07T17:18:12Z
consumer_credit_total_sa,ALL_HOLDERS,aggregate,all,1990-09-30,M,810.43623,fred,2026-09-07T17:18:12Z
consumer_credit_total_sa,ALL_HOLDERS,aggregate,all,1990-10-31,M,812.65511,fred,2026-09-07T17:18:12Z
consumer_credit_total_sa,ALL_HOLDERS,aggregate,all,1990-11-30,M,813.66266,fred,2026-09-07T17:18:12Z
consumer_credit_total_sa,ALL_HOLDERS,aggregate,all,1990-12-31,M,808.23057,fred,2026-09-07T17:18:12Z
consumer_credit_total_sa,ALL_HOLDERS,aggregate,all,1991-01-31,M,806.6005,fred,2026-09-07T17:18:12Z
consumer_credit_total_sa,ALL_HOLDERS,aggregate,all,1991-02-28,M,807.03043,fred,2026-09-07T17:18:12Z
consumer_credit_total_sa,ALL_HOLDERS,aggregate,all,1991-03-31,M,808.35183,fred,2026-09-07T17:18:12Z
consumer_credit_total_sa,ALL_HOLDERS,aggregate,all,1991-04-30,M,807.81895,fred,2026-09-07T17:18:12Z
consumer_credit_total_sa,ALL_HOLDERS,aggregate,all,1991-05-31,M,807.83216,fred,2026-09-07T17:18:12Z
consumer_credit_total_sa,ALL_HOLDERS,aggregate,all,1991-06-30,M,805.99466,fred,2026-09-07T17:18:12Z
consumer_credit_total_sa,ALL_HOLDERS,aggregate,all,1991-07-31,M,804.02756,fred,2026-09-07T17:18:12Z
consumer_credit_total_sa,ALL_HOLDERS,aggregate,all,1991-08-31,M,802.02192,fred,2026-09-07T17:18:12Z
consumer_credit_total_sa,ALL_HOLDERS,aggregate,all,1991-09-30,M,800.88934,fred,2026-09-07T17:18:12Z
consumer_credit_total_sa,ALL_HOLDERS,aggregate,all,1991-10-31,M,798.61698,fred,2026-09-07T17:18:12Z
consumer_credit_total_sa,ALL_HOLDERS,aggregate,all,1991-11-30,M,798.27498,fred,2026-09-07T17:18:12Z
consumer_credit_total_sa,ALL_HOLDERS,aggregate,all,1991-12-31,M,798.02897,fred,2026-09-07T17:18:12Z
consumer_credit_total_sa,ALL_HOLDERS,aggregate,all,1992-01-31,M,798.98271,fred,2026-09-07T17:18:12Z
consumer_credit_total_sa,ALL_HOLDERS,aggregate,all,1992-02-29,M,799.64038,fred,2026-09-07T17:18:12Z
consumer_credit_total_sa,ALL_HOLDERS,aggregate,all,1992-03-31,M,799.44211,fred,2026-09-07T17:18:12Z
consumer_credit_total_sa,ALL_HOLDERS,aggregate,all,1992-04-30,M,797.65814,fred,2026-09-07T17:18:12Z
consumer_credit_total_sa,ALL_HOLDERS,aggregate,all,1992-05-31,M,797.6679,fred,2026-09-07T17:18:12Z
consumer_credit_total_sa,ALL_HOLDERS,aggregate,all,1992-06-30,M,797.27631,fred,2026-09-07T17:18:12Z
consumer_credit_total_sa,ALL_HOLDERS,aggregate,all,1992-07-31,M,798.06816,fred,2026-09-07T17:18:12Z
consumer_credit_total_sa,ALL_HOLDERS,aggregate,all,1992-08-31,M,799.8238,fred,2026-09-07T17:18:12Z
consumer_credit_total_sa,ALL_HOLDERS,aggregate,all,1992-09-30,M,800.1989,fred,2026-09-07T17:18:12Z
consumer_credit_total_sa,ALL_HOLDERS,aggregate,all,1992-10-31,M,799.55599,fred,2026-09-07T17:18:12Z
consumer_credit_total_sa,ALL_HOLDERS,aggregate,all,1992-11-30,M,802.69798,fred,2026-09-07T17:18:12Z
consumer_credit_total_sa,ALL_HOLDERS,aggregate,all,1992-12-31,M,806.11869,fred,2026-09-07T17:18:12Z
consumer_credit_total_sa,ALL_HOLDERS,aggregate,all,1993-01-31,M,809.32543,fred,2026-09-07T17:18:12Z
consumer_credit_total_sa,ALL_HOLDERS,aggregate,all,1993-02-28,M,814.05892,fred,2026-09-07T17:18:12Z
consumer_credit_total_sa,ALL_HOLDERS,aggregate,all,1993-03-31,M,813.65629,fred,2026-09-07T17:18:12Z
consumer_credit_total_sa,ALL_HOLDERS,aggregate,all,1993-04-30,M,819.75694,fred,2026-09-07T17:18:12Z
consumer_credit_total_sa,ALL_HOLDERS,aggregate,all,1993-05-31,M,819.75905,fred,2026-09-07T17:18:12Z
consumer_credit_total_sa,ALL_HOLDERS,aggregate,all,1993-06-30,M,823.81181,fred,2026-09-07T17:18:12Z
consumer_credit_total_sa,ALL_HOLDERS,aggregate,all,1993-07-31,M,829.51873,fred,2026-09-07T17:18:12Z
consumer_credit_total_sa,ALL_HOLDERS,aggregate,all,1993-08-31,M,834.23553,fred,2026-09-07T17:18:12Z
consumer_credit_total_sa,ALL_HOLDERS,aggregate,all,1993-09-30,M,840.60298,fred,2026-09-07T17:18:12Z
consumer_credit_total_sa,ALL_HOLDERS,aggregate,all,1993-10-31,M,847.61663,fred,2026-09-07T17:18:12Z
consumer_credit_total_sa,ALL_HOLDERS,aggregate,all,1993-11-30,M,856.52342,fred,2026-09-07T17:18:12Z
consumer_credit_total_sa,ALL_HOLDERS,aggregate,all,1993-12-31,M,865.65058,fred,2026-09-07T17:18:12Z
consumer_credit_total_sa,ALL_HOLDERS,aggregate,all,1994-01-31,M,872.02182,fred,2026-09-07T17:18:12Z
consumer_credit_total_sa,ALL_HOLDERS,aggregate,all,1994-02-28,M,880.35286,fred,2026-09-07T17:18:12Z
consumer_credit_total_sa,ALL_HOLDERS,aggregate,all,1994-03-31,M,891.33316,fred,2026-09-07T17:18:12Z
consumer_credit_total_sa,ALL_HOLDERS,aggregate,all,1994-04-30,M,900.98953,fred,2026-09-07T17:18:12Z
consumer_credit_total_sa,ALL_HOLDERS,aggregate,all,1994-05-31,M,912.8637,fred,2026-09-07T17:18:12Z
consumer_credit_total_sa,ALL_HOLDERS,aggregate,all,1994-06-30,M,924.21602,fred,2026-09-07T17:18:12Z
consumer_credit_total_sa,ALL_HOLDERS,aggregate,all,1994-07-31,M,931.13474,fred,2026-09-07T17:18:12Z
consumer_credit_total_sa,ALL_HOLDERS,aggregate,all,1994-08-31,M,944.80317,fred,2026-09-07T17:18:12Z
consumer_credit_total_sa,ALL_HOLDERS,aggregate,all,1994-09-30,M,957.3756,fred,2026-09-07T17:18:12Z
consumer_credit_total_sa,ALL_HOLDERS,aggregate,all,1994-10-31,M,968.46871,fred,2026-09-07T17:18:12Z
consumer_credit_total_sa,ALL_HOLDERS,aggregate,all,1994-11-30,M,981.42611,fred,2026-09-07T17:18:12Z
consumer_credit_total_sa,ALL_HOLDERS,aggregate,all,1994-12-31,M,997.30174,fred,2026-09-07T17:18:12Z
consumer_credit_total_sa,ALL_HOLDERS,aggregate,all,1995-01-31,M,1010.39504,fred,2026-09-07T17:18:12Z
consumer_credit_total_sa,ALL_HOLDERS,aggregate,all,1995-02-28,M,1018.55911,fred,2026-09-07T17:18:12Z
consumer_credit_total_sa,ALL_HOLDERS,aggregate,all,1995-03-31,M,1033.63209,fred,2026-09-07T17:18:12Z
consumer_credit_total_sa,ALL_HOLDERS,aggregate,all,1995-04-30,M,1043.69517,fred,2026-09-07T17:18:12Z
consumer_credit_total_sa,ALL_HOLDERS,aggregate,all,1995-05-31,M,1057.47083,fred,2026-09-07T17:18:12Z
consumer_credit_total_sa,ALL_HOLDERS,aggregate,all,1995-06-30,M,1069.37791,fred,2026-09-07T17:18:12Z
consumer_credit_total_sa,ALL_HOLDERS,aggregate,all,1995-07-31,M,1077.737,fred,2026-09-07T17:18:12Z
consumer_credit_total_sa,ALL_HOLDERS,aggregate,all,1995-08-31,M,1089.60205,fred,2026-09-07T17:18:12Z
consumer_credit_total_sa,ALL_HOLDERS,aggregate,all,1995-09-30,M,1106.61268,fred,2026-09-07T17:18:12Z
consumer_credit_total_sa,ALL_HOLDERS,aggregate,all,1995-10-31,M,1113.52851,fred,2026-09-07T17:18:12Z
consumer_credit_total_sa,ALL_HOLDERS,aggregate,all,1995-11-30,M,1132.16017,fred,2026-09-07T17:18:12Z
consumer_credit_total_sa,ALL_HOLDERS,aggregate,all,1995-12-31,M,1140.74436,fred,2026-09-07T17:18:12Z
consumer_credit_total_sa,ALL_HOLDERS,aggregate,all,1996-01-31,M,1153.2703,fred,2026-09-07T17:18:12Z
consumer_credit_total_sa,ALL_HOLDERS,aggregate,all,1996-02-29,M,1163.09378,fred,2026-09-07T17:18:12Z
consumer_credit_total_sa,ALL_HOLDERS,aggregate,all,1996-03-31,M,1171.68426,fred,2026-09-07T17:18:12Z
consumer_credit_total_sa,ALL_HOLDERS,aggregate,all,1996-04-30,M,1180.9031,fred,2026-09-07T17:18:12Z
consumer_credit_total_sa,ALL_HOLDERS,aggregate,all,1996-05-31,M,1191.11369,fred,2026-09-07T17:18:12Z
consumer_credit_total_sa,ALL_HOLDERS,aggregate,all,1996-06-30,M,1200.95002,fred,2026-09-07T17:18:12Z
consumer_credit_total_sa,ALL_HOLDERS,aggregate,all,1996-07-31,M,1211.89736,fred,2026-09-07T17:18:12Z
consumer_credit_total_sa,ALL_HOLDERS,aggregate,all,1996-08-31,M,1220.503,fred,2026-09-07T17:18:12Z
consumer_credit_total_sa,ALL_HOLDERS,aggregate,all,1996-09-30,M,1225.27176,fred,2026-09-07T17:18:12Z
consumer_credit_total_sa,ALL_HOLDERS,aggregate,all,1996-10-31,M,1231.3361,fred,2026-09-07T17:18:12Z
consumer_credit_total_sa,ALL_HOLDERS,aggregate,all,1996-11-30,M,1242.42191,fred,2026-09-07T17:18:12Z
consumer_credit_total_sa,ALL_HOLDERS,aggregate,all,1996-12-31,M,1253.43709,fred,2026-09-07T17:18:12Z
consumer_credit_total_sa,ALL_HOLDERS,aggregate,all,1997-01-31,M,1258.36528,fred,2026-09-07T17:18:12Z
consumer_credit_total_sa,ALL_HOLDERS,aggregate,all,1997-02-28,M,1261.85081,fred,2026-09-07T17:18:12Z
consumer_credit_total_sa,ALL_HOLDERS,aggregate,all,1997-03-31,M,1264.14634,fred,2026-09-07T17:18:12Z
consumer_credit_total_sa,ALL_HOLDERS,aggregate,all,1997-04-30,M,1274.08738,fred,2026-09-07T17:18:12Z
consumer_credit_total_sa,ALL_HOLDERS,aggregate,all,1997-05-31,M,1278.67842,fred,2026-09-07T17:18:12Z
consumer_credit_total_sa,ALL_HOLDERS,aggregate,all,1997-06-30,M,1282.85852,fred,2026-09-07T17:18:12Z
consumer_credit_total_sa,ALL_HOLDERS,aggregate,all,1997-07-31,M,1288.78203,fred,2026-09-07T17:18:12Z
consumer_credit_total_sa,ALL_HOLDERS,aggregate,all,1997-08-31,M,1294.21924,fred,2026-09-07T17:18:12Z
consumer_credit_total_sa,ALL_HOLDERS,aggregate,all,1997-09-30,M,1301.63497,fred,2026-09-07T17:18:12Z
consumer_credit_total_sa,ALL_HOLDERS,aggregate,all,1997-10-31,M,1309.38939,fred,2026-09-07T17:18:12Z
consumer_credit_total_sa,ALL_HOLDERS,aggregate,all,1997-11-30,M,1312.45718,fred,2026-09-07T17:18:12Z
consumer_credit_total_sa,ALL_HOLDERS,aggregate,all,1997-12-31,M,1324.75733,fred,2026-09-07T17:18:12Z
consumer_credit_total_sa,ALL_HOLDERS,aggregate,all,1998-01-31,M,1320.04402,fred,2026-09-07T17:18:12Z
consumer_credit_total_sa,ALL_HOLDERS,aggregate,all,1998-02-28,M,1324.34272,fred,2026-09-07T17:18:12Z
consumer_credit_total_sa,ALL_HOLDERS,aggregate,all,1998-03-31,M,1332.90344,fred,2026-09-07T17:18:12Z
consumer_credit_total_sa,ALL_HOLDERS,aggregate,all,1998-04-30,M,1360.45629,fred,2026-09-07T17:18:12Z
consumer_credit_total_sa,ALL_HOLDERS,aggregate,all,1998-05-31,M,1363.08086,fred,2026-09-07T17:18:12Z
consumer_credit_total_sa,ALL_HOLDERS,aggregate,all,1998-06-30,M,1373.94233,fred,2026-09-07T17:18:12Z
consumer_credit_total_sa,ALL_HOLDERS,aggregate,all,1998-07-31,M,1380.72085,fred,2026-09-07T17:18:12Z
consumer_credit_total_sa,ALL_HOLDERS,aggregate,all,1998-08-31,M,1386.66645,fred,2026-09-07T17:18:12Z
consumer_credit_total_sa,ALL_HOLDERS,aggregate,all,1998-09-30,M,1397.28973,fred,2026-09-07T17:18:12Z
consumer_credit_total_sa,ALL_HOLDERS,aggregate,all,1998-10-31,M,1405.39666,fred,2026-09-07T17:18:12Z
consumer_credit_total_sa,ALL_HOLDERS,aggregate,all,1998-11-30,M,1408.44269,fred,2026-09-07T17:18:12Z
consumer_credit_total_sa,ALL_HOLDERS,aggregate,all,1998-12-31,M,1420.99644,fred,2026-09-07T17:18:12Z
consumer_credit_total_sa,ALL_HOLDERS,aggregate,all,1999-01-31,M,1431.23693,fred,2026-09-07T17:18:12Z
consumer_credit_total_sa,ALL_HOLDERS,aggregate,all,1999-02-28,M,1441.31459,fred,2026-09-07T17:18:12Z
consumer_credit_total_sa,ALL_HOLDERS,aggregate,all,1999-03-31,M,1450.87882,fred,2026-09-07T17:18:12Z
consumer_credit_total_sa,ALL_HOLDERS,aggregate,all,1999-04-30,M,1457.67057,fred,2026-09-07T17:18:12Z
consumer_credit_total_sa,ALL_HOLDERS,aggregate,all,1999-05-31,M,1468.14661,fred,2026-09-07T17:18:12Z
consumer_credit_total_sa,ALL_HOLDERS,aggregate,all,1999-06-30,M,1479.31532,fred,2026-09-07T17:18:12Z
consumer_credit_total_sa,ALL_HOLDERS,aggregate,all,1999-07-31,M,1492.3776,fred,2026-09-07T17:18:12Z
consumer_credit_total_sa,ALL_HOLDERS,aggregate,all,1999-08-31,M,1503.22661,fred,2026-09-07T17:18:12Z
consumer_credit_total_sa,ALL_HOLDERS,aggregate,all,1999-09-30,M,1511.05926,fred,2026-09-07T17:18:12Z
consumer_credit_total_sa,ALL_HOLDERS,aggregate,all,1999-10-31,M,1517.28183,fred,2026-09-07T17:18:12Z
consumer_credit_total_sa,ALL_HOLDERS,aggregate,all,1999-11-30,M,1525.33442,fred,2026-09-07T17:18:12Z
consumer_credit_total_sa,ALL_HOLDERS,aggregate,all,1999-12-31,M,1531.10596,fred,2026-09-07T17:18:12Z
consumer_credit_total_sa,ALL_HOLDERS,aggregate,all,2000-01-31,M,1538.52018,fred,2026-09-07T17:18:12Z
consumer_credit_total_sa,ALL_HOLDERS,aggregate,all,2000-02-29,M,1549.18529,fred,2026-09-07T17:18:12Z
consumer_credit_total_sa,ALL_HOLDERS,aggregate,all,2000-03-31,M,1561.45069,fred,2026-09-07T17:18:12Z
consumer_credit_total_sa,ALL_HOLDERS,aggregate,all,2000-04-30,M,1570.52774,fred,2026-09-07T17:18:12Z
consumer_credit_total_sa,ALL_HOLDERS,aggregate,all,2000-05-31,M,1583.50792,fred,2026-09-07T17:18:12Z
consumer_credit_total_sa,ALL_HOLDERS,aggregate,all,2000-06-30,M,1609.54804,fred,2026-09-07T17:18:12Z
consumer_credit_total_sa,ALL_HOLDERS,aggregate,all,2000-07-31,M,1629.75144,fred,2026-09-07T17:18:12Z
consumer_credit_total_sa,ALL_HOLDERS,aggregate,all,2000-08-31,M,1651.6154,fred,2026-09-07T17:18:12Z
consumer_credit_total_sa,ALL_HOLDERS,aggregate,all,2000-09-30,M,1669.00081,fred,2026-09-07T17:18:12Z
consumer_credit_total_sa,ALL_HOLDERS,aggregate,all,2000-10-31,M,1684.59932,fred,2026-09-07T17:18:12Z
consumer_credit_total_sa,ALL_HOLDERS,aggregate,all,2000-11-30,M,1700.94454,fred,2026-09-07T17:18:12Z
consumer_credit_total_sa,ALL_HOLDERS,aggregate,all,2000-12-31,M,1716.96972,fred,2026-09-07T17:18:12Z
consumer_credit_total_sa,ALL_HOLDERS,aggregate,all,2001-01-31,M,1729.85168,fred,2026-09-07T17:18:12Z
consumer_credit_total_sa,ALL_HOLDERS,aggregate,all,2001-02-28,M,1748.70202,fred,2026-09-07T17:18:12Z
consumer_credit_total_sa,ALL_HOLDERS,aggregate,all,2001-03-31,M,1760.54184,fred,2026-09-07T17:18:12Z
consumer_credit_total_sa,ALL_HOLDERS,aggregate,all,2001-04-30,M,1773.09833,fred,2026-09-07T17:18:12Z
consumer_credit_total_sa,ALL_HOLDERS,aggregate,all,2001-05-31,M,1781.17746,fred,2026-09-07T17:18:12Z
consumer_credit_total_sa,ALL_HOLDERS,aggregate,all,2001-06-30,M,1792.36809,fred,2026-09-07T17:18:12Z
consumer_credit_total_sa,ALL_HOLDERS,aggregate,all,2001-07-31,M,1797.35057,fred,2026-09-07T17:18:12Z
consumer_credit_total_sa,ALL_HOLDERS,aggregate,all,2001-08-31,M,1806.35904,fred,2026-09-07T17:18:12Z
consumer_credit_total_sa,ALL_HOLDERS,aggregate,all,2001-09-30,M,1814.25238,fred,2026-09-07T17:18:12Z
consumer_credit_total_sa,ALL_HOLDERS,aggregate,all,2001-10-31,M,1829.84026,fred,2026-09-07T17:18:12Z
consumer_credit_total_sa,ALL_HOLDERS,aggregate,all,2001-11-30,M,1857.84279,fred,2026-09-07T17:18:12Z
consumer_credit_total_sa,ALL_HOLDERS,aggregate,all,2001-12-31,M,1867.85287,fred,2026-09-07T17:18:12Z
consumer_credit_total_sa,ALL_HOLDERS,aggregate,all,2002-01-31,M,1867.41869,fred,2026-09-07T17:18:12Z
consumer_credit_total_sa,ALL_HOLDERS,aggregate,all,2002-02-28,M,1881.90537,fred,2026-09-07T17:18:12Z
consumer_credit_total_sa,ALL_HOLDERS,aggregate,all,2002-03-31,M,1894.69033,fred,2026-09-07T17:18:12Z
consumer_credit_total_sa,ALL_HOLDERS,aggregate,all,2002-04-30,M,1903.95799,fred,2026-09-07T17:18:12Z
consumer_credit_total_sa,ALL_HOLDERS,aggregate,all,2002-05-31,M,1914.61399,fred,2026-09-07T17:18:12Z
consumer_credit_total_sa,ALL_HOLDERS,aggregate,all,2002-06-30,M,1927.18098,fred,2026-09-07T17:18:12Z
consumer_credit_total_sa,ALL_HOLDERS,aggregate,all,2002-07-31,M,1939.2114,fred,2026-09-07T17:18:12Z
consumer_credit_total_sa,ALL_HOLDERS,aggregate,all,2002-08-31,M,1947.50009,fred,2026-09-07T17:18:12Z
consumer_credit_total_sa,ALL_HOLDERS,aggregate,all,2002-09-30,M,1950.65139,fred,2026-09-07T17:18:12Z
consumer_credit_total_sa,ALL_HOLDERS,aggregate,all,2002-10-31,M,1957.1513,fred,2026-09-07T17:18:12Z
consumer_credit_total_sa,ALL_HOLDERS,aggregate,all,2002-11-30,M,1965.17913,fred,2026-09-07T17:18:12Z
consumer_credit_total_sa,ALL_HOLDERS,aggregate,all,2002-12-31,M,1972.11221,fred,2026-09-07T17:18:12Z
consumer_credit_total_sa,ALL_HOLDERS,aggregate,all,2003-01-31,M,1982.56131,fred,2026-09-07T17:18:12Z
consumer_credit_total_sa,ALL_HOLDERS,aggregate,all,2003-02-28,M,1993.40569,fred,2026-09-07T17:18:12Z
consumer_credit_total_sa,ALL_HOLDERS,aggregate,all,2003-03-31,M,2001.20815,fred,2026-09-07T17:18:12Z
consumer_credit_total_sa,ALL_HOLDERS,aggregate,all,2003-04-30,M,2014.09978,fred,2026-09-07T17:18:12Z
consumer_credit_total_sa,ALL_HOLDERS,aggregate,all,2003-05-31,M,2027.50251,fred,2026-09-07T17:18:12Z
consumer_credit_total_sa,ALL_HOLDERS,aggregate,all,2003-06-30,M,2033.26841,fred,2026-09-07T17:18:12Z
consumer_credit_total_sa,ALL_HOLDERS,aggregate,all,2003-07-31,M,2040.06439,fred,2026-09-07T17:18:12Z
consumer_credit_total_sa,ALL_HOLDERS,aggregate,all,2003-08-31,M,2049.12434,fred,2026-09-07T17:18:12Z
consumer_credit_total_sa,ALL_HOLDERS,aggregate,all,2003-09-30,M,2057.09079,fred,2026-09-07T17:18:12Z
consumer_credit_total_sa,ALL_HOLDERS,aggregate,all,2003-10-31,M,2065.4951,fred,2026-09-07T17:18:12Z
consumer_credit_total_sa,ALL_HOLDERS,aggregate,all,2003-11-30,M,2066.40009,fred,2026-09-07T17:18:12Z
consumer_credit_total_sa,ALL_HOLDERS,aggregate,all,2003-12-31,M,2077.36069,fred,2026-09-07T17:18:12Z
consumer_credit_total_sa,ALL_HOLDERS,aggregate,all,2004-01-31,M,2088.24304,fred,2026-09-07T17:18:12Z
consumer_credit_total_sa,ALL_HOLDERS,aggregate,all,2004-02-29,M,2095.34036,fred,2026-09-07T17:18:12Z
consumer_credit_total_sa,ALL_HOLDERS,aggregate,all,2004-03-31,M,2109.72032,fred,2026-09-07T17:18:12Z
consumer_credit_total_sa,ALL_HOLDERS,aggregate,all,2004-04-30,M,2112.71615,fred,2026-09-07T17:18:12Z
consumer_credit_total_sa,ALL_HOLDERS,aggregate,all,2004-05-31,M,2120.83915,fred,2026-09-07T17:18:12Z
consumer_credit_total_sa,ALL_HOLDERS,aggregate,all,2004-06-30,M,2127.98941,fred,2026-09-07T17:18:12Z
consumer_credit_total_sa,ALL_HOLDERS,aggregate,all,2004-07-31,M,2137.09298,fred,2026-09-07T17:18:12Z
consumer_credit_total_sa,ALL_HOLDERS,aggregate,all,2004-08-31,M,2143.43512,fred,2026-09-07T17:18:12Z
consumer_credit_total_sa,ALL_HOLDERS,aggregate,all,2004-09-30,M,2160.1483,fred,2026-09-07T17:18:12Z
consumer_credit_total_sa,ALL_HOLDERS,aggregate,all,2004-10-31,M,2176.71934,fred,2026-09-07T17:18:12Z
consumer_credit_total_sa,ALL_HOLDERS,aggregate,all,2004-11-30,M,2183.74635,fred,2026-09-07T17:18:12Z
consumer_credit_total_sa,ALL_HOLDERS,aggregate,all,2004-12-31,M,2192.24617,fred,2026-09-07T17:18:12Z
consumer_credit_total_sa,ALL_HOLDERS,aggregate,all,2005-01-31,M,2196.77763,fred,2026-09-07T17:18:12Z
consumer_credit_total_sa,ALL_HOLDERS,aggregate,all,2005-02-28,M,2211.55871,fred,2026-09-07T17:18:12Z
consumer_credit_total_sa,ALL_HOLDERS,aggregate,all,2005-03-31,M,2220.19919,fred,2026-09-07T17:18:12Z
consumer_credit_total_sa,ALL_HOLDERS,aggregate,all,2005-04-30,M,2232.53538,fred,2026-09-07T17:18:12Z
consumer_credit_total_sa,ALL_HOLDERS,aggregate,all,2005-05-31,M,2232.67152,fred,2026-09-07T17:18:12Z
consumer_credit_total_sa,ALL_HOLDERS,aggregate,all,2005-06-30,M,2247.83343,fred,2026-09-07T17:18:12Z
consumer_credit_total_sa,ALL_HOLDERS,aggregate,all,2005-07-31,M,2257.23094,fred,2026-09-07T17:18:12Z
consumer_credit_total_sa,ALL_HOLDERS,aggregate,all,2005-08-31,M,2267.04488,fred,2026-09-07T17:18:12Z
consumer_credit_total_sa,ALL_HOLDERS,aggregate,all,2005-09-30,M,2271.63328,fred,2026-09-07T17:18:12Z
consumer_credit_total_sa,ALL_HOLDERS,aggregate,all,2005-10-31,M,2276.84314,fred,2026-09-07T17:18:12Z
consumer_credit_total_sa,ALL_HOLDERS,aggregate,all,2005-11-30,M,2283.66127,fred,2026-09-07T17:18:12Z
consumer_credit_total_sa,ALL_HOLDERS,aggregate,all,2005-12-31,M,2290.92813,fred,2026-09-07T17:18:12Z
consumer_credit_total_sa,ALL_HOLDERS,aggregate,all,2006-01-31,M,2367.47108,fred,2026-09-07T17:18:12Z
consumer_credit_total_sa,ALL_HOLDERS,aggregate,all,2006-02-28,M,2374.97732,fred,2026-09-07T17:18:12Z
consumer_credit_total_sa,ALL_HOLDERS,aggregate,all,2006-03-31,M,2385.80789,fred,2026-09-07T17:18:12Z
consumer_credit_total_sa,ALL_HOLDERS,aggregate,all,2006-04-30,M,2397.6806,fred,2026-09-07T17:18:12Z
consumer_credit_total_sa,ALL_HOLDERS,aggregate,all,2006-05-31,M,2407.16145,fred,2026-09-07T17:18:12Z
consumer_credit_total_sa,ALL_HOLDERS,aggregate,all,2006-06-30,M,2395.81318,fred,2026-09-07T17:18:12Z
consumer_credit_total_sa,ALL_HOLDERS,aggregate,all,2006-07-31,M,2403.09925,fred,2026-09-07T17:18:12Z
consumer_credit_total_sa,ALL_HOLDERS,aggregate,all,2006-08-31,M,2415.73203,fred,2026-09-07T17:18:12Z
consumer_credit_total_sa,ALL_HOLDERS,aggregate,all,2006-09-30,M,2426.81323,fred,2026-09-07T17:18:12Z
consumer_credit_total_sa,ALL_HOLDERS,aggregate,all,2006-10-31,M,2429.39986,fred,2026-09-07T17:18:12Z
consumer_credit_total_sa,ALL_HOLDERS,aggregate,all,2006-11-30,M,2440.74907,fred,2026-09-07T17:18:12Z
consumer_credit_total_sa,ALL_HOLDERS,aggregate,all,2006-12-31,M,2456.7157,fred,2026-09-07T17:18:12Z
consumer_credit_total_sa,ALL_HOLDERS,aggregate,all,2007-01-31,M,2457.94558,fred,2026-09-07T17:18:12Z
consumer_credit_total_sa,ALL_HOLDERS,aggregate,all,2007-02-28,M,2470.04992,fred,2026-09-07T17:18:12Z
consumer_credit_total_sa,ALL_HOLDERS,aggregate,all,2007-03-31,M,2484.43318,fred,2026-09-07T17:18:12Z
consumer_credit_total_sa,ALL_HOLDERS,aggregate,all,2007-04-30,M,2493.72977,fred,2026-09-07T17:18:12Z
consumer_credit_total_sa,ALL_HOLDERS,aggregate,all,2007-05-31,M,2510.01606,fred,2026-09-07T17:18:12Z
consumer_credit_total_sa,ALL_HOLDERS,aggregate,all,2007-06-30,M,2519.12104,fred,2026-09-07T17:18:12Z
consumer_credit_total_sa,ALL_HOLDERS,aggregate,all,2007-07-31,M,2533.66767,fred,2026-09-07T17:18:12Z
consumer_credit_total_sa,ALL_HOLDERS,aggregate,all,2007-08-31,M,2552.76707,fred,2026-09-07T17:18:12Z
consumer_credit_total_sa,ALL_HOLDERS,aggregate,all,2007-09-30,M,2566.99536,fred,2026-09-07T17:18:12Z
consumer_credit_total_sa,ALL_HOLDERS,aggregate,all,2007-10-31,M,2582.32603,fred,2026-09-07T17:18:12Z
consumer_credit_total_sa,ALL_HOLDERS,aggregate,all,2007-11-30,M,2597.6493,fred,2026-09-07T17:18:12Z
consumer_credit_total_sa,ALL_HOLDERS,aggregate,all,2007-12-31,M,2609.47653,fred,2026-09-07T17:18:12Z
consumer_credit_total_sa,ALL_HOLDERS,aggregate,all,2008-01-31,M,2619.42765,fred,2026-09-07T17:18:12Z
consumer_credit_total_sa,ALL_HOLDERS,aggregate,all,2008-02-29,M,2634.49642,fred,2026-09-07T17:18:12Z
consumer_credit_total_sa,ALL_HOLDERS,aggregate,all,2008-03-31,M,2645.60364,fred,2026-09-07T17:18:12Z
consumer_credit_total_sa,ALL_HOLDERS,aggregate,all,2008-04-30,M,2654.24323,fred,2026-09-07T17:18:12Z
consumer_credit_total_sa,ALL_HOLDERS,aggregate,all,2008-05-31,M,2660.19315,fred,2026-09-07T17:18:12Z
consumer_credit_total_sa,ALL_HOLDERS,aggregate,all,2008-06-30,M,2662.40952,fred,2026-09-07T17:18:12Z
consumer_credit_total_sa,ALL_HOLDERS,aggregate,all,2008-07-31,M,2665.32126,fred,2026-09-07T17:18:12Z
consumer_credit_total_sa,ALL_HOLDERS,aggregate,all,2008-08-31,M,2662.23778,fred,2026-09-07T17:18:12Z
consumer_credit_total_sa,ALL_HOLDERS,aggregate,all,2008-09-30,M,2657.38913,fred,2026-09-07T17:18:12Z
consumer_credit_total_sa,ALL_HOLDERS,aggregate,all,2008-10-31,M,2660.7295,fred,2026-09-07T17:18:12Z
consumer_credit_total_sa,ALL_HOLDERS,aggregate,all,2008-11-30,M,2651.48139,fred,2026-09-07T17:18:12Z
consumer_credit_total_sa,ALL_HOLDERS,aggregate,all,2008-12-31,M,2643.78896,fred,2026-09-07T17:18:12Z
consumer_credit_total_sa,ALL_HOLDERS,aggregate,all,2009-01-31,M,2647.02886,fred,2026-09-07T17:18:12Z
consumer_credit_total_sa,ALL_HOLDERS,aggregate,all,2009-02-28,M,2638.53274,fred,2026-09-07T17:18:12Z
consumer_credit_total_sa,ALL_HOLDERS,aggregate,all,2009-03-31,M,2622.82785,fred,2026-09-07T17:18:12Z
consumer_credit_total_sa,ALL_HOLDERS,aggregate,all,2009-04-30,M,2615.97301,fred,2026-09-07T17:18:12Z
consumer_credit_total_sa,ALL_HOLDERS,aggregate,all,2009-05-31,M,2610.01078,fred,2026-09-07T17:18:12Z
consumer_credit_total_sa,ALL_HOLDERS,aggregate,all,2009-06-30,M,2591.47541,fred,2026-09-07T17:18:12Z
consumer_credit_total_sa,ALL_HOLDERS,aggregate,all,2009-07-31,M,2590.85498,fred,2026-09-07T17:18:12Z
consumer_credit_total_sa,ALL_HOLDERS,aggregate,all,2009-08-31,M,2582.12601,fred,2026-09-07T17:18:12Z
consumer_credit_total_sa,ALL_HOLDERS,aggregate,all,2009-09-30,M,2576.59439,fred,2026-09-07T17:18:12Z
consumer_credit_total_sa,ALL_HOLDERS,aggregate,all,2009-10-31,M,2563.42273,fred,2026-09-07T17:18:12Z
consumer_credit_total_sa,ALL_HOLDERS,aggregate,all,2009-11-30,M,2551.56929,fred,2026-09-07T17:18:12Z
consumer_credit_total_sa,ALL_HOLDERS,aggregate,all,2009-12-31,M,2555.01664,fred,2026-09-07T17:18:12Z
consumer_credit_total_sa,ALL_HOLDERS,aggregate,all,2010-01-31,M,2543.50802,fred,2026-09-07T17:18:12Z
consumer_credit_total_sa,ALL_HOLDERS,aggregate,all,2010-02-28,M,2530.02428,fred,2026-09-07T17:18:12Z
consumer_credit_total_sa,ALL_HOLDERS,aggregate,all,2010-03-31,M,2536.55195,fred,2026-09-07T17:18:12Z
consumer_credit_total_sa,ALL_HOLDERS,aggregate,all,2010-04-30,M,2532.76479,fred,2026-09-07T17:18:12Z
consumer_credit_total_sa,ALL_HOLDERS,aggregate,all,2010-05-31,M,2521.68794,fred,2026-09-07T17:18:12Z
consumer_credit_total_sa,ALL_HOLDERS,aggregate,all,2010-06-30,M,2518.41641,fred,2026-09-07T17:18:12Z
consumer_credit_total_sa,ALL_HOLDERS,aggregate,all,2010-07-31,M,2521.1048,fred,2026-09-07T17:18:12Z
consumer_credit_total_sa,ALL_HOLDERS,aggregate,all,2010-08-31,M,2520.42213,fred,2026-09-07T17:18:12Z
consumer_credit_total_sa,ALL_HOLDERS,aggregate,all,2010-09-30,M,2522.09423,fred,2026-09-07T17:18:12Z
consumer_credit_total_sa,ALL_HOLDERS,aggregate,all,2010-10-31,M,2530.106,fred,2026-09-07T17:18:12Z
consumer_credit_total_sa,ALL_HOLDERS,aggregate,all,2010-11-30,M,2531.23226,fred,2026-09-07T17:18:12Z
consumer_credit_total_sa,ALL_HOLDERS,aggregate,all,2010-12-31,M,2646.81126,fred,2026-09-07T17:18:12Z
consumer_credit_total_sa,ALL_HOLDERS,aggregate,all,2011-01-31,M,2657.3601,fred,2026-09-07T17:18:12Z
consumer_credit_total_sa,ALL_HOLDERS,aggregate,all,2011-02-28,M,2663.77992,fred,2026-09-07T17:18:12Z
consumer_credit_total_sa,ALL_HOLDERS,aggregate,all,2011-03-31,M,2672.03138,fred,2026-09-07T17:18:12Z
consumer_credit_total_sa,ALL_HOLDERS,aggregate,all,2011-04-30,M,2679.95015,fred,2026-09-07T17:18:12Z
consumer_credit_total_sa,ALL_HOLDERS,aggregate,all,2011-05-31,M,2683.97345,fred,2026-09-07T17:18:12Z
consumer_credit_total_sa,ALL_HOLDERS,aggregate,all,2011-06-30,M,2693.08833,fred,2026-09-07T17:18:12Z
consumer_credit_total_sa,ALL_HOLDERS,aggregate,all,2011-07-31,M,2717.52597,fred,2026-09-07T17:18:12Z
consumer_credit_total_sa,ALL_HOLDERS,aggregate,all,2011-08-31,M,2709.15187,fred,2026-09-07T17:18:12Z
consumer_credit_total_sa,ALL_HOLDERS,aggregate,all,2011-09-30,M,2720.06044,fred,2026-09-07T17:18:12Z
consumer_credit_total_sa,ALL_HOLDERS,aggregate,all,2011-10-31,M,2727.96254,fred,2026-09-07T17:18:12Z
consumer_credit_total_sa,ALL_HOLDERS,aggregate,all,2011-11-30,M,2746.79926,fred,2026-09-07T17:18:12Z
consumer_credit_total_sa,ALL_HOLDERS,aggregate,all,2011-12-31,M,2756.22485,fred,2026-09-07T17:18:12Z
consumer_credit_total_sa,ALL_HOLDERS,aggregate,all,2012-01-31,M,2770.12465,fred,2026-09-07T17:18:12Z
consumer_credit_total_sa,ALL_HOLDERS,aggregate,all,2012-02-29,M,2777.64362,fred,2026-09-07T17:18:12Z
consumer_credit_total_sa,ALL_HOLDERS,aggregate,all,2012-03-31,M,2791.56595,fred,2026-09-07T17:18:12Z
consumer_credit_total_sa,ALL_HOLDERS,aggregate,all,2012-04-30,M,2802.31758,fred,2026-09-07T17:18:12Z
consumer_credit_total_sa,ALL_HOLDERS,aggregate,all,2012-05-31,M,2817.98227,fred,2026-09-07T17:18:12Z
consumer_credit_total_sa,ALL_HOLDERS,aggregate,all,2012-06-30,M,2829.8508,fred,2026-09-07T17:18:12Z
consumer_credit_total_sa,ALL_HOLDERS,aggregate,all,2012-07-31,M,2840.04963,fred,2026-09-07T17:18:12Z
consumer_credit_total_sa,ALL_HOLDERS,aggregate,all,2012-08-31,M,2857.10248,fred,2026-09-07T17:18:12Z
consumer_credit_total_sa,ALL_HOLDERS,aggregate,all,2012-09-30,M,2865.78974,fred,2026-09-07T17:18:12Z
consumer_credit_total_sa,ALL_HOLDERS,aggregate,all,2012-10-31,M,2881.77934,fred,2026-09-07T17:18:12Z
consumer_credit_total_sa,ALL_HOLDERS,aggregate,all,2012-11-30,M,2903.34697,fred,2026-09-07T17:18:12Z
consumer_credit_total_sa,ALL_HOLDERS,aggregate,all,2012-12-31,M,2912.90502,fred,2026-09-07T17:18:12Z
consumer_credit_total_sa,ALL_HOLDERS,aggregate,all,2013-01-31,M,2931.38151,fred,2026-09-07T17:18:12Z
consumer_credit_total_sa,ALL_HOLDERS,aggregate,all,2013-02-28,M,2953.48076,fred,2026-09-07T17:18:12Z
consumer_credit_total_sa,ALL_HOLDERS,aggregate,all,2013-03-31,M,2963.14707,fred,2026-09-07T17:18:12Z
consumer_credit_total_sa,ALL_HOLDERS,aggregate,all,2013-04-30,M,2972.77262,fred,2026-09-07T17:18:12Z
consumer_credit_total_sa,ALL_HOLDERS,aggregate,all,2013-05-31,M,2988.6614,fred,2026-09-07T17:18:12Z
consumer_credit_total_sa,ALL_HOLDERS,aggregate,all,2013-06-30,M,3000.93605,fred,2026-09-07T17:18:12Z
consumer_credit_total_sa,ALL_HOLDERS,aggregate,all,2013-07-31,M,3014.69769,fred,2026-09-07T17:18:12Z
consumer_credit_total_sa,ALL_HOLDERS,aggregate,all,2013-08-31,M,3030.269,fred,2026-09-07T17:18:12Z
consumer_credit_total_sa,ALL_HOLDERS,aggregate,all,2013-09-30,M,3045.86158,fred,2026-09-07T17:18:12Z
consumer_credit_total_sa,ALL_HOLDERS,aggregate,all,2013-10-31,M,3063.38014,fred,2026-09-07T17:18:12Z
consumer_credit_total_sa,ALL_HOLDERS,aggregate,all,2013-11-30,M,3075.87588,fred,2026-09-07T17:18:12Z
consumer_credit_total_sa,ALL_HOLDERS,aggregate,all,2013-12-31,M,3090.46779,fred,2026-09-07T17:18:12Z
consumer_credit_total_sa,ALL_HOLDERS,aggregate,all,2014-01-31,M,3113.00296,fred,2026-09-07T17:18:12Z
consumer_credit_total_sa,ALL_HOLDERS,aggregate,all,2014-02-28,M,3133.8918,fred,2026-09-07T17:18:12Z
consumer_credit_total_sa,ALL_HOLDERS,aggregate,all,2014-03-31,M,3150.69702,fred,2026-09-07T17:18:12Z
consumer_credit_total_sa,ALL_HOLDERS,aggregate,all,2014-04-30,M,3173.23463,fred,2026-09-07T17:18:12Z
consumer_credit_total_sa,ALL_HOLDERS,aggregate,all,2014-05-31,M,3192.54634,fred,2026-09-07T17:18:12Z
consumer_credit_total_sa,ALL_HOLDERS,aggregate,all,2014-06-30,M,3209.89968,fred,2026-09-07T17:18:12Z
consumer_credit_total_sa,ALL_HOLDERS,aggregate,all,2014-07-31,M,3231.53562,fred,2026-09-07T17:18:12Z
consumer_credit_total_sa,ALL_HOLDERS,aggregate,all,2014-08-31,M,3248.72135,fred,2026-09-07T17:18:12Z
consumer_credit_total_sa,ALL_HOLDERS,aggregate,all,2014-09-30,M,3265.10143,fred,2026-09-07T17:18:12Z
consumer_credit_total_sa,ALL_HOLDERS,aggregate,all,2014-10-31,M,3275.43844,fred,2026-09-07T17:18:12Z
consumer_credit_total_sa,ALL_HOLDERS,aggregate,all,2014-11-30,M,3283.04838,fred,2026-09-07T17:18:12Z
consumer_credit_total_sa,ALL_HOLDERS,aggregate,all,2014-12-31,M,3309.53983,fred,2026-09-07T17:18:12Z
consumer_credit_total_sa,ALL_HOLDERS,aggregate,all,2015-01-31,M,3319.93047,fred,2026-09-07T17:18:12Z
consumer_credit_total_sa,ALL_HOLDERS,aggregate,all,2015-02-28,M,3337.84415,fred,2026-09-07T17:18:12Z
consumer_credit_total_sa,ALL_HOLDERS,aggregate,all,2015-03-31,M,3360.57576,fred,2026-09-07T17:18:12Z
consumer_credit_total_sa,ALL_HOLDERS,aggregate,all,2015-04-30,M,3382.63953,fred,2026-09-07T17:18:12Z
consumer_credit_total_sa,ALL_HOLDERS,aggregate,all,2015-05-31,M,3399.36569,fred,2026-09-07T17:18:12Z
consumer_credit_total_sa,ALL_HOLDERS,aggregate,all,2015-06-30,M,3425.25089,fred,2026-09-07T17:18:12Z
consumer_credit_total_sa,ALL_HOLDERS,aggregate,all,2015-07-31,M,3444.14374,fred,2026-09-07T17:18:12Z
consumer_credit_total_sa,ALL_HOLDERS,aggregate,all,2015-08-31,M,3460.24909,fred,2026-09-07T17:18:12Z
consumer_credit_total_sa,ALL_HOLDERS,aggregate,all,2015-09-30,M,3487.87979,fred,2026-09-07T17:18:12Z
consumer_credit_total_sa,ALL_HOLDERS,aggregate,all,2015-10-31,M,3502.82492,fred,2026-09-07T17:18:12Z
consumer_credit_total_sa,ALL_HOLDERS,aggregate,all,2015-11-30,M,3510.64287,fred,2026-09-07T17:18:12Z
consumer_credit_total_sa,ALL_HOLDERS,aggregate,all,2015-12-31,M,3400.23033,fred,2026-09-07T17:18:12Z
consumer_credit_total_sa,ALL_HOLDERS,aggregate,all,2016-01-31,M,3419.54148,fred,2026-09-07T17:18:12Z
consumer_credit_total_sa,ALL_HOLDERS,aggregate,all,2016-02-29,M,3438.0798,fred,2026-09-07T17:18:12Z
consumer_credit_total_sa,ALL_HOLDERS,aggregate,all,2016-03-31,M,3469.14701,fred,2026-09-07T17:18:12Z
consumer_credit_total_sa,ALL_HOLDERS,aggregate,all,2016-04-30,M,3490.03819,fred,2026-09-07T17:18:12Z
consumer_credit_total_sa,ALL_HOLDERS,aggregate,all,2016-05-31,M,3503.72351,fred,2026-09-07T17:18:12Z
consumer_credit_total_sa,ALL_HOLDERS,aggregate,all,2016-06-30,M,3525.12597,fred,2026-09-07T17:18:12Z
consumer_credit_total_sa,ALL_HOLDERS,aggregate,all,2016-07-31,M,3544.18532,fred,2026-09-07T17:18:12Z
consumer_credit_total_sa,ALL_HOLDERS,aggregate,all,2016-08-31,M,3565.3152,fred,2026-09-07T17:18:12Z
consumer_credit_total_sa,ALL_HOLDERS,aggregate,all,2016-09-30,M,3588.38068,fred,2026-09-07T17:18:12Z
consumer_credit_total_sa,ALL_HOLDERS,aggregate,all,2016-10-31,M,3601.18693,fred,2026-09-07T17:18:12Z
consumer_credit_total_sa,ALL_HOLDERS,aggregate,all,2016-11-30,M,3617.03041,fred,2026-09-07T17:18:12Z
consumer_credit_total_sa,ALL_HOLDERS,aggregate,all,2016-12-31,M,3636.43775,fred,2026-09-07T17:18:12Z
consumer_credit_total_sa,ALL_HOLDERS,aggregate,all,2017-01-31,M,3653.33444,fred,2026-09-07T17:18:12Z
consumer_credit_total_sa,ALL_HOLDERS,aggregate,all,2017-02-28,M,3670.0495,fred,2026-09-07T17:18:12Z
consumer_credit_total_sa,ALL_HOLDERS,aggregate,all,2017-03-31,M,3687.39101,fred,2026-09-07T17:18:12Z
consumer_credit_total_sa,ALL_HOLDERS,aggregate,all,2017-04-30,M,3702.09652,fred,2026-09-07T17:18:12Z
consumer_credit_total_sa,ALL_HOLDERS,aggregate,all,2017-05-31,M,3713.71497,fred,2026-09-07T17:18:12Z
consumer_credit_total_sa,ALL_HOLDERS,aggregate,all,2017-06-30,M,3730.07697,fred,2026-09-07T17:18:12Z
consumer_credit_total_sa,ALL_HOLDERS,aggregate,all,2017-07-31,M,3746.25582,fred,2026-09-07T17:18:12Z
consumer_credit_total_sa,ALL_HOLDERS,aggregate,all,2017-08-31,M,3758.68936,fred,2026-09-07T17:18:12Z
consumer_credit_total_sa,ALL_HOLDERS,aggregate,all,2017-09-30,M,3774.83453,fred,2026-09-07T17:18:12Z
consumer_credit_total_sa,ALL_HOLDERS,aggregate,all,2017-10-31,M,3796.90076,fred,2026-09-07T17:18:12Z
consumer_credit_total_sa,ALL_HOLDERS,aggregate,all,2017-11-30,M,3815.57666,fred,2026-09-07T17:18:12Z
consumer_credit_total_sa,ALL_HOLDERS,aggregate,all,2017-12-31,M,3830.78499,fred,2026-09-07T17:18:12Z
consumer_credit_total_sa,ALL_HOLDERS,aggregate,all,2018-01-31,M,3847.85248,fred,2026-09-07T17:18:12Z
consumer_credit_total_sa,ALL_HOLDERS,aggregate,all,2018-02-28,M,3863.89527,fred,2026-09-07T17:18:12Z
consumer_credit_total_sa,ALL_HOLDERS,aggregate,all,2018-03-31,M,3876.82589,fred,2026-09-07T17:18:12Z
consumer_credit_total_sa,ALL_HOLDERS,aggregate,all,2018-04-30,M,3884.78686,fred,2026-09-07T17:18:12Z
consumer_credit_total_sa,ALL_HOLDERS,aggregate,all,2018-05-31,M,3900.69767,fred,2026-09-07T17:18:12Z
consumer_credit_total_sa,ALL_HOLDERS,aggregate,all,2018-06-30,M,3903.14223,fred,2026-09-07T17:18:12Z
consumer_credit_total_sa,ALL_HOLDERS,aggregate,all,2018-07-31,M,3925.60056,fred,2026-09-07T17:18:12Z
consumer_credit_total_sa,ALL_HOLDERS,aggregate,all,2018-08-31,M,3945.83692,fred,2026-09-07T17:18:12Z
consumer_credit_total_sa,ALL_HOLDERS,aggregate,all,2018-09-30,M,3958.35601,fred,2026-09-07T17:18:12Z
consumer_credit_total_sa,ALL_HOLDERS,aggregate,all,2018-10-31,M,3976.16239,fred,2026-09-07T17:18:12Z
consumer_credit_total_sa,ALL_HOLDERS,aggregate,all,2018-11-30,M,3991.29911,fred,2026-09-07T17:18:12Z
consumer_credit_total_sa,ALL_HOLDERS,aggregate,all,2018-12-31,M,4007.04195,fred,2026-09-07T17:18:12Z
consumer_credit_total_sa,ALL_HOLDERS,aggregate,all,2019-01-31,M,4027.12621,fred,2026-09-07T17:18:12Z
consumer_credit_total_sa,ALL_HOLDERS,aggregate,all,2019-02-28,M,4039.73538,fred,2026-09-07T17:18:12Z
consumer_credit_total_sa,ALL_HOLDERS,aggregate,all,2019-03-31,M,4051.28351,fred,2026-09-07T17:18:12Z
consumer_credit_total_sa,ALL_HOLDERS,aggregate,all,2019-04-30,M,4068.16066,fred,2026-09-07T17:18:12Z
consumer_credit_total_sa,ALL_HOLDERS,aggregate,all,2019-05-31,M,4082.90098,fred,2026-09-07T17:18:12Z
consumer_credit_total_sa,ALL_HOLDERS,aggregate,all,2019-06-30,M,4093.84676,fred,2026-09-07T17:18:12Z
consumer_credit_total_sa,ALL_HOLDERS,aggregate,all,2019-07-31,M,4117.94998,fred,2026-09-07T17:18:12Z
consumer_credit_total_sa,ALL_HOLDERS,aggregate,all,2019-08-31,M,4133.85051,fred,2026-09-07T17:18:12Z
consumer_credit_total_sa,ALL_HOLDERS,aggregate,all,2019-09-30,M,4146.10873,fred,2026-09-07T17:18:12Z
consumer_credit_total_sa,ALL_HOLDERS,aggregate,all,2019-10-31,M,4163.5076,fred,2026-09-07T17:18:12Z
consumer_credit_total_sa,ALL_HOLDERS,aggregate,all,2019-11-30,M,4164.52756,fred,2026-09-07T17:18:12Z
consumer_credit_total_sa,ALL_HOLDERS,aggregate,all,2019-12-31,M,4192.19139,fred,2026-09-07T17:18:12Z
consumer_credit_total_sa,ALL_HOLDERS,aggregate,all,2020-01-31,M,4171.61745,fred,2026-09-07T17:18:12Z
consumer_credit_total_sa,ALL_HOLDERS,aggregate,all,2020-02-29,M,4185.09821,fred,2026-09-07T17:18:12Z
consumer_credit_total_sa,ALL_HOLDERS,aggregate,all,2020-03-31,M,4169.62596,fred,2026-09-07T17:18:12Z
consumer_credit_total_sa,ALL_HOLDERS,aggregate,all,2020-04-30,M,4105.36612,fred,2026-09-07T17:18:12Z
consumer_credit_total_sa,ALL_HOLDERS,aggregate,all,2020-05-31,M,4089.17025,fred,2026-09-07T17:18:12Z
consumer_credit_total_sa,ALL_HOLDERS,aggregate,all,2020-06-30,M,4101.55007,fred,2026-09-07T17:18:12Z
consumer_credit_total_sa,ALL_HOLDERS,aggregate,all,2020-07-31,M,4117.86762,fred,2026-09-07T17:18:12Z
consumer_credit_total_sa,ALL_HOLDERS,aggregate,all,2020-08-31,M,4113.23246,fred,2026-09-07T17:18:12Z
consumer_credit_total_sa,ALL_HOLDERS,aggregate,all,2020-09-30,M,4128.7419,fred,2026-09-07T17:18:12Z
consumer_credit_total_sa,ALL_HOLDERS,aggregate,all,2020-10-31,M,4134.69198,fred,2026-09-07T17:18:12Z
consumer_credit_total_sa,ALL_HOLDERS,aggregate,all,2020-11-30,M,4135.72709,fred,2026-09-07T17:18:12Z
consumer_credit_total_sa,ALL_HOLDERS,aggregate,all,2020-12-31,M,4149.02648,fred,2026-09-07T17:18:12Z
consumer_credit_total_sa,ALL_HOLDERS,aggregate,all,2021-01-31,M,4157.57102,fred,2026-09-07T17:18:12Z
consumer_credit_total_sa,ALL_HOLDERS,aggregate,all,2021-02-28,M,4176.85793,fred,2026-09-07T17:18:12Z
consumer_credit_total_sa,ALL_HOLDERS,aggregate,all,2021-03-31,M,4188.48451,fred,2026-09-07T17:18:12Z
consumer_credit_total_sa,ALL_HOLDERS,aggregate,all,2021-04-30,M,4205.75036,fred,2026-09-07T17:18:12Z
consumer_credit_total_sa,ALL_HOLDERS,aggregate,all,2021-05-31,M,4237.4705,fred,2026-09-07T17:18:12Z
consumer_credit_total_sa,ALL_HOLDERS,aggregate,all,2021-06-30,M,4388.61886,fred,2026-09-07T17:18:12Z
consumer_credit_total_sa,ALL_HOLDERS,aggregate,all,2021-07-31,M,4405.90133,fred,2026-09-07T17:18:12Z
consumer_credit_total_sa,ALL_HOLDERS,aggregate,all,2021-08-31,M,4423.40341,fred,2026-09-07T17:18:12Z
consumer_credit_total_sa,ALL_HOLDERS,aggregate,all,2021-09-30,M,4447.13568,fred,2026-09-07T17:18:12Z
consumer_credit_total_sa,ALL_HOLDERS,aggregate,all,2021-10-31,M,4464.95971,fred,2026-09-07T17:18:12Z
consumer_credit_total_sa,ALL_HOLDERS,aggregate,all,2021-11-30,M,4490.2044,fred,2026-09-07T17:18:12Z
consumer_credit_total_sa,ALL_HOLDERS,aggregate,all,2021-12-31,M,4512.72041,fred,2026-09-07T17:18:12Z
consumer_credit_total_sa,ALL_HOLDERS,aggregate,all,2022-01-31,M,4526.94379,fred,2026-09-07T17:18:12Z
consumer_credit_total_sa,ALL_HOLDERS,aggregate,all,2022-02-28,M,4558.29913,fred,2026-09-07T17:18:12Z
consumer_credit_total_sa,ALL_HOLDERS,aggregate,all,2022-03-31,M,4598.63198,fred,2026-09-07T17:18:12Z
consumer_credit_total_sa,ALL_HOLDERS,aggregate,all,2022-04-30,M,4631.14048,fred,2026-09-07T17:18:12Z
consumer_credit_total_sa,ALL_HOLDERS,aggregate,all,2022-05-31,M,4660.97228,fred,2026-09-07T17:18:12Z
consumer_credit_total_sa,ALL_HOLDERS,aggregate,all,2022-06-30,M,4698.76418,fred,2026-09-07T17:18:12Z
consumer_credit_total_sa,ALL_HOLDERS,aggregate,all,2022-07-31,M,4722.38139,fred,2026-09-07T17:18:12Z
consumer_credit_total_sa,ALL_HOLDERS,aggregate,all,2022-08-31,M,4752.12015,fred,2026-09-07T17:18:12Z
consumer_credit_total_sa,ALL_HOLDERS,aggregate,all,2022-09-30,M,4778.70617,fred,2026-09-07T17:18:12Z
consumer_credit_total_sa,ALL_HOLDERS,aggregate,all,2022-10-31,M,4812.47706,fred,2026-09-07T17:18:12Z
consumer_credit_total_sa,ALL_HOLDERS,aggregate,all,2022-11-30,M,4843.07013,fred,2026-09-07T17:18:12Z
consumer_credit_total_sa,ALL_HOLDERS,aggregate,all,2022-12-31,M,4858.4386,fred,2026-09-07T17:18:12Z
consumer_credit_total_sa,ALL_HOLDERS,aggregate,all,2023-01-31,M,4873.57492,fred,2026-09-07T17:18:12Z
consumer_credit_total_sa,ALL_HOLDERS,aggregate,all,2023-02-28,M,4885.54061,fred,2026-09-07T17:18:12Z
consumer_credit_total_sa,ALL_HOLDERS,aggregate,all,2023-03-31,M,4909.16607,fred,2026-09-07T17:18:12Z
consumer_credit_total_sa,ALL_HOLDERS,aggregate,all,2023-04-30,M,4920.12419,fred,2026-09-07T17:18:12Z
consumer_credit_total_sa,ALL_HOLDERS,aggregate,all,2023-05-31,M,4925.6995,fred,2026-09-07T17:18:12Z
consumer_credit_total_sa,ALL_HOLDERS,aggregate,all,2023-06-30,M,4948.9933,fred,2026-09-07T17:18:12Z
consumer_credit_total_sa,ALL_HOLDERS,aggregate,all,2023-07-31,M,4959.78893,fred,2026-09-07T17:18:12Z
consumer_credit_total_sa,ALL_HOLDERS,aggregate,all,2023-08-31,M,4946.75025,fred,2026-09-07T17:18:12Z
consumer_credit_total_sa,ALL_HOLDERS,aggregate,all,2023-09-30,M,4955.83225,fred,2026-09-07T17:18:12Z
consumer_credit_total_sa,ALL_HOLDERS,aggregate,all,2023-10-31,M,4969.07322,fred,2026-09-07T17:18:12Z
consumer_credit_total_sa,ALL_HOLDERS,aggregate,all,2023-11-30,M,4993.19793,fred,2026-09-07T17:18:12Z
consumer_credit_total_sa,ALL_HOLDERS,aggregate,all,2023-12-31,M,4988.22598,fred,2026-09-07T17:18:12Z
consumer_credit_total_sa,ALL_HOLDERS,aggregate,all,2024-01-31,M,5002.47558,fred,2026-09-07T17:18:12Z
consumer_credit_total_sa,ALL_HOLDERS,aggregate,all,2024-02-29,M,5015.27337,fred,2026-09-07T17:18:12Z
consumer_credit_total_sa,ALL_HOLDERS,aggregate,all,2024-03-31,M,5014.89975,fred,2026-09-07T17:18:12Z
consumer_credit_total_sa,ALL_HOLDERS,aggregate,all,2024-04-30,M,5016.16595,fred,2026-09-07T17:18:12Z
consumer_credit_total_sa,ALL_HOLDERS,aggregate,all,2024-05-31,M,5024.84211,fred,2026-09-07T17:18:12Z
consumer_credit_total_sa,ALL_HOLDERS,aggregate,all,2024-06-30,M,5026.36481,fred,2026-09-07T17:18:12Z
consumer_credit_total_sa,ALL_HOLDERS,aggregate,all,2024-07-31,M,5046.17704,fred,2026-09-07T17:18:12Z
consumer_credit_total_sa,ALL_HOLDERS,aggregate,all,2024-08-31,M,5055.76739,fred,2026-09-07T17:18:12Z
consumer_credit_total_sa,ALL_HOLDERS,aggregate,all,2024-09-30,M,5058.34512,fred,2026-09-07T17:18:12Z
consumer_credit_total_sa,ALL_HOLDERS,aggregate,all,2024-10-31,M,5071.85287,fred,2026-09-07T17:18:12Z
consumer_credit_total_sa,ALL_HOLDERS,aggregate,all,2024-11-30,M,5066.24362,fred,2026-09-07T17:18:12Z
consumer_credit_total_sa,ALL_HOLDERS,aggregate,all,2024-12-31,M,4948.05938,fred,2026-09-07T17:18:12Z
consumer_credit_total_sa,ALL_HOLDERS,aggregate,all,2025-01-31,M,4956.43203,fred,2026-09-07T17:18:12Z
consumer_credit_total_sa,ALL_HOLDERS,aggregate,all,2025-02-28,M,4958.3973,fred,2026-09-07T17:18:12Z
consumer_credit_total_sa,ALL_HOLDERS,aggregate,all,2025-03-31,M,5022.6337,fred,2026-09-07T17:18:12Z
consumer_credit_total_sa,ALL_HOLDERS,aggregate,all,2025-04-30,M,5038.94021,fred,2026-09-07T17:18:12Z
consumer_credit_total_sa,ALL_HOLDERS,aggregate,all,2025-05-31,M,5048.96744,fred,2026-09-07T17:18:12Z
consumer_credit_total_sa,ALL_HOLDERS,aggregate,all,2025-06-30,M,5044.18064,fred,2026-09-07T17:18:12Z
consumer_credit_total_sa,ALL_HOLDERS,aggregate,all,2025-07-31,M,5056.57801,fred,2026-09-07T17:18:12Z
consumer_credit_total_sa,ALL_HOLDERS,aggregate,all,2025-08-31,M,5059.27019,fred,2026-09-07T17:18:12Z
consumer_credit_total_sa,ALL_HOLDERS,aggregate,all,2025-09-30,M,5072.66164,fred,2026-09-07T17:18:12Z
consumer_credit_total_sa,ALL_HOLDERS,aggregate,all,2025-10-31,M,5080.45538,fred,2026-09-07T17:18:12Z
consumer_credit_total_sa,ALL_HOLDERS,aggregate,all,2025-11-30,M,5083.7734,fred,2026-09-07T17:18:12Z
consumer_credit_total_sa,ALL_HOLDERS,aggregate,all,2025-12-31,M,5099.41916,fred,2026-09-07T17:18:12Z
consumer_credit_total_sa,ALL_HOLDERS,aggregate,all,2026-01-31,M,5103.84583,fred,2026-09-07T17:18:12Z
consumer_credit_total_sa,ALL_HOLDERS,aggregate,all,2026-02-28,M,5111.06635,fred,2026-09-07T17:18:12Z
consumer_credit_total_sa,ALL_HOLDERS,aggregate,all,2026-03-31,M,5133.8996,fred,2026-09-07T17:18:12Z
consumer_credit_total_sa,ALL_HOLDERS,aggregate,all,2026-04-30,M,5153.81646,fred,2026-09-07T17:18:12Z
consumer_credit_total_sa,ALL_HOLDERS,aggregate,all,2026-05-31,M,5152.73506,fred,2026-09-07T17:18:12Z
consumer_credit_total_sa,ALL_HOLDERS,aggregate,all,2026-06-30,M,5166.90771,fred,2026-09-07T17:18:12Z
revolving_credit_nsa,ALL_HOLDERS,aggregate,all,1968-01-31,M,1.401,fred,2026-09-07T17:18:12Z
revolving_credit_nsa,ALL_HOLDERS,aggregate,all,1968-02-29,M,1.418,fred,2026-09-07T17:18:12Z
revolving_credit_nsa,ALL_HOLDERS,aggregate,all,1968-03-31,M,1.439,fred,2026-09-07T17:18:12Z
revolving_credit_nsa,ALL_HOLDERS,aggregate,all,1968-04-30,M,1.494,fred,2026-09-07T17:18:12Z
revolving_credit_nsa,ALL_HOLDERS,aggregate,all,1968-05-31,M,1.536,fred,2026-09-07T17:18:12Z
revolving_credit_nsa,ALL_HOLDERS,aggregate,all,1968-06-30,M,1.598,fred,2026-09-07T17:18:12Z
revolving_credit_nsa,ALL_HOLDERS,aggregate,all,1968-07-31,M,1.649,fred,2026-09-07T17:18:12Z
revolving_credit_nsa,ALL_HOLDERS,aggregate,all,1968-08-31,M,1.719,fred,2026-09-07T17:18:12Z
revolving_credit_nsa,ALL_HOLDERS,aggregate,all,1968-09-30,M,1.788,fred,2026-09-07T17:18:12Z
revolving_credit_nsa,ALL_HOLDERS,aggregate,all,1968-10-31,M,1.881,fred,2026-09-07T17:18:12Z
revolving_credit_nsa,ALL_HOLDERS,aggregate,all,1968-11-30,M,1.922,fred,2026-09-07T17:18:12Z
revolving_credit_nsa,ALL_HOLDERS,aggregate,all,1968-12-31,M,2.105,fred,2026-09-07T17:18:12Z
revolving_credit_nsa,ALL_HOLDERS,aggregate,all,1969-01-31,M,2.271,fred,2026-09-07T17:18:12Z
revolving_credit_nsa,ALL_HOLDERS,aggregate,all,1969-02-28,M,2.31,fred,2026-09-07T17:18:12Z
revolving_credit_nsa,ALL_HOLDERS,aggregate,all,1969-03-31,M,2.349,fred,2026-09-07T17:18:12Z
revolving_credit_nsa,ALL_HOLDERS,aggregate,all,1969-04-30,M,2.462,fred,2026-09-07T17:18:12Z
revolving_credit_nsa,ALL_HOLDERS,aggregate,all,1969-05-31,M,2.586,fred,2026-09-07T17:18:12Z
revolving_credit_nsa,ALL_HOLDERS,aggregate,all,1969-06-30,M,2.698,fred,2026-09-07T17:18:12Z
revolving_credit_nsa,ALL_HOLDERS,aggregate,all,1969-07-31,M,2.803,fred,2026-09-07T17:18:12Z
revolving_credit_nsa,ALL_HOLDERS,aggregate,all,1969-08-31,M,2.919,fred,2026-09-07T17:18:12Z
revolving_credit_nsa,ALL_HOLDERS,aggregate,all,1969-09-30,M,3.081,fred,2026-09-07T17:18:12Z
revolving_credit_nsa,ALL_HOLDERS,aggregate,all,1969-10-31,M,3.21,fred,2026-09-07T17:18:12Z
revolving_credit_nsa,ALL_HOLDERS,aggregate,all,1969-11-30,M,3.343,fred,2026-09-07T17:18:12Z
revolving_credit_nsa,ALL_HOLDERS,aggregate,all,1969-12-31,M,3.72,fred,2026-09-07T17:18:12Z
revolving_credit_nsa,ALL_HOLDERS,aggregate,all,1970-01-31,M,3.909,fred,2026-09-07T17:18:12Z
revolving_credit_nsa,ALL_HOLDERS,aggregate,all,1970-02-28,M,3.95,fred,2026-09-07T17:18:12Z
revolving_credit_nsa,ALL_HOLDERS,aggregate,all,1970-03-31,M,3.967,fred,2026-09-07T17:18:12Z
revolving_credit_nsa,ALL_HOLDERS,aggregate,all,1970-04-30,M,4.057,fred,2026-09-07T17:18:12Z
revolving_credit_nsa,ALL_HOLDERS,aggregate,all,1970-05-31,M,4.114,fred,2026-09-07T17:18:12Z
revolving_credit_nsa,ALL_HOLDERS,aggregate,all,1970-06-30,M,4.229,fred,2026-09-07T17:18:12Z
revolving_credit_nsa,ALL_HOLDERS,aggregate,all,1970-07-31,M,4.336,fred,2026-09-07T17:18:12Z
revolving_credit_nsa,ALL_HOLDERS,aggregate,all,1970-08-31,M,4.447,fred,2026-09-07T17:18:12Z
revolving_credit_nsa,ALL_HOLDERS,aggregate,all,1970-09-30,M,4.603,fred,2026-09-07T17:18:12Z
revolving_credit_nsa,ALL_HOLDERS,aggregate,all,1970-10-31,M,4.686,fred,2026-09-07T17:18:12Z
revolving_credit_nsa,ALL_HOLDERS,aggregate,all,1970-11-30,M,4.767,fred,2026-09-07T17:18:12Z
revolving_credit_nsa,ALL_HOLDERS,aggregate,all,1970-12-31,M,5.13,fred,2026-09-07T17:18:12Z
revolving_credit_nsa,ALL_HOLDERS,aggregate,all,1971-01-31,M,7.544,fred,2026-09-07T17:18:12Z
revolving_credit_nsa,ALL_HOLDERS,aggregate,all,1971-02-28,M,7.467,fred,2026-09-07T17:18:12Z
revolving_credit_nsa,ALL_HOLDERS,aggregate,all,1971-03-31,M,7.364,fred,2026-09-07T17:18:12Z
revolving_credit_nsa,ALL_HOLDERS,aggregate,all,1971-04-30,M,7.461,fred,2026-09-07T17:18:12Z
revolving_credit_nsa,ALL_HOLDERS,aggregate,all,1971-05-31,M,7.568,fred,2026-09-07T17:18:12Z
revolving_credit_nsa,ALL_HOLDERS,aggregate,all,1971-06-30,M,7.643,fred,2026-09-07T17:18:12Z
revolving_credit_nsa,ALL_HOLDERS,aggregate,all,1971-07-31,M,7.769,fred,2026-09-07T17:18:12Z
revolving_credit_nsa,ALL_HOLDERS,aggregate,all,1971-08-31,M,7.936,fred,2026-09-07T17:18:12Z
revolving_credit_nsa,ALL_HOLDERS,aggregate,all,1971-09-30,M,8.149,fred,2026-09-07T17:18:12Z
revolving_credit_nsa,ALL_HOLDERS,aggregate,all,1971-10-31,M,8.097,fred,2026-09-07T17:18:12Z
revolving_credit_nsa,ALL_HOLDERS,aggregate,all,1971-11-30,M,8.102,fred,2026-09-07T17:18:12Z
revolving_credit_nsa,ALL_HOLDERS,aggregate,all,1971-12-31,M,8.529,fred,2026-09-07T17:18:12Z
revolving_credit_nsa,ALL_HOLDERS,aggregate,all,1972-01-31,M,8.467,fred,2026-09-07T17:18:12Z
revolving_credit_nsa,ALL_HOLDERS,aggregate,all,1972-02-29,M,8.305,fred,2026-09-07T17:18:12Z
revolving_credit_nsa,ALL_HOLDERS,aggregate,all,1972-03-31,M,8.257,fred,2026-09-07T17:18:12Z
revolving_credit_nsa,ALL_HOLDERS,aggregate,all,1972-04-30,M,8.38,fred,2026-09-07T17:18:12Z
revolving_credit_nsa,ALL_HOLDERS,aggregate,all,1972-05-31,M,8.467,fred,2026-09-07T17:18:12Z
revolving_credit_nsa,ALL_HOLDERS,aggregate,all,1972-06-30,M,8.67,fred,2026-09-07T17:18:12Z
revolving_credit_nsa,ALL_HOLDERS,aggregate,all,1972-07-31,M,8.833,fred,2026-09-07T17:18:12Z
revolving_credit_nsa,ALL_HOLDERS,aggregate,all,1972-08-31,M,9.07,fred,2026-09-07T17:18:12Z
revolving_credit_nsa,ALL_HOLDERS,aggregate,all,1972-09-30,M,9.274,fred,2026-09-07T17:18:12Z
revolving_credit_nsa,ALL_HOLDERS,aggregate,all,1972-10-31,M,9.192,fred,2026-09-07T17:18:12Z
revolving_credit_nsa,ALL_HOLDERS,aggregate,all,1972-11-30,M,9.217,fred,2026-09-07T17:18:12Z
revolving_credit_nsa,ALL_HOLDERS,aggregate,all,1972-12-31,M,9.701,fred,2026-09-07T17:18:12Z
revolving_credit_nsa,ALL_HOLDERS,aggregate,all,1973-01-31,M,9.772,fred,2026-09-07T17:18:12Z
revolving_credit_nsa,ALL_HOLDERS,aggregate,all,1973-02-28,M,9.705,fred,2026-09-07T17:18:12Z
revolving_credit_nsa,ALL_HOLDERS,aggregate,all,1973-03-31,M,9.627,fred,2026-09-07T17:18:12Z
revolving_credit_nsa,ALL_HOLDERS,aggregate,all,1973-04-30,M,9.741,fred,2026-09-07T17:18:12Z
revolving_credit_nsa,ALL_HOLDERS,aggregate,all,1973-05-31,M,9.903,fred,2026-09-07T17:18:12Z
revolving_credit_nsa,ALL_HOLDERS,aggregate,all,1973-06-30,M,10.215,fred,2026-09-07T17:18:12Z
revolving_credit_nsa,ALL_HOLDERS,aggregate,all,1973-07-31,M,10.414,fred,2026-09-07T17:18:12Z
revolving_credit_nsa,ALL_HOLDERS,aggregate,all,1973-08-31,M,10.772,fred,2026-09-07T17:18:12Z
revolving_credit_nsa,ALL_HOLDERS,aggregate,all,1973-09-30,M,10.912,fred,2026-09-07T17:18:12Z
revolving_credit_nsa,ALL_HOLDERS,aggregate,all,1973-10-31,M,10.946,fred,2026-09-07T17:18:12Z
revolving_credit_nsa,ALL_HOLDERS,aggregate,all,1973-11-30,M,11.14,fred,2026-09-07T17:18:12Z
revolving_credit_nsa,ALL_HOLDERS,aggregate,all,1973-12-31,M,11.71,fred,2026-09-07T17:18:12Z
revolving_credit_nsa,ALL_HOLDERS,aggregate,all,1974-01-31,M,11.791,fred,2026-09-07T17:18:12Z
revolving_credit_nsa,ALL_HOLDERS,aggregate,all,1974-02-28,M,11.572,fred,2026-09-07T17:18:12Z
revolving_credit_nsa,ALL_HOLDERS,aggregate,all,1974-03-31,M,11.349,fred,2026-09-07T17:18:12Z
revolving_credit_nsa,ALL_HOLDERS,aggregate,all,1974-04-30,M,11.495,fred,2026-09-07T17:18:12Z
revolving_credit_nsa,ALL_HOLDERS,aggregate,all,1974-05-31,M,11.802,fred,2026-09-07T17:18:12Z
revolving_credit_nsa,ALL_HOLDERS,aggregate,all,1974-06-30,M,12.138,fred,2026-09-07T17:18:12Z
revolving_credit_nsa,ALL_HOLDERS,aggregate,all,1974-07-31,M,12.515,fred,2026-09-07T17:18:12Z
revolving_credit_nsa,ALL_HOLDERS,aggregate,all,1974-08-31,M,12.981,fred,2026-09-07T17:18:12Z
revolving_credit_nsa,ALL_HOLDERS,aggregate,all,1974-09-30,M,13.175,fred,2026-09-07T17:18:12Z
revolving_credit_nsa,ALL_HOLDERS,aggregate,all,1974-10-31,M,13.176,fred,2026-09-07T17:18:12Z
revolving_credit_nsa,ALL_HOLDERS,aggregate,all,1974-11-30,M,13.272,fred,2026-09-07T17:18:12Z
revolving_credit_nsa,ALL_HOLDERS,aggregate,all,1974-12-31,M,13.682,fred,2026-09-07T17:18:12Z
revolving_credit_nsa,ALL_HOLDERS,aggregate,all,1975-01-31,M,13.846,fred,2026-09-07T17:18:12Z
revolving_credit_nsa,ALL_HOLDERS,aggregate,all,1975-02-28,M,13.559,fred,2026-09-07T17:18:12Z
revolving_credit_nsa,ALL_HOLDERS,aggregate,all,1975-03-31,M,13.206,fred,2026-09-07T17:18:12Z
revolving_credit_nsa,ALL_HOLDERS,aggregate,all,1975-04-30,M,13.296,fred,2026-09-07T17:18:12Z
revolving_credit_nsa,ALL_HOLDERS,aggregate,all,1975-05-31,M,13.322,fred,2026-09-07T17:18:12Z
revolving_credit_nsa,ALL_HOLDERS,aggregate,all,1975-06-30,M,13.429,fred,2026-09-07T17:18:12Z
revolving_credit_nsa,ALL_HOLDERS,aggregate,all,1975-07-31,M,13.717,fred,2026-09-07T17:18:12Z
revolving_credit_nsa,ALL_HOLDERS,aggregate,all,1975-08-31,M,14.057,fred,2026-09-07T17:18:12Z
revolving_credit_nsa,ALL_HOLDERS,aggregate,all,1975-09-30,M,14.306,fred,2026-09-07T17:18:12Z
revolving_credit_nsa,ALL_HOLDERS,aggregate,all,1975-10-31,M,14.3,fred,2026-09-07T17:18:12Z
revolving_credit_nsa,ALL_HOLDERS,aggregate,all,1975-11-30,M,14.307,fred,2026-09-07T17:18:12Z
revolving_credit_nsa,ALL_HOLDERS,aggregate,all,1975-12-31,M,15.02,fred,2026-09-07T17:18:12Z
revolving_credit_nsa,ALL_HOLDERS,aggregate,all,1976-01-31,M,15.113,fred,2026-09-07T17:18:12Z
revolving_credit_nsa,ALL_HOLDERS,aggregate,all,1976-02-29,M,14.805,fred,2026-09-07T17:18:12Z
revolving_credit_nsa,ALL_HOLDERS,aggregate,all,1976-03-31,M,14.456,fred,2026-09-07T17:18:12Z
revolving_credit_nsa,ALL_HOLDERS,aggregate,all,1976-04-30,M,14.614,fred,2026-09-07T17:18:12Z
revolving_credit_nsa,ALL_HOLDERS,aggregate,all,1976-05-31,M,14.688,fred,2026-09-07T17:18:12Z
revolving_credit_nsa,ALL_HOLDERS,aggregate,all,1976-06-30,M,14.889,fred,2026-09-07T17:18:12Z
revolving_credit_nsa,ALL_HOLDERS,aggregate,all,1976-07-31,M,15.329,fred,2026-09-07T17:18:12Z
revolving_credit_nsa,ALL_HOLDERS,aggregate,all,1976-08-31,M,15.671,fred,2026-09-07T17:18:12Z
revolving_credit_nsa,ALL_HOLDERS,aggregate,all,1976-09-30,M,16.033,fred,2026-09-07T17:18:12Z
revolving_credit_nsa,ALL_HOLDERS,aggregate,all,1976-10-31,M,16.099,fred,2026-09-07T17:18:12Z
revolving_credit_nsa,ALL_HOLDERS,aggregate,all,1976-11-30,M,16.239,fred,2026-09-07T17:18:12Z
revolving_credit_nsa,ALL_HOLDERS,aggregate,all,1976-12-31,M,17.19,fred,2026-09-07T17:18:12Z
revolving_credit_nsa,ALL_HOLDERS,aggregate,all,1977-01-31,M,32.211,fred,2026-09-07T17:18:12Z
revolving_credit_nsa,ALL_HOLDERS,aggregate,all,1977-02-28,M,31.587,fred,2026-09-07T17:18:12Z
revolving_credit_nsa,ALL_HOLDERS,aggregate,all,1977-03-31,M,31.441,fred,2026-09-07T17:18:12Z
revolving_credit_nsa,ALL_HOLDERS,aggregate,all,1977-04-30,M,31.933,fred,2026-09-07T17:18:12Z
revolving_credit_nsa,ALL_HOLDERS,aggregate,all,1977-05-31,M,32.445,fred,2026-09-07T17:18:12Z
revolving_credit_nsa,ALL_HOLDERS,aggregate,all,1977-06-30,M,32.939,fred,2026-09-07T17:18:12Z
revolving_credit_nsa,ALL_HOLDERS,aggregate,all,1977-07-31,M,33.276,fred,2026-09-07T17:18:12Z
revolving_credit_nsa,ALL_HOLDERS,aggregate,all,1977-08-31,M,33.954,fred,2026-09-07T17:18:12Z
revolving_credit_nsa,ALL_HOLDERS,aggregate,all,1977-09-30,M,34.575,fred,2026-09-07T17:18:12Z
revolving_credit_nsa,ALL_HOLDERS,aggregate,all,1977-10-31,M,35.04,fred,2026-09-07T17:18:12Z
revolving_credit_nsa,ALL_HOLDERS,aggregate,all,1977-11-30,M,36.014,fred,2026-09-07T17:18:12Z
revolving_credit_nsa,ALL_HOLDERS,aggregate,all,1977-12-31,M,39.274,fred,2026-09-07T17:18:12Z
revolving_credit_nsa,ALL_HOLDERS,aggregate,all,1978-01-31,M,38.795,fred,2026-09-07T17:18:12Z
revolving_credit_nsa,ALL_HOLDERS,aggregate,all,1978-02-28,M,38.142,fred,2026-09-07T17:18:12Z
revolving_credit_nsa,ALL_HOLDERS,aggregate,all,1978-03-31,M,38.032,fred,2026-09-07T17:18:12Z
revolving_credit_nsa,ALL_HOLDERS,aggregate,all,1978-04-30,M,38.423,fred,2026-09-07T17:18:12Z
revolving_credit_nsa,ALL_HOLDERS,aggregate,all,1978-05-31,M,38.963,fred,2026-09-07T17:18:12Z
revolving_credit_nsa,ALL_HOLDERS,aggregate,all,1978-06-30,M,39.88,fred,2026-09-07T17:18:12Z
revolving_credit_nsa,ALL_HOLDERS,aggregate,all,1978-07-31,M,40.546,fred,2026-09-07T17:18:12Z
revolving_credit_nsa,ALL_HOLDERS,aggregate,all,1978-08-31,M,41.601,fred,2026-09-07T17:18:12Z
revolving_credit_nsa,ALL_HOLDERS,aggregate,all,1978-09-30,M,42.587,fred,2026-09-07T17:18:12Z
revolving_credit_nsa,ALL_HOLDERS,aggregate,all,1978-10-31,M,42.991,fred,2026-09-07T17:18:12Z
revolving_credit_nsa,ALL_HOLDERS,aggregate,all,1978-11-30,M,44.166,fred,2026-09-07T17:18:12Z
revolving_credit_nsa,ALL_HOLDERS,aggregate,all,1978-12-31,M,48.309,fred,2026-09-07T17:18:12Z
revolving_credit_nsa,ALL_HOLDERS,aggregate,all,1979-01-31,M,47.8,fred,2026-09-07T17:18:12Z
revolving_credit_nsa,ALL_HOLDERS,aggregate,all,1979-02-28,M,47.068,fred,2026-09-07T17:18:12Z
revolving_credit_nsa,ALL_HOLDERS,aggregate,all,1979-03-31,M,46.77,fred,2026-09-07T17:18:12Z
revolving_credit_nsa,ALL_HOLDERS,aggregate,all,1979-04-30,M,47.245,fred,2026-09-07T17:18:12Z
revolving_credit_nsa,ALL_HOLDERS,aggregate,all,1979-05-31,M,47.855,fred,2026-09-07T17:18:12Z
revolving_credit_nsa,ALL_HOLDERS,aggregate,all,1979-06-30,M,48.545,fred,2026-09-07T17:18:12Z
revolving_credit_nsa,ALL_HOLDERS,aggregate,all,1979-07-31,M,48.918,fred,2026-09-07T17:18:12Z
revolving_credit_nsa,ALL_HOLDERS,aggregate,all,1979-08-31,M,50.304,fred,2026-09-07T17:18:12Z
revolving_credit_nsa,ALL_HOLDERS,aggregate,all,1979-09-30,M,51.23,fred,2026-09-07T17:18:12Z
revolving_credit_nsa,ALL_HOLDERS,aggregate,all,1979-10-31,M,51.928,fred,2026-09-07T17:18:12Z
revolving_credit_nsa,ALL_HOLDERS,aggregate,all,1979-11-30,M,53.27,fred,2026-09-07T17:18:12Z
revolving_credit_nsa,ALL_HOLDERS,aggregate,all,1979-12-31,M,56.937,fred,2026-09-07T17:18:12Z
revolving_credit_nsa,ALL_HOLDERS,aggregate,all,1980-01-31,M,56.164,fred,2026-09-07T17:18:12Z
revolving_credit_nsa,ALL_HOLDERS,aggregate,all,1980-02-29,M,55.153,fred,2026-09-07T17:18:12Z
revolving_credit_nsa,ALL_HOLDERS,aggregate,all,1980-03-31,M,54.146,fred,2026-09-07T17:18:12Z
revolving_credit_nsa,ALL_HOLDERS,aggregate,all,1980-04-30,M,53.491,fred,2026-09-07T17:18:12Z
revolving_credit_nsa,ALL_HOLDERS,aggregate,all,1980-05-31,M,53.036,fred,2026-09-07T17:18:12Z
revolving_credit_nsa,ALL_HOLDERS,aggregate,all,1980-06-30,M,52.85,fred,2026-09-07T17:18:12Z
revolving_credit_nsa,ALL_HOLDERS,aggregate,all,1980-07-31,M,52.833,fred,2026-09-07T17:18:12Z
revolving_credit_nsa,ALL_HOLDERS,aggregate,all,1980-08-31,M,53.562,fred,2026-09-07T17:18:12Z
revolving_credit_nsa,ALL_HOLDERS,aggregate,all,1980-09-30,M,53.806,fred,2026-09-07T17:18:12Z
revolving_credit_nsa,ALL_HOLDERS,aggregate,all,1980-10-31,M,53.593,fred,2026-09-07T17:18:12Z
revolving_credit_nsa,ALL_HOLDERS,aggregate,all,1980-11-30,M,54.174,fred,2026-09-07T17:18:12Z
revolving_credit_nsa,ALL_HOLDERS,aggregate,all,1980-12-31,M,58.506,fred,2026-09-07T17:18:12Z
revolving_credit_nsa,ALL_HOLDERS,aggregate,all,1981-01-31,M,57.721,fred,2026-09-07T17:18:12Z
revolving_credit_nsa,ALL_HOLDERS,aggregate,all,1981-02-28,M,56.378,fred,2026-09-07T17:18:12Z
revolving_credit_nsa,ALL_HOLDERS,aggregate,all,1981-03-31,M,55.853,fred,2026-09-07T17:18:12Z
revolving_credit_nsa,ALL_HOLDERS,aggregate,all,1981-04-30,M,56.381,fred,2026-09-07T17:18:12Z
revolving_credit_nsa,ALL_HOLDERS,aggregate,all,1981-05-31,M,56.652,fred,2026-09-07T17:18:12Z
revolving_credit_nsa,ALL_HOLDERS,aggregate,all,1981-06-30,M,57.795,fred,2026-09-07T17:18:12Z
revolving_credit_nsa,ALL_HOLDERS,aggregate,all,1981-07-31,M,57.921,fred,2026-09-07T17:18:12Z
revolving_credit_nsa,ALL_HOLDERS,aggregate,all,1981-08-31,M,58.603,fred,2026-09-07T17:18:12Z
revolving_credit_nsa,ALL_HOLDERS,aggregate,all,1981-09-30,M,59.807,fred,2026-09-07T17:18:12Z
revolving_credit_nsa,ALL_HOLDERS,aggregate,all,1981-10-31,M,60.037,fred,2026-09-07T17:18:12Z
revolving_credit_nsa,ALL_HOLDERS,aggregate,all,1981-11-30,M,60.61,fred,2026-09-07T17:18:12Z
revolving_credit_nsa,ALL_HOLDERS,aggregate,all,1981-12-31,M,64.807,fred,2026-09-07T17:18:12Z
revolving_credit_nsa,ALL_HOLDERS,aggregate,all,1982-01-31,M,63.424,fred,2026-09-07T17:18:12Z
revolving_credit_nsa,ALL_HOLDERS,aggregate,all,1982-02-28,M,61.737,fred,2026-09-07T17:18:12Z
revolving_credit_nsa,ALL_HOLDERS,aggregate,all,1982-03-31,M,60.952,fred,2026-09-07T17:18:12Z
revolving_credit_nsa,ALL_HOLDERS,aggregate,all,1982-04-30,M,61.353,fred,2026-09-07T17:18:12Z
revolving_credit_nsa,ALL_HOLDERS,aggregate,all,1982-05-31,M,61.637,fred,2026-09-07T17:18:12Z
revolving_credit_nsa,ALL_HOLDERS,aggregate,all,1982-06-30,M,62.578,fred,2026-09-07T17:18:12Z
revolving_credit_nsa,ALL_HOLDERS,aggregate,all,1982-07-31,M,63.297,fred,2026-09-07T17:18:12Z
revolving_credit_nsa,ALL_HOLDERS,aggregate,all,1982-08-31,M,64.163,fred,2026-09-07T17:18:12Z
revolving_credit_nsa,ALL_HOLDERS,aggregate,all,1982-09-30,M,64.829,fred,2026-09-07T17:18:12Z
revolving_credit_nsa,ALL_HOLDERS,aggregate,all,1982-10-31,M,64.925,fred,2026-09-07T17:18:12Z
revolving_credit_nsa,ALL_HOLDERS,aggregate,all,1982-11-30,M,65.563,fred,2026-09-07T17:18:12Z
revolving_credit_nsa,ALL_HOLDERS,aggregate,all,1982-12-31,M,70.461,fred,2026-09-07T17:18:12Z
revolving_credit_nsa,ALL_HOLDERS,aggregate,all,1983-01-31,M,68.934,fred,2026-09-07T17:18:12Z
revolving_credit_nsa,ALL_HOLDERS,aggregate,all,1983-02-28,M,66.804,fred,2026-09-07T17:18:12Z
revolving_credit_nsa,ALL_HOLDERS,aggregate,all,1983-03-31,M,66.743,fred,2026-09-07T17:18:12Z
revolving_credit_nsa,ALL_HOLDERS,aggregate,all,1983-04-30,M,67.439,fred,2026-09-07T17:18:12Z
revolving_credit_nsa,ALL_HOLDERS,aggregate,all,1983-05-31,M,67.675,fred,2026-09-07T17:18:12Z
revolving_credit_nsa,ALL_HOLDERS,aggregate,all,1983-06-30,M,69.388,fred,2026-09-07T17:18:12Z
revolving_credit_nsa,ALL_HOLDERS,aggregate,all,1983-07-31,M,70.523,fred,2026-09-07T17:18:12Z
revolving_credit_nsa,ALL_HOLDERS,aggregate,all,1983-08-31,M,71.914,fred,2026-09-07T17:18:12Z
revolving_credit_nsa,ALL_HOLDERS,aggregate,all,1983-09-30,M,73.197,fred,2026-09-07T17:18:12Z
revolving_credit_nsa,ALL_HOLDERS,aggregate,all,1983-10-31,M,74.519,fred,2026-09-07T17:18:12Z
revolving_credit_nsa,ALL_HOLDERS,aggregate,all,1983-11-30,M,76.718,fred,2026-09-07T17:18:12Z
revolving_credit_nsa,ALL_HOLDERS,aggregate,all,1983-12-31,M,83.802,fred,2026-09-07T17:18:12Z
revolving_credit_nsa,ALL_HOLDERS,aggregate,all,1984-01-31,M,81.514,fred,2026-09-07T17:18:12Z
revolving_credit_nsa,ALL_HOLDERS,aggregate,all,1984-02-29,M,80.616,fred,2026-09-07T17:18:12Z
revolving_credit_nsa,ALL_HOLDERS,aggregate,all,1984-03-31,M,82.076,fred,2026-09-07T17:18:12Z
revolving_credit_nsa,ALL_HOLDERS,aggregate,all,1984-04-30,M,83.271,fred,2026-09-07T17:18:12Z
revolving_credit_nsa,ALL_HOLDERS,aggregate,all,1984-05-31,M,85.725,fred,2026-09-07T17:18:12Z
revolving_credit_nsa,ALL_HOLDERS,aggregate,all,1984-06-30,M,88.387,fred,2026-09-07T17:18:12Z
revolving_credit_nsa,ALL_HOLDERS,aggregate,all,1984-07-31,M,89.208,fred,2026-09-07T17:18:12Z
revolving_credit_nsa,ALL_HOLDERS,aggregate,all,1984-08-31,M,91.612,fred,2026-09-07T17:18:12Z
revolving_credit_nsa,ALL_HOLDERS,aggregate,all,1984-09-30,M,93.907,fred,2026-09-07T17:18:12Z
revolving_credit_nsa,ALL_HOLDERS,aggregate,all,1984-10-31,M,95.436,fred,2026-09-07T17:18:12Z
revolving_credit_nsa,ALL_HOLDERS,aggregate,all,1984-11-30,M,98.148,fred,2026-09-07T17:18:12Z
revolving_credit_nsa,ALL_HOLDERS,aggregate,all,1984-12-31,M,106.256,fred,2026-09-07T17:18:12Z
revolving_credit_nsa,ALL_HOLDERS,aggregate,all,1985-01-31,M,105.707,fred,2026-09-07T17:18:12Z
revolving_credit_nsa,ALL_HOLDERS,aggregate,all,1985-02-28,M,105.181,fred,2026-09-07T17:18:12Z
revolving_credit_nsa,ALL_HOLDERS,aggregate,all,1985-03-31,M,106.692,fred,2026-09-07T17:18:12Z
revolving_credit_nsa,ALL_HOLDERS,aggregate,all,1985-04-30,M,108.796,fred,2026-09-07T17:18:12Z
revolving_credit_nsa,ALL_HOLDERS,aggregate,all,1985-05-31,M,109.62,fred,2026-09-07T17:18:12Z
revolving_credit_nsa,ALL_HOLDERS,aggregate,all,1985-06-30,M,111.191,fred,2026-09-07T17:18:12Z
revolving_credit_nsa,ALL_HOLDERS,aggregate,all,1985-07-31,M,112.714,fred,2026-09-07T17:18:12Z
revolving_credit_nsa,ALL_HOLDERS,aggregate,all,1985-08-31,M,115.005,fred,2026-09-07T17:18:12Z
revolving_credit_nsa,ALL_HOLDERS,aggregate,all,1985-09-30,M,117.523,fred,2026-09-07T17:18:12Z
revolving_credit_nsa,ALL_HOLDERS,aggregate,all,1985-10-31,M,119.2,fred,2026-09-07T17:18:12Z
revolving_credit_nsa,ALL_HOLDERS,aggregate,all,1985-11-30,M,122.687,fred,2026-09-07T17:18:12Z
revolving_credit_nsa,ALL_HOLDERS,aggregate,all,1985-12-31,M,131.553,fred,2026-09-07T17:18:12Z
revolving_credit_nsa,ALL_HOLDERS,aggregate,all,1986-01-31,M,130.347,fred,2026-09-07T17:18:12Z
revolving_credit_nsa,ALL_HOLDERS,aggregate,all,1986-02-28,M,128.606,fred,2026-09-07T17:18:12Z
revolving_credit_nsa,ALL_HOLDERS,aggregate,all,1986-03-31,M,128.649,fred,2026-09-07T17:18:12Z
revolving_credit_nsa,ALL_HOLDERS,aggregate,all,1986-04-30,M,130.621,fred,2026-09-07T17:18:12Z
revolving_credit_nsa,ALL_HOLDERS,aggregate,all,1986-05-31,M,131.871,fred,2026-09-07T17:18:12Z
revolving_credit_nsa,ALL_HOLDERS,aggregate,all,1986-06-30,M,133.079,fred,2026-09-07T17:18:12Z
revolving_credit_nsa,ALL_HOLDERS,aggregate,all,1986-07-31,M,134.042,fred,2026-09-07T17:18:12Z
revolving_credit_nsa,ALL_HOLDERS,aggregate,all,1986-08-31,M,135.736,fred,2026-09-07T17:18:12Z
revolving_credit_nsa,ALL_HOLDERS,aggregate,all,1986-09-30,M,136.261,fred,2026-09-07T17:18:12Z
revolving_credit_nsa,ALL_HOLDERS,aggregate,all,1986-10-31,M,137.702,fred,2026-09-07T17:18:12Z
revolving_credit_nsa,ALL_HOLDERS,aggregate,all,1986-11-30,M,140.269,fred,2026-09-07T17:18:12Z
revolving_credit_nsa,ALL_HOLDERS,aggregate,all,1986-12-31,M,148.902,fred,2026-09-07T17:18:12Z
revolving_credit_nsa,ALL_HOLDERS,aggregate,all,1987-01-31,M,144.482,fred,2026-09-07T17:18:12Z
revolving_credit_nsa,ALL_HOLDERS,aggregate,all,1987-02-28,M,142.26,fred,2026-09-07T17:18:12Z
revolving_credit_nsa,ALL_HOLDERS,aggregate,all,1987-03-31,M,141.334,fred,2026-09-07T17:18:12Z
revolving_credit_nsa,ALL_HOLDERS,aggregate,all,1987-04-30,M,143.903,fred,2026-09-07T17:18:12Z
revolving_credit_nsa,ALL_HOLDERS,aggregate,all,1987-05-31,M,145.472,fred,2026-09-07T17:18:12Z
revolving_credit_nsa,ALL_HOLDERS,aggregate,all,1987-06-30,M,148.421,fred,2026-09-07T17:18:12Z
revolving_credit_nsa,ALL_HOLDERS,aggregate,all,1987-07-31,M,150.67,fred,2026-09-07T17:18:12Z
revolving_credit_nsa,ALL_HOLDERS,aggregate,all,1987-08-31,M,152.773,fred,2026-09-07T17:18:12Z
revolving_credit_nsa,ALL_HOLDERS,aggregate,all,1987-09-30,M,155.365,fred,2026-09-07T17:18:12Z
revolving_credit_nsa,ALL_HOLDERS,aggregate,all,1987-10-31,M,156.743,fred,2026-09-07T17:18:12Z
revolving_credit_nsa,ALL_HOLDERS,aggregate,all,1987-11-30,M,158.497,fred,2026-09-07T17:18:12Z
revolving_credit_nsa,ALL_HOLDERS,aggregate,all,1987-12-31,M,169.639,fred,2026-09-07T17:18:12Z
revolving_credit_nsa,ALL_HOLDERS,aggregate,all,1988-01-31,M,168.334,fred,2026-09-07T17:18:12Z
revolving_credit_nsa,ALL_HOLDERS,aggregate,all,1988-02-29,M,165.722,fred,2026-09-07T17:18:12Z
revolving_credit_nsa,ALL_HOLDERS,aggregate,all,1988-03-31,M,165.379,fred,2026-09-07T17:18:12Z
revolving_credit_nsa,ALL_HOLDERS,aggregate,all,1988-04-30,M,167.184,fred,2026-09-07T17:18:12Z
revolving_credit_nsa,ALL_HOLDERS,aggregate,all,1988-05-31,M,168.606,fred,2026-09-07T17:18:12Z
revolving_credit_nsa,ALL_HOLDERS,aggregate,all,1988-06-30,M,171.371,fred,2026-09-07T17:18:12Z
revolving_credit_nsa,ALL_HOLDERS,aggregate,all,1988-07-31,M,172.163,fred,2026-09-07T17:18:12Z
revolving_credit_nsa,ALL_HOLDERS,aggregate,all,1988-08-31,M,174.794,fred,2026-09-07T17:18:12Z
revolving_credit_nsa,ALL_HOLDERS,aggregate,all,1988-09-30,M,176.366,fred,2026-09-07T17:18:12Z
revolving_credit_nsa,ALL_HOLDERS,aggregate,all,1988-10-31,M,178.431,fred,2026-09-07T17:18:12Z
revolving_credit_nsa,ALL_HOLDERS,aggregate,all,1988-11-30,M,183.671,fred,2026-09-07T17:18:12Z
revolving_credit_nsa,ALL_HOLDERS,aggregate,all,1988-12-31,M,194.4599,fred,2026-09-07T17:18:12Z
revolving_credit_nsa,ALL_HOLDERS,aggregate,all,1989-01-31,M,189.61,fred,2026-09-07T17:18:12Z
revolving_credit_nsa,ALL_HOLDERS,aggregate,all,1989-02-28,M,187.301,fred,2026-09-07T17:18:12Z
revolving_credit_nsa,ALL_HOLDERS,aggregate,all,1989-03-31,M,188.471,fred,2026-09-07T17:18:12Z
revolving_credit_nsa,ALL_HOLDERS,aggregate,all,1989-04-30,M,190.797,fred,2026-09-07T17:18:12Z
revolving_credit_nsa,ALL_HOLDERS,aggregate,all,1989-05-31,M,192.72,fred,2026-09-07T17:18:12Z
revolving_credit_nsa,ALL_HOLDERS,aggregate,all,1989-06-30,M,195.893,fred,2026-09-07T17:18:12Z
revolving_credit_nsa,ALL_HOLDERS,aggregate,all,1989-07-31,M,197.418,fred,2026-09-07T17:18:12Z
revolving_credit_nsa,ALL_HOLDERS,aggregate,all,1989-08-31,M,200.795,fred,2026-09-07T17:18:12Z
revolving_credit_nsa,ALL_HOLDERS,aggregate,all,1989-09-30,M,202.075,fred,2026-09-07T17:18:12Z
revolving_credit_nsa,ALL_HOLDERS,aggregate,all,1989-10-31,M,203.516,fred,2026-09-07T17:18:12Z
revolving_credit_nsa,ALL_HOLDERS,aggregate,all,1989-11-30,M,208.416,fred,2026-09-07T17:18:12Z
revolving_credit_nsa,ALL_HOLDERS,aggregate,all,1989-12-31,M,222.295,fred,2026-09-07T17:18:12Z
revolving_credit_nsa,ALL_HOLDERS,aggregate,all,1990-01-31,M,217.901,fred,2026-09-07T17:18:12Z
revolving_credit_nsa,ALL_HOLDERS,aggregate,all,1990-02-28,M,216.062,fred,2026-09-07T17:18:12Z
revolving_credit_nsa,ALL_HOLDERS,aggregate,all,1990-03-31,M,214.92,fred,2026-09-07T17:18:12Z
revolving_credit_nsa,ALL_HOLDERS,aggregate,all,1990-04-30,M,217.045,fred,2026-09-07T17:18:12Z
revolving_credit_nsa,ALL_HOLDERS,aggregate,all,1990-05-31,M,220.506,fred,2026-09-07T17:18:12Z
revolving_credit_nsa,ALL_HOLDERS,aggregate,all,1990-06-30,M,223.52,fred,2026-09-07T17:18:12Z
revolving_credit_nsa,ALL_HOLDERS,aggregate,all,1990-07-31,M,227.119,fred,2026-09-07T17:18:12Z
revolving_credit_nsa,ALL_HOLDERS,aggregate,all,1990-08-31,M,231.241,fred,2026-09-07T17:18:12Z
revolving_credit_nsa,ALL_HOLDERS,aggregate,all,1990-09-30,M,233.653,fred,2026-09-07T17:18:12Z
revolving_credit_nsa,ALL_HOLDERS,aggregate,all,1990-10-31,M,234.734,fred,2026-09-07T17:18:12Z
revolving_credit_nsa,ALL_HOLDERS,aggregate,all,1990-11-30,M,240.221,fred,2026-09-07T17:18:12Z
revolving_credit_nsa,ALL_HOLDERS,aggregate,all,1990-12-31,M,250.909,fred,2026-09-07T17:18:12Z
revolving_credit_nsa,ALL_HOLDERS,aggregate,all,1991-01-31,M,243.37,fred,2026-09-07T17:18:12Z
revolving_credit_nsa,ALL_HOLDERS,aggregate,all,1991-02-28,M,241.818,fred,2026-09-07T17:18:12Z
revolving_credit_nsa,ALL_HOLDERS,aggregate,all,1991-03-31,M,243.907,fred,2026-09-07T17:18:12Z
revolving_credit_nsa,ALL_HOLDERS,aggregate,all,1991-04-30,M,245.646,fred,2026-09-07T17:18:12Z
revolving_credit_nsa,ALL_HOLDERS,aggregate,all,1991-05-31,M,247.851,fred,2026-09-07T17:18:12Z
revolving_credit_nsa,ALL_HOLDERS,aggregate,all,1991-06-30,M,249.675,fred,2026-09-07T17:18:12Z
revolving_credit_nsa,ALL_HOLDERS,aggregate,all,1991-07-31,M,250.928,fred,2026-09-07T17:18:12Z
revolving_credit_nsa,ALL_HOLDERS,aggregate,all,1991-08-31,M,254.609,fred,2026-09-07T17:18:12Z
revolving_credit_nsa,ALL_HOLDERS,aggregate,all,1991-09-30,M,257.752,fred,2026-09-07T17:18:12Z
revolving_credit_nsa,ALL_HOLDERS,aggregate,all,1991-10-31,M,259.964,fred,2026-09-07T17:18:12Z
revolving_credit_nsa,ALL_HOLDERS,aggregate,all,1991-11-30,M,263.903,fred,2026-09-07T17:18:12Z
revolving_credit_nsa,ALL_HOLDERS,aggregate,all,1991-12-31,M,277.089,fred,2026-09-07T17:18:12Z
revolving_credit_nsa,ALL_HOLDERS,aggregate,all,1992-01-31,M,270.42,fred,2026-09-07T17:18:12Z
revolving_credit_nsa,ALL_HOLDERS,aggregate,all,1992-02-29,M,265.961,fred,2026-09-07T17:18:12Z
revolving_credit_nsa,ALL_HOLDERS,aggregate,all,1992-03-31,M,263.739,fred,2026-09-07T17:18:12Z
revolving_credit_nsa,ALL_HOLDERS,aggregate,all,1992-04-30,M,264.524,fred,2026-09-07T17:18:12Z
revolving_credit_nsa,ALL_HOLDERS,aggregate,all,1992-05-31,M,265.514,fred,2026-09-07T17:18:12Z
revolving_credit_nsa,ALL_HOLDERS,aggregate,all,1992-06-30,M,267.816,fred,2026-09-07T17:18:12Z
revolving_credit_nsa,ALL_HOLDERS,aggregate,all,1992-07-31,M,267.74,fred,2026-09-07T17:18:12Z
revolving_credit_nsa,ALL_HOLDERS,aggregate,all,1992-08-31,M,270.598,fred,2026-09-07T17:18:12Z
revolving_credit_nsa,ALL_HOLDERS,aggregate,all,1992-09-30,M,272.158,fred,2026-09-07T17:18:12Z
revolving_credit_nsa,ALL_HOLDERS,aggregate,all,1992-10-31,M,274,fred,2026-09-07T17:18:12Z
revolving_credit_nsa,ALL_HOLDERS,aggregate,all,1992-11-30,M,276.754,fred,2026-09-07T17:18:12Z
revolving_credit_nsa,ALL_HOLDERS,aggregate,all,1992-12-31,M,292.258,fred,2026-09-07T17:18:12Z
revolving_credit_nsa,ALL_HOLDERS,aggregate,all,1993-01-31,M,286.162,fred,2026-09-07T17:18:12Z
revolving_credit_nsa,ALL_HOLDERS,aggregate,all,1993-02-28,M,283.05,fred,2026-09-07T17:18:12Z
revolving_credit_nsa,ALL_HOLDERS,aggregate,all,1993-03-31,M,281.767,fred,2026-09-07T17:18:12Z
revolving_credit_nsa,ALL_HOLDERS,aggregate,all,1993-04-30,M,283.45,fred,2026-09-07T17:18:12Z
revolving_credit_nsa,ALL_HOLDERS,aggregate,all,1993-05-31,M,285.078,fred,2026-09-07T17:18:12Z
revolving_credit_nsa,ALL_HOLDERS,aggregate,all,1993-06-30,M,286.864,fred,2026-09-07T17:18:12Z
revolving_credit_nsa,ALL_HOLDERS,aggregate,all,1993-07-31,M,290.805,fred,2026-09-07T17:18:12Z
revolving_credit_nsa,ALL_HOLDERS,aggregate,all,1993-08-31,M,294.564,fred,2026-09-07T17:18:12Z
revolving_credit_nsa,ALL_HOLDERS,aggregate,all,1993-09-30,M,298.288,fred,2026-09-07T17:18:12Z
revolving_credit_nsa,ALL_HOLDERS,aggregate,all,1993-10-31,M,300.503,fred,2026-09-07T17:18:12Z
revolving_credit_nsa,ALL_HOLDERS,aggregate,all,1993-11-30,M,308.136,fred,2026-09-07T17:18:12Z
revolving_credit_nsa,ALL_HOLDERS,aggregate,all,1993-12-31,M,325.011,fred,2026-09-07T17:18:12Z
revolving_credit_nsa,ALL_HOLDERS,aggregate,all,1994-01-31,M,318.08,fred,2026-09-07T17:18:12Z
revolving_credit_nsa,ALL_HOLDERS,aggregate,all,1994-02-28,M,314.994,fred,2026-09-07T17:18:12Z
revolving_credit_nsa,ALL_HOLDERS,aggregate,all,1994-03-31,M,316.4,fred,2026-09-07T17:18:12Z
revolving_credit_nsa,ALL_HOLDERS,aggregate,all,1994-04-30,M,321.044,fred,2026-09-07T17:18:12Z
revolving_credit_nsa,ALL_HOLDERS,aggregate,all,1994-05-31,M,325.383,fred,2026-09-07T17:18:12Z
revolving_credit_nsa,ALL_HOLDERS,aggregate,all,1994-06-30,M,331.247,fred,2026-09-07T17:18:12Z
revolving_credit_nsa,ALL_HOLDERS,aggregate,all,1994-07-31,M,335.941,fred,2026-09-07T17:18:12Z
revolving_credit_nsa,ALL_HOLDERS,aggregate,all,1994-08-31,M,345.615,fred,2026-09-07T17:18:12Z
revolving_credit_nsa,ALL_HOLDERS,aggregate,all,1994-09-30,M,348.625,fred,2026-09-07T17:18:12Z
revolving_credit_nsa,ALL_HOLDERS,aggregate,all,1994-10-31,M,351.518,fred,2026-09-07T17:18:12Z
revolving_credit_nsa,ALL_HOLDERS,aggregate,all,1994-11-30,M,364.545,fred,2026-09-07T17:18:12Z
revolving_credit_nsa,ALL_HOLDERS,aggregate,all,1994-12-31,M,383.187,fred,2026-09-07T17:18:12Z
revolving_credit_nsa,ALL_HOLDERS,aggregate,all,1995-01-31,M,378.4,fred,2026-09-07T17:18:12Z
revolving_credit_nsa,ALL_HOLDERS,aggregate,all,1995-02-28,M,377.779,fred,2026-09-07T17:18:12Z
revolving_credit_nsa,ALL_HOLDERS,aggregate,all,1995-03-31,M,381.573,fred,2026-09-07T17:18:12Z
revolving_credit_nsa,ALL_HOLDERS,aggregate,all,1995-04-30,M,385.053,fred,2026-09-07T17:18:12Z
revolving_credit_nsa,ALL_HOLDERS,aggregate,all,1995-05-31,M,393.782,fred,2026-09-07T17:18:12Z
revolving_credit_nsa,ALL_HOLDERS,aggregate,all,1995-06-30,M,401.754,fred,2026-09-07T17:18:12Z
revolving_credit_nsa,ALL_HOLDERS,aggregate,all,1995-07-31,M,404.268,fred,2026-09-07T17:18:12Z
revolving_credit_nsa,ALL_HOLDERS,aggregate,all,1995-08-31,M,415.101,fred,2026-09-07T17:18:12Z
revolving_credit_nsa,ALL_HOLDERS,aggregate,all,1995-09-30,M,427.09,fred,2026-09-07T17:18:12Z
revolving_credit_nsa,ALL_HOLDERS,aggregate,all,1995-10-31,M,431.995,fred,2026-09-07T17:18:12Z
revolving_credit_nsa,ALL_HOLDERS,aggregate,all,1995-11-30,M,439.08711,fred,2026-09-07T17:18:12Z
revolving_credit_nsa,ALL_HOLDERS,aggregate,all,1995-12-31,M,464.94747,fred,2026-09-07T17:18:12Z
revolving_credit_nsa,ALL_HOLDERS,aggregate,all,1996-01-31,M,455.58068,fred,2026-09-07T17:18:12Z
revolving_credit_nsa,ALL_HOLDERS,aggregate,all,1996-02-29,M,454.50066,fred,2026-09-07T17:18:12Z
revolving_credit_nsa,ALL_HOLDERS,aggregate,all,1996-03-31,M,456.18759,fred,2026-09-07T17:18:12Z
revolving_credit_nsa,ALL_HOLDERS,aggregate,all,1996-04-30,M,461.71192,fred,2026-09-07T17:18:12Z
revolving_credit_nsa,ALL_HOLDERS,aggregate,all,1996-05-31,M,467.9398,fred,2026-09-07T17:18:12Z
revolving_credit_nsa,ALL_HOLDERS,aggregate,all,1996-06-30,M,471.72868,fred,2026-09-07T17:18:12Z
revolving_credit_nsa,ALL_HOLDERS,aggregate,all,1996-07-31,M,476.12763,fred,2026-09-07T17:18:12Z
revolving_credit_nsa,ALL_HOLDERS,aggregate,all,1996-08-31,M,482.05218,fred,2026-09-07T17:18:12Z
revolving_credit_nsa,ALL_HOLDERS,aggregate,all,1996-09-30,M,484.73033,fred,2026-09-07T17:18:12Z
revolving_credit_nsa,ALL_HOLDERS,aggregate,all,1996-10-31,M,488.97149,fred,2026-09-07T17:18:12Z
revolving_credit_nsa,ALL_HOLDERS,aggregate,all,1996-11-30,M,499.31217,fred,2026-09-07T17:18:12Z
revolving_credit_nsa,ALL_HOLDERS,aggregate,all,1996-12-31,M,524.41677,fred,2026-09-07T17:18:12Z
revolving_credit_nsa,ALL_HOLDERS,aggregate,all,1997-01-31,M,515.15075,fred,2026-09-07T17:18:12Z
revolving_credit_nsa,ALL_HOLDERS,aggregate,all,1997-02-28,M,510.42334,fred,2026-09-07T17:18:12Z
revolving_credit_nsa,ALL_HOLDERS,aggregate,all,1997-03-31,M,505.69911,fred,2026-09-07T17:18:12Z
revolving_credit_nsa,ALL_HOLDERS,aggregate,all,1997-04-30,M,507.88365,fred,2026-09-07T17:18:12Z
revolving_credit_nsa,ALL_HOLDERS,aggregate,all,1997-05-31,M,511.84016,fred,2026-09-07T17:18:12Z
revolving_credit_nsa,ALL_HOLDERS,aggregate,all,1997-06-30,M,513.92178,fred,2026-09-07T17:18:12Z
revolving_credit_nsa,ALL_HOLDERS,aggregate,all,1997-07-31,M,517.84816,fred,2026-09-07T17:18:12Z
revolving_credit_nsa,ALL_HOLDERS,aggregate,all,1997-08-31,M,523.858,fred,2026-09-07T17:18:12Z
revolving_credit_nsa,ALL_HOLDERS,aggregate,all,1997-09-30,M,527.69619,fred,2026-09-07T17:18:12Z
revolving_credit_nsa,ALL_HOLDERS,aggregate,all,1997-10-31,M,531.07792,fred,2026-09-07T17:18:12Z
revolving_credit_nsa,ALL_HOLDERS,aggregate,all,1997-11-30,M,536.65637,fred,2026-09-07T17:18:12Z
revolving_credit_nsa,ALL_HOLDERS,aggregate,all,1997-12-31,M,555.53287,fred,2026-09-07T17:18:12Z
revolving_credit_nsa,ALL_HOLDERS,aggregate,all,1998-01-31,M,543.79425,fred,2026-09-07T17:18:12Z
revolving_credit_nsa,ALL_HOLDERS,aggregate,all,1998-02-28,M,537.95263,fred,2026-09-07T17:18:12Z
revolving_credit_nsa,ALL_HOLDERS,aggregate,all,1998-03-31,M,535.46698,fred,2026-09-07T17:18:12Z
revolving_credit_nsa,ALL_HOLDERS,aggregate,all,1998-04-30,M,557.2988,fred,2026-09-07T17:18:12Z
revolving_credit_nsa,ALL_HOLDERS,aggregate,all,1998-05-31,M,556.38999,fred,2026-09-07T17:18:12Z
revolving_credit_nsa,ALL_HOLDERS,aggregate,all,1998-06-30,M,559.8894,fred,2026-09-07T17:18:12Z
revolving_credit_nsa,ALL_HOLDERS,aggregate,all,1998-07-31,M,556.60874,fred,2026-09-07T17:18:12Z
revolving_credit_nsa,ALL_HOLDERS,aggregate,all,1998-08-31,M,563.82238,fred,2026-09-07T17:18:12Z
revolving_credit_nsa,ALL_HOLDERS,aggregate,all,1998-09-30,M,567.09707,fred,2026-09-07T17:18:12Z
revolving_credit_nsa,ALL_HOLDERS,aggregate,all,1998-10-31,M,570.76774,fred,2026-09-07T17:18:12Z
revolving_credit_nsa,ALL_HOLDERS,aggregate,all,1998-11-30,M,572.95529,fred,2026-09-07T17:18:12Z
revolving_credit_nsa,ALL_HOLDERS,aggregate,all,1998-12-31,M,597.65955,fred,2026-09-07T17:18:12Z
revolving_credit_nsa,ALL_HOLDERS,aggregate,all,1999-01-31,M,590.30122,fred,2026-09-07T17:18:12Z
revolving_credit_nsa,ALL_HOLDERS,aggregate,all,1999-02-28,M,585.02938,fred,2026-09-07T17:18:12Z
revolving_credit_nsa,ALL_HOLDERS,aggregate,all,1999-03-31,M,579.33639,fred,2026-09-07T17:18:12Z
revolving_credit_nsa,ALL_HOLDERS,aggregate,all,1999-04-30,M,583.39452,fred,2026-09-07T17:18:12Z
revolving_credit_nsa,ALL_HOLDERS,aggregate,all,1999-05-31,M,585.72384,fred,2026-09-07T17:18:12Z
revolving_credit_nsa,ALL_HOLDERS,aggregate,all,1999-06-30,M,593.0095,fred,2026-09-07T17:18:12Z
revolving_credit_nsa,ALL_HOLDERS,aggregate,all,1999-07-31,M,596.53431,fred,2026-09-07T17:18:12Z
revolving_credit_nsa,ALL_HOLDERS,aggregate,all,1999-08-31,M,602.02002,fred,2026-09-07T17:18:12Z
revolving_credit_nsa,ALL_HOLDERS,aggregate,all,1999-09-30,M,604.12923,fred,2026-09-07T17:18:12Z
revolving_credit_nsa,ALL_HOLDERS,aggregate,all,1999-10-31,M,606.25068,fred,2026-09-07T17:18:12Z
revolving_credit_nsa,ALL_HOLDERS,aggregate,all,1999-11-30,M,612.00102,fred,2026-09-07T17:18:12Z
revolving_credit_nsa,ALL_HOLDERS,aggregate,all,1999-12-31,M,627.46727,fred,2026-09-07T17:18:12Z
revolving_credit_nsa,ALL_HOLDERS,aggregate,all,2000-01-31,M,620.44057,fred,2026-09-07T17:18:12Z
revolving_credit_nsa,ALL_HOLDERS,aggregate,all,2000-02-29,M,617.0856,fred,2026-09-07T17:18:12Z
revolving_credit_nsa,ALL_HOLDERS,aggregate,all,2000-03-31,M,616.81249,fred,2026-09-07T17:18:12Z
revolving_credit_nsa,ALL_HOLDERS,aggregate,all,2000-04-30,M,624.00102,fred,2026-09-07T17:18:12Z
revolving_credit_nsa,ALL_HOLDERS,aggregate,all,2000-05-31,M,629.88529,fred,2026-09-07T17:18:12Z
revolving_credit_nsa,ALL_HOLDERS,aggregate,all,2000-06-30,M,636.94885,fred,2026-09-07T17:18:12Z
revolving_credit_nsa,ALL_HOLDERS,aggregate,all,2000-07-31,M,641.38504,fred,2026-09-07T17:18:12Z
revolving_credit_nsa,ALL_HOLDERS,aggregate,all,2000-08-31,M,653.53122,fred,2026-09-07T17:18:12Z
revolving_credit_nsa,ALL_HOLDERS,aggregate,all,2000-09-30,M,657.91148,fred,2026-09-07T17:18:12Z
revolving_credit_nsa,ALL_HOLDERS,aggregate,all,2000-10-31,M,665.61772,fred,2026-09-07T17:18:12Z
revolving_credit_nsa,ALL_HOLDERS,aggregate,all,2000-11-30,M,676.16489,fred,2026-09-07T17:18:12Z
revolving_credit_nsa,ALL_HOLDERS,aggregate,all,2000-12-31,M,702.2467,fred,2026-09-07T17:18:12Z
revolving_credit_nsa,ALL_HOLDERS,aggregate,all,2001-01-31,M,693.22352,fred,2026-09-07T17:18:12Z
revolving_credit_nsa,ALL_HOLDERS,aggregate,all,2001-02-28,M,696.9196,fred,2026-09-07T17:18:12Z
revolving_credit_nsa,ALL_HOLDERS,aggregate,all,2001-03-31,M,694.17314,fred,2026-09-07T17:18:12Z
revolving_credit_nsa,ALL_HOLDERS,aggregate,all,2001-04-30,M,703.64953,fred,2026-09-07T17:18:12Z
revolving_credit_nsa,ALL_HOLDERS,aggregate,all,2001-05-31,M,705.59769,fred,2026-09-07T17:18:12Z
revolving_credit_nsa,ALL_HOLDERS,aggregate,all,2001-06-30,M,709.02918,fred,2026-09-07T17:18:12Z
revolving_credit_nsa,ALL_HOLDERS,aggregate,all,2001-07-31,M,702.48328,fred,2026-09-07T17:18:12Z
revolving_credit_nsa,ALL_HOLDERS,aggregate,all,2001-08-31,M,705.01381,fred,2026-09-07T17:18:12Z
revolving_credit_nsa,ALL_HOLDERS,aggregate,all,2001-09-30,M,705.03291,fred,2026-09-07T17:18:12Z
revolving_credit_nsa,ALL_HOLDERS,aggregate,all,2001-10-31,M,704.29305,fred,2026-09-07T17:18:12Z
revolving_credit_nsa,ALL_HOLDERS,aggregate,all,2001-11-30,M,716.33857,fred,2026-09-07T17:18:12Z
revolving_credit_nsa,ALL_HOLDERS,aggregate,all,2001-12-31,M,735.09341,fred,2026-09-07T17:18:12Z
revolving_credit_nsa,ALL_HOLDERS,aggregate,all,2002-01-31,M,722.13368,fred,2026-09-07T17:18:12Z
revolving_credit_nsa,ALL_HOLDERS,aggregate,all,2002-02-28,M,713.97266,fred,2026-09-07T17:18:12Z
revolving_credit_nsa,ALL_HOLDERS,aggregate,all,2002-03-31,M,711.468,fred,2026-09-07T17:18:12Z
revolving_credit_nsa,ALL_HOLDERS,aggregate,all,2002-04-30,M,720.83407,fred,2026-09-07T17:18:12Z
revolving_credit_nsa,ALL_HOLDERS,aggregate,all,2002-05-31,M,724.085,fred,2026-09-07T17:18:12Z
revolving_credit_nsa,ALL_HOLDERS,aggregate,all,2002-06-30,M,729.21569,fred,2026-09-07T17:18:12Z
revolving_credit_nsa,ALL_HOLDERS,aggregate,all,2002-07-31,M,730.7225,fred,2026-09-07T17:18:12Z
revolving_credit_nsa,ALL_HOLDERS,aggregate,all,2002-08-31,M,738.59402,fred,2026-09-07T17:18:12Z
revolving_credit_nsa,ALL_HOLDERS,aggregate,all,2002-09-30,M,741.40172,fred,2026-09-07T17:18:12Z
revolving_credit_nsa,ALL_HOLDERS,aggregate,all,2002-10-31,M,746.97571,fred,2026-09-07T17:18:12Z
revolving_credit_nsa,ALL_HOLDERS,aggregate,all,2002-11-30,M,753.53765,fred,2026-09-07T17:18:12Z
revolving_credit_nsa,ALL_HOLDERS,aggregate,all,2002-12-31,M,772.12279,fred,2026-09-07T17:18:12Z
revolving_credit_nsa,ALL_HOLDERS,aggregate,all,2003-01-31,M,763.58729,fred,2026-09-07T17:18:12Z
revolving_credit_nsa,ALL_HOLDERS,aggregate,all,2003-02-28,M,758.16784,fred,2026-09-07T17:18:12Z
revolving_credit_nsa,ALL_HOLDERS,aggregate,all,2003-03-31,M,750.64375,fred,2026-09-07T17:18:12Z
revolving_credit_nsa,ALL_HOLDERS,aggregate,all,2003-04-30,M,755.40977,fred,2026-09-07T17:18:12Z
revolving_credit_nsa,ALL_HOLDERS,aggregate,all,2003-05-31,M,758.72646,fred,2026-09-07T17:18:12Z
revolving_credit_nsa,ALL_HOLDERS,aggregate,all,2003-06-30,M,759.3347,fred,2026-09-07T17:18:12Z
revolving_credit_nsa,ALL_HOLDERS,aggregate,all,2003-07-31,M,758.59582,fred,2026-09-07T17:18:12Z
revolving_credit_nsa,ALL_HOLDERS,aggregate,all,2003-08-31,M,764.26556,fred,2026-09-07T17:18:12Z
revolving_credit_nsa,ALL_HOLDERS,aggregate,all,2003-09-30,M,764.70305,fred,2026-09-07T17:18:12Z
revolving_credit_nsa,ALL_HOLDERS,aggregate,all,2003-10-31,M,764.5388,fred,2026-09-07T17:18:12Z
revolving_credit_nsa,ALL_HOLDERS,aggregate,all,2003-11-30,M,768.82085,fred,2026-09-07T17:18:12Z
revolving_credit_nsa,ALL_HOLDERS,aggregate,all,2003-12-31,M,790.38772,fred,2026-09-07T17:18:12Z
revolving_credit_nsa,ALL_HOLDERS,aggregate,all,2004-01-31,M,780.84845,fred,2026-09-07T17:18:12Z
revolving_credit_nsa,ALL_HOLDERS,aggregate,all,2004-02-29,M,772.08333,fred,2026-09-07T17:18:12Z
revolving_credit_nsa,ALL_HOLDERS,aggregate,all,2004-03-31,M,768.59325,fred,2026-09-07T17:18:12Z
revolving_credit_nsa,ALL_HOLDERS,aggregate,all,2004-04-30,M,769.32273,fred,2026-09-07T17:18:12Z
revolving_credit_nsa,ALL_HOLDERS,aggregate,all,2004-05-31,M,772.18843,fred,2026-09-07T17:18:12Z
revolving_credit_nsa,ALL_HOLDERS,aggregate,all,2004-06-30,M,774.31198,fred,2026-09-07T17:18:12Z
revolving_credit_nsa,ALL_HOLDERS,aggregate,all,2004-07-31,M,779.81115,fred,2026-09-07T17:18:12Z
revolving_credit_nsa,ALL_HOLDERS,aggregate,all,2004-08-31,M,784.73508,fred,2026-09-07T17:18:12Z
revolving_credit_nsa,ALL_HOLDERS,aggregate,all,2004-09-30,M,792.72403,fred,2026-09-07T17:18:12Z
revolving_credit_nsa,ALL_HOLDERS,aggregate,all,2004-10-31,M,795.55811,fred,2026-09-07T17:18:12Z
revolving_credit_nsa,ALL_HOLDERS,aggregate,all,2004-11-30,M,802.37359,fred,2026-09-07T17:18:12Z
revolving_credit_nsa,ALL_HOLDERS,aggregate,all,2004-12-31,M,824.42098,fred,2026-09-07T17:18:12Z
revolving_credit_nsa,ALL_HOLDERS,aggregate,all,2005-01-31,M,816.30083,fred,2026-09-07T17:18:12Z
revolving_credit_nsa,ALL_HOLDERS,aggregate,all,2005-02-28,M,803.67947,fred,2026-09-07T17:18:12Z
revolving_credit_nsa,ALL_HOLDERS,aggregate,all,2005-03-31,M,793.89907,fred,2026-09-07T17:18:12Z
revolving_credit_nsa,ALL_HOLDERS,aggregate,all,2005-04-30,M,802.89595,fred,2026-09-07T17:18:12Z
revolving_credit_nsa,ALL_HOLDERS,aggregate,all,2005-05-31,M,801.98262,fred,2026-09-07T17:18:12Z
revolving_credit_nsa,ALL_HOLDERS,aggregate,all,2005-06-30,M,807.87012,fred,2026-09-07T17:18:12Z
revolving_credit_nsa,ALL_HOLDERS,aggregate,all,2005-07-31,M,808.01684,fred,2026-09-07T17:18:12Z
revolving_credit_nsa,ALL_HOLDERS,aggregate,all,2005-08-31,M,816.02316,fred,2026-09-07T17:18:12Z
revolving_credit_nsa,ALL_HOLDERS,aggregate,all,2005-09-30,M,818.69894,fred,2026-09-07T17:18:12Z
revolving_credit_nsa,ALL_HOLDERS,aggregate,all,2005-10-31,M,819.61782,fred,2026-09-07T17:18:12Z
revolving_credit_nsa,ALL_HOLDERS,aggregate,all,2005-11-30,M,833.11095,fred,2026-09-07T17:18:12Z
revolving_credit_nsa,ALL_HOLDERS,aggregate,all,2005-12-31,M,856.68265,fred,2026-09-07T17:18:12Z
revolving_credit_nsa,ALL_HOLDERS,aggregate,all,2006-01-31,M,859.48887,fred,2026-09-07T17:18:12Z
revolving_credit_nsa,ALL_HOLDERS,aggregate,all,2006-02-28,M,850.144,fred,2026-09-07T17:18:12Z
revolving_credit_nsa,ALL_HOLDERS,aggregate,all,2006-03-31,M,841.57808,fred,2026-09-07T17:18:12Z
revolving_credit_nsa,ALL_HOLDERS,aggregate,all,2006-04-30,M,849.1588,fred,2026-09-07T17:18:12Z
revolving_credit_nsa,ALL_HOLDERS,aggregate,all,2006-05-31,M,857.78358,fred,2026-09-07T17:18:12Z
revolving_credit_nsa,ALL_HOLDERS,aggregate,all,2006-06-30,M,859.21588,fred,2026-09-07T17:18:12Z
revolving_credit_nsa,ALL_HOLDERS,aggregate,all,2006-07-31,M,863.01494,fred,2026-09-07T17:18:12Z
revolving_credit_nsa,ALL_HOLDERS,aggregate,all,2006-08-31,M,875.12568,fred,2026-09-07T17:18:12Z
revolving_credit_nsa,ALL_HOLDERS,aggregate,all,2006-09-30,M,876.50367,fred,2026-09-07T17:18:12Z
revolving_credit_nsa,ALL_HOLDERS,aggregate,all,2006-10-31,M,877.81736,fred,2026-09-07T17:18:12Z
revolving_credit_nsa,ALL_HOLDERS,aggregate,all,2006-11-30,M,893.70098,fred,2026-09-07T17:18:12Z
revolving_credit_nsa,ALL_HOLDERS,aggregate,all,2006-12-31,M,923.87678,fred,2026-09-07T17:18:12Z
revolving_credit_nsa,ALL_HOLDERS,aggregate,all,2007-01-31,M,907.8551,fred,2026-09-07T17:18:12Z
revolving_credit_nsa,ALL_HOLDERS,aggregate,all,2007-02-28,M,897.86345,fred,2026-09-07T17:18:12Z
revolving_credit_nsa,ALL_HOLDERS,aggregate,all,2007-03-31,M,892.67332,fred,2026-09-07T17:18:12Z
revolving_credit_nsa,ALL_HOLDERS,aggregate,all,2007-04-30,M,898.63341,fred,2026-09-07T17:18:12Z
revolving_credit_nsa,ALL_HOLDERS,aggregate,all,2007-05-31,M,909.55712,fred,2026-09-07T17:18:12Z
revolving_credit_nsa,ALL_HOLDERS,aggregate,all,2007-06-30,M,916.37403,fred,2026-09-07T17:18:12Z
revolving_credit_nsa,ALL_HOLDERS,aggregate,all,2007-07-31,M,925.02187,fred,2026-09-07T17:18:12Z
revolving_credit_nsa,ALL_HOLDERS,aggregate,all,2007-08-31,M,940.88936,fred,2026-09-07T17:18:12Z
revolving_credit_nsa,ALL_HOLDERS,aggregate,all,2007-09-30,M,946.11502,fred,2026-09-07T17:18:12Z
revolving_credit_nsa,ALL_HOLDERS,aggregate,all,2007-10-31,M,951.30332,fred,2026-09-07T17:18:12Z
revolving_credit_nsa,ALL_HOLDERS,aggregate,all,2007-11-30,M,971.37034,fred,2026-09-07T17:18:12Z
revolving_credit_nsa,ALL_HOLDERS,aggregate,all,2007-12-31,M,1001.6253,fred,2026-09-07T17:18:12Z
revolving_credit_nsa,ALL_HOLDERS,aggregate,all,2008-01-31,M,988.32667,fred,2026-09-07T17:18:12Z
revolving_credit_nsa,ALL_HOLDERS,aggregate,all,2008-02-29,M,979.27449,fred,2026-09-07T17:18:12Z
revolving_credit_nsa,ALL_HOLDERS,aggregate,all,2008-03-31,M,972.52343,fred,2026-09-07T17:18:12Z
revolving_credit_nsa,ALL_HOLDERS,aggregate,all,2008-04-30,M,978.04366,fred,2026-09-07T17:18:12Z
revolving_credit_nsa,ALL_HOLDERS,aggregate,all,2008-05-31,M,979.17009,fred,2026-09-07T17:18:12Z
revolving_credit_nsa,ALL_HOLDERS,aggregate,all,2008-06-30,M,983.25007,fred,2026-09-07T17:18:12Z
revolving_credit_nsa,ALL_HOLDERS,aggregate,all,2008-07-31,M,986.45518,fred,2026-09-07T17:18:12Z
revolving_credit_nsa,ALL_HOLDERS,aggregate,all,2008-08-31,M,990.3005,fred,2026-09-07T17:18:12Z
revolving_credit_nsa,ALL_HOLDERS,aggregate,all,2008-09-30,M,983.02826,fred,2026-09-07T17:18:12Z
revolving_credit_nsa,ALL_HOLDERS,aggregate,all,2008-10-31,M,985.12152,fred,2026-09-07T17:18:12Z
revolving_credit_nsa,ALL_HOLDERS,aggregate,all,2008-11-30,M,987.21251,fred,2026-09-07T17:18:12Z
revolving_credit_nsa,ALL_HOLDERS,aggregate,all,2008-12-31,M,1003.99704,fred,2026-09-07T17:18:12Z
revolving_credit_nsa,ALL_HOLDERS,aggregate,all,2009-01-31,M,986.56769,fred,2026-09-07T17:18:12Z
revolving_credit_nsa,ALL_HOLDERS,aggregate,all,2009-02-28,M,961.51987,fred,2026-09-07T17:18:12Z
revolving_credit_nsa,ALL_HOLDERS,aggregate,all,2009-03-31,M,940.32317,fred,2026-09-07T17:18:12Z
revolving_credit_nsa,ALL_HOLDERS,aggregate,all,2009-04-30,M,938.25493,fred,2026-09-07T17:18:12Z
revolving_credit_nsa,ALL_HOLDERS,aggregate,all,2009-05-31,M,927.70526,fred,2026-09-07T17:18:12Z
revolving_credit_nsa,ALL_HOLDERS,aggregate,all,2009-06-30,M,927.38276,fred,2026-09-07T17:18:12Z
revolving_credit_nsa,ALL_HOLDERS,aggregate,all,2009-07-31,M,927.12622,fred,2026-09-07T17:18:12Z
revolving_credit_nsa,ALL_HOLDERS,aggregate,all,2009-08-31,M,923.23042,fred,2026-09-07T17:18:12Z
revolving_credit_nsa,ALL_HOLDERS,aggregate,all,2009-09-30,M,916.47333,fred,2026-09-07T17:18:12Z
revolving_credit_nsa,ALL_HOLDERS,aggregate,all,2009-10-31,M,907.10181,fred,2026-09-07T17:18:12Z
revolving_credit_nsa,ALL_HOLDERS,aggregate,all,2009-11-30,M,901.26451,fred,2026-09-07T17:18:12Z
revolving_credit_nsa,ALL_HOLDERS,aggregate,all,2009-12-31,M,916.07663,fred,2026-09-07T17:18:12Z
revolving_credit_nsa,ALL_HOLDERS,aggregate,all,2010-01-31,M,889.18166,fred,2026-09-07T17:18:12Z
revolving_credit_nsa,ALL_HOLDERS,aggregate,all,2010-02-28,M,866.06027,fred,2026-09-07T17:18:12Z
revolving_credit_nsa,ALL_HOLDERS,aggregate,all,2010-03-31,M,854.33509,fred,2026-09-07T17:18:12Z
revolving_credit_nsa,ALL_HOLDERS,aggregate,all,2010-04-30,M,852.07439,fred,2026-09-07T17:18:12Z
revolving_credit_nsa,ALL_HOLDERS,aggregate,all,2010-05-31,M,845.41159,fred,2026-09-07T17:18:12Z
revolving_credit_nsa,ALL_HOLDERS,aggregate,all,2010-06-30,M,841.08924,fred,2026-09-07T17:18:12Z
revolving_credit_nsa,ALL_HOLDERS,aggregate,all,2010-07-31,M,838.18561,fred,2026-09-07T17:18:12Z
revolving_credit_nsa,ALL_HOLDERS,aggregate,all,2010-08-31,M,837.55461,fred,2026-09-07T17:18:12Z
revolving_credit_nsa,ALL_HOLDERS,aggregate,all,2010-09-30,M,828.95458,fred,2026-09-07T17:18:12Z
revolving_credit_nsa,ALL_HOLDERS,aggregate,all,2010-10-31,M,821.53511,fred,2026-09-07T17:18:12Z
revolving_credit_nsa,ALL_HOLDERS,aggregate,all,2010-11-30,M,826.7332,fred,2026-09-07T17:18:12Z
revolving_credit_nsa,ALL_HOLDERS,aggregate,all,2010-12-31,M,839.10267,fred,2026-09-07T17:18:12Z
revolving_credit_nsa,ALL_HOLDERS,aggregate,all,2011-01-31,M,815.11316,fred,2026-09-07T17:18:12Z
revolving_credit_nsa,ALL_HOLDERS,aggregate,all,2011-02-28,M,797.29023,fred,2026-09-07T17:18:12Z
revolving_credit_nsa,ALL_HOLDERS,aggregate,all,2011-03-31,M,791.78168,fred,2026-09-07T17:18:12Z
revolving_credit_nsa,ALL_HOLDERS,aggregate,all,2011-04-30,M,789.72673,fred,2026-09-07T17:18:12Z
revolving_credit_nsa,ALL_HOLDERS,aggregate,all,2011-05-31,M,795.36716,fred,2026-09-07T17:18:12Z
revolving_credit_nsa,ALL_HOLDERS,aggregate,all,2011-06-30,M,800.15625,fred,2026-09-07T17:18:12Z
revolving_credit_nsa,ALL_HOLDERS,aggregate,all,2011-07-31,M,801.45659,fred,2026-09-07T17:18:12Z
revolving_credit_nsa,ALL_HOLDERS,aggregate,all,2011-08-31,M,806.96157,fred,2026-09-07T17:18:12Z
revolving_credit_nsa,ALL_HOLDERS,aggregate,all,2011-09-30,M,805.08369,fred,2026-09-07T17:18:12Z
revolving_credit_nsa,ALL_HOLDERS,aggregate,all,2011-10-31,M,804.50514,fred,2026-09-07T17:18:12Z
revolving_credit_nsa,ALL_HOLDERS,aggregate,all,2011-11-30,M,817.61792,fred,2026-09-07T17:18:12Z
revolving_credit_nsa,ALL_HOLDERS,aggregate,all,2011-12-31,M,840.16423,fred,2026-09-07T17:18:12Z
revolving_credit_nsa,ALL_HOLDERS,aggregate,all,2012-01-31,M,819.5638,fred,2026-09-07T17:18:12Z
revolving_credit_nsa,ALL_HOLDERS,aggregate,all,2012-02-29,M,803.98046,fred,2026-09-07T17:18:12Z
revolving_credit_nsa,ALL_HOLDERS,aggregate,all,2012-03-31,M,796.25331,fred,2026-09-07T17:18:12Z
revolving_credit_nsa,ALL_HOLDERS,aggregate,all,2012-04-30,M,794.43711,fred,2026-09-07T17:18:12Z
revolving_credit_nsa,ALL_HOLDERS,aggregate,all,2012-05-31,M,803.6255,fred,2026-09-07T17:18:12Z
revolving_credit_nsa,ALL_HOLDERS,aggregate,all,2012-06-30,M,802.31703,fred,2026-09-07T17:18:12Z
revolving_credit_nsa,ALL_HOLDERS,aggregate,all,2012-07-31,M,802.07432,fred,2026-09-07T17:18:12Z
revolving_credit_nsa,ALL_HOLDERS,aggregate,all,2012-08-31,M,812.16985,fred,2026-09-07T17:18:12Z
revolving_credit_nsa,ALL_HOLDERS,aggregate,all,2012-09-30,M,807.89464,fred,2026-09-07T17:18:12Z
revolving_credit_nsa,ALL_HOLDERS,aggregate,all,2012-10-31,M,810.22114,fred,2026-09-07T17:18:12Z
revolving_credit_nsa,ALL_HOLDERS,aggregate,all,2012-11-30,M,820.29616,fred,2026-09-07T17:18:12Z
revolving_credit_nsa,ALL_HOLDERS,aggregate,all,2012-12-31,M,839.98084,fred,2026-09-07T17:18:12Z
revolving_credit_nsa,ALL_HOLDERS,aggregate,all,2013-01-31,M,822.35007,fred,2026-09-07T17:18:12Z
revolving_credit_nsa,ALL_HOLDERS,aggregate,all,2013-02-28,M,807.44803,fred,2026-09-07T17:18:12Z
revolving_credit_nsa,ALL_HOLDERS,aggregate,all,2013-03-31,M,799.28104,fred,2026-09-07T17:18:12Z
revolving_credit_nsa,ALL_HOLDERS,aggregate,all,2013-04-30,M,802.17691,fred,2026-09-07T17:18:12Z
revolving_credit_nsa,ALL_HOLDERS,aggregate,all,2013-05-31,M,812.02415,fred,2026-09-07T17:18:12Z
revolving_credit_nsa,ALL_HOLDERS,aggregate,all,2013-06-30,M,812.59857,fred,2026-09-07T17:18:12Z
revolving_credit_nsa,ALL_HOLDERS,aggregate,all,2013-07-31,M,814.29078,fred,2026-09-07T17:18:12Z
revolving_credit_nsa,ALL_HOLDERS,aggregate,all,2013-08-31,M,820.82591,fred,2026-09-07T17:18:12Z
revolving_credit_nsa,ALL_HOLDERS,aggregate,all,2013-09-30,M,817.78497,fred,2026-09-07T17:18:12Z
revolving_credit_nsa,ALL_HOLDERS,aggregate,all,2013-10-31,M,820.99738,fred,2026-09-07T17:18:12Z
revolving_credit_nsa,ALL_HOLDERS,aggregate,all,2013-11-30,M,827.57906,fred,2026-09-07T17:18:12Z
revolving_credit_nsa,ALL_HOLDERS,aggregate,all,2013-12-31,M,854.1388,fred,2026-09-07T17:18:12Z
revolving_credit_nsa,ALL_HOLDERS,aggregate,all,2014-01-31,M,835.92196,fred,2026-09-07T17:18:12Z
revolving_credit_nsa,ALL_HOLDERS,aggregate,all,2014-02-28,M,819.48121,fred,2026-09-07T17:18:12Z
revolving_credit_nsa,ALL_HOLDERS,aggregate,all,2014-03-31,M,814.29719,fred,2026-09-07T17:18:12Z
revolving_credit_nsa,ALL_HOLDERS,aggregate,all,2014-04-30,M,824.7375,fred,2026-09-07T17:18:12Z
revolving_credit_nsa,ALL_HOLDERS,aggregate,all,2014-05-31,M,833.80069,fred,2026-09-07T17:18:12Z
revolving_credit_nsa,ALL_HOLDERS,aggregate,all,2014-06-30,M,836.1313,fred,2026-09-07T17:18:12Z
revolving_credit_nsa,ALL_HOLDERS,aggregate,all,2014-07-31,M,842.57338,fred,2026-09-07T17:18:12Z
revolving_credit_nsa,ALL_HOLDERS,aggregate,all,2014-08-31,M,849.52868,fred,2026-09-07T17:18:12Z
revolving_credit_nsa,ALL_HOLDERS,aggregate,all,2014-09-30,M,846.72683,fred,2026-09-07T17:18:12Z
revolving_credit_nsa,ALL_HOLDERS,aggregate,all,2014-10-31,M,849.06371,fred,2026-09-07T17:18:12Z
revolving_credit_nsa,ALL_HOLDERS,aggregate,all,2014-11-30,M,858.37483,fred,2026-09-07T17:18:12Z
revolving_credit_nsa,ALL_HOLDERS,aggregate,all,2014-12-31,M,887.38164,fred,2026-09-07T17:18:12Z
revolving_credit_nsa,ALL_HOLDERS,aggregate,all,2015-01-31,M,855.10974,fred,2026-09-07T17:18:12Z
revolving_credit_nsa,ALL_HOLDERS,aggregate,all,2015-02-28,M,836.15808,fred,2026-09-07T17:18:12Z
revolving_credit_nsa,ALL_HOLDERS,aggregate,all,2015-03-31,M,835.87109,fred,2026-09-07T17:18:12Z
revolving_credit_nsa,ALL_HOLDERS,aggregate,all,2015-04-30,M,845.82017,fred,2026-09-07T17:18:12Z
revolving_credit_nsa,ALL_HOLDERS,aggregate,all,2015-05-31,M,854.48554,fred,2026-09-07T17:18:12Z
revolving_credit_nsa,ALL_HOLDERS,aggregate,all,2015-06-30,M,862.61818,fred,2026-09-07T17:18:12Z
revolving_credit_nsa,ALL_HOLDERS,aggregate,all,2015-07-31,M,867.86113,fred,2026-09-07T17:18:12Z
revolving_credit_nsa,ALL_HOLDERS,aggregate,all,2015-08-31,M,876.90986,fred,2026-09-07T17:18:12Z
revolving_credit_nsa,ALL_HOLDERS,aggregate,all,2015-09-30,M,879.60023,fred,2026-09-07T17:18:12Z
revolving_credit_nsa,ALL_HOLDERS,aggregate,all,2015-10-31,M,882.08958,fred,2026-09-07T17:18:12Z
revolving_credit_nsa,ALL_HOLDERS,aggregate,all,2015-11-30,M,896.83868,fred,2026-09-07T17:18:12Z
revolving_credit_nsa,ALL_HOLDERS,aggregate,all,2015-12-31,M,898.08265,fred,2026-09-07T17:18:12Z
revolving_credit_nsa,ALL_HOLDERS,aggregate,all,2016-01-31,M,877.82256,fred,2026-09-07T17:18:12Z
revolving_credit_nsa,ALL_HOLDERS,aggregate,all,2016-02-29,M,859.21097,fred,2026-09-07T17:18:12Z
revolving_credit_nsa,ALL_HOLDERS,aggregate,all,2016-03-31,M,863.9804,fred,2026-09-07T17:18:12Z
revolving_credit_nsa,ALL_HOLDERS,aggregate,all,2016-04-30,M,871.10859,fred,2026-09-07T17:18:12Z
revolving_credit_nsa,ALL_HOLDERS,aggregate,all,2016-05-31,M,881.56522,fred,2026-09-07T17:18:12Z
revolving_credit_nsa,ALL_HOLDERS,aggregate,all,2016-06-30,M,892.02021,fred,2026-09-07T17:18:12Z
revolving_credit_nsa,ALL_HOLDERS,aggregate,all,2016-07-31,M,896.81305,fred,2026-09-07T17:18:12Z
revolving_credit_nsa,ALL_HOLDERS,aggregate,all,2016-08-31,M,907.71398,fred,2026-09-07T17:18:12Z
revolving_credit_nsa,ALL_HOLDERS,aggregate,all,2016-09-30,M,907.98226,fred,2026-09-07T17:18:12Z
revolving_credit_nsa,ALL_HOLDERS,aggregate,all,2016-10-31,M,910.68668,fred,2026-09-07T17:18:12Z
revolving_credit_nsa,ALL_HOLDERS,aggregate,all,2016-11-30,M,933.79312,fred,2026-09-07T17:18:12Z
revolving_credit_nsa,ALL_HOLDERS,aggregate,all,2016-12-31,M,960.09549,fred,2026-09-07T17:18:12Z
revolving_credit_nsa,ALL_HOLDERS,aggregate,all,2017-01-31,M,937.61725,fred,2026-09-07T17:18:12Z
revolving_credit_nsa,ALL_HOLDERS,aggregate,all,2017-02-28,M,921.2084,fred,2026-09-07T17:18:12Z
revolving_credit_nsa,ALL_HOLDERS,aggregate,all,2017-03-31,M,917.88854,fred,2026-09-07T17:18:12Z
revolving_credit_nsa,ALL_HOLDERS,aggregate,all,2017-04-30,M,922.64951,fred,2026-09-07T17:18:12Z
revolving_credit_nsa,ALL_HOLDERS,aggregate,all,2017-05-31,M,935.91358,fred,2026-09-07T17:18:12Z
revolving_credit_nsa,ALL_HOLDERS,aggregate,all,2017-06-30,M,942.54099,fred,2026-09-07T17:18:12Z
revolving_credit_nsa,ALL_HOLDERS,aggregate,all,2017-07-31,M,944.7584,fred,2026-09-07T17:18:12Z
revolving_credit_nsa,ALL_HOLDERS,aggregate,all,2017-08-31,M,955.19198,fred,2026-09-07T17:18:12Z
revolving_credit_nsa,ALL_HOLDERS,aggregate,all,2017-09-30,M,956.9955,fred,2026-09-07T17:18:12Z
revolving_credit_nsa,ALL_HOLDERS,aggregate,all,2017-10-31,M,967.70044,fred,2026-09-07T17:18:12Z
revolving_credit_nsa,ALL_HOLDERS,aggregate,all,2017-11-30,M,992.23461,fred,2026-09-07T17:18:12Z
revolving_credit_nsa,ALL_HOLDERS,aggregate,all,2017-12-31,M,1016.8066,fred,2026-09-07T17:18:12Z
revolving_credit_nsa,ALL_HOLDERS,aggregate,all,2018-01-31,M,996.08375,fred,2026-09-07T17:18:12Z
revolving_credit_nsa,ALL_HOLDERS,aggregate,all,2018-02-28,M,976.90994,fred,2026-09-07T17:18:12Z
revolving_credit_nsa,ALL_HOLDERS,aggregate,all,2018-03-31,M,971.48434,fred,2026-09-07T17:18:12Z
revolving_credit_nsa,ALL_HOLDERS,aggregate,all,2018-04-30,M,969.52687,fred,2026-09-07T17:18:12Z
revolving_credit_nsa,ALL_HOLDERS,aggregate,all,2018-05-31,M,983.16597,fred,2026-09-07T17:18:12Z
revolving_credit_nsa,ALL_HOLDERS,aggregate,all,2018-06-30,M,983.66029,fred,2026-09-07T17:18:12Z
revolving_credit_nsa,ALL_HOLDERS,aggregate,all,2018-07-31,M,993.44591,fred,2026-09-07T17:18:12Z
revolving_credit_nsa,ALL_HOLDERS,aggregate,all,2018-08-31,M,1005.43711,fred,2026-09-07T17:18:12Z
revolving_credit_nsa,ALL_HOLDERS,aggregate,all,2018-09-30,M,1003.37778,fred,2026-09-07T17:18:12Z
revolving_credit_nsa,ALL_HOLDERS,aggregate,all,2018-10-31,M,1012.40423,fred,2026-09-07T17:18:12Z
revolving_credit_nsa,ALL_HOLDERS,aggregate,all,2018-11-30,M,1033.23519,fred,2026-09-07T17:18:12Z
revolving_credit_nsa,ALL_HOLDERS,aggregate,all,2018-12-31,M,1053.84744,fred,2026-09-07T17:18:12Z
revolving_credit_nsa,ALL_HOLDERS,aggregate,all,2019-01-31,M,1032.93849,fred,2026-09-07T17:18:12Z
revolving_credit_nsa,ALL_HOLDERS,aggregate,all,2019-02-28,M,1014.6211,fred,2026-09-07T17:18:12Z
revolving_credit_nsa,ALL_HOLDERS,aggregate,all,2019-03-31,M,1005.24234,fred,2026-09-07T17:18:12Z
revolving_credit_nsa,ALL_HOLDERS,aggregate,all,2019-04-30,M,1013.72935,fred,2026-09-07T17:18:12Z
revolving_credit_nsa,ALL_HOLDERS,aggregate,all,2019-05-31,M,1028.78844,fred,2026-09-07T17:18:12Z
revolving_credit_nsa,ALL_HOLDERS,aggregate,all,2019-06-30,M,1030.62479,fred,2026-09-07T17:18:12Z
revolving_credit_nsa,ALL_HOLDERS,aggregate,all,2019-07-31,M,1041.48179,fred,2026-09-07T17:18:12Z
revolving_credit_nsa,ALL_HOLDERS,aggregate,all,2019-08-31,M,1048.02408,fred,2026-09-07T17:18:12Z
revolving_credit_nsa,ALL_HOLDERS,aggregate,all,2019-09-30,M,1044.05623,fred,2026-09-07T17:18:12Z
revolving_credit_nsa,ALL_HOLDERS,aggregate,all,2019-10-31,M,1049.61765,fred,2026-09-07T17:18:12Z
revolving_credit_nsa,ALL_HOLDERS,aggregate,all,2019-11-30,M,1058.88133,fred,2026-09-07T17:18:12Z
revolving_credit_nsa,ALL_HOLDERS,aggregate,all,2019-12-31,M,1091.98888,fred,2026-09-07T17:18:12Z
revolving_credit_nsa,ALL_HOLDERS,aggregate,all,2020-01-31,M,1046.3076,fred,2026-09-07T17:18:12Z
revolving_credit_nsa,ALL_HOLDERS,aggregate,all,2020-02-29,M,1031.5401,fred,2026-09-07T17:18:12Z
revolving_credit_nsa,ALL_HOLDERS,aggregate,all,2020-03-31,M,1003.14361,fred,2026-09-07T17:18:12Z
revolving_credit_nsa,ALL_HOLDERS,aggregate,all,2020-04-30,M,948.22723,fred,2026-09-07T17:18:12Z
revolving_credit_nsa,ALL_HOLDERS,aggregate,all,2020-05-31,M,935.55344,fred,2026-09-07T17:18:12Z
revolving_credit_nsa,ALL_HOLDERS,aggregate,all,2020-06-30,M,933.60198,fred,2026-09-07T17:18:12Z
revolving_credit_nsa,ALL_HOLDERS,aggregate,all,2020-07-31,M,931.11569,fred,2026-09-07T17:18:12Z
revolving_credit_nsa,ALL_HOLDERS,aggregate,all,2020-08-31,M,926.36694,fred,2026-09-07T17:18:12Z
revolving_credit_nsa,ALL_HOLDERS,aggregate,all,2020-09-30,M,924.63179,fred,2026-09-07T17:18:12Z
revolving_credit_nsa,ALL_HOLDERS,aggregate,all,2020-10-31,M,923.04686,fred,2026-09-07T17:18:12Z
revolving_credit_nsa,ALL_HOLDERS,aggregate,all,2020-11-30,M,935.48779,fred,2026-09-07T17:18:12Z
revolving_credit_nsa,ALL_HOLDERS,aggregate,all,2020-12-31,M,954.60343,fred,2026-09-07T17:18:12Z
revolving_credit_nsa,ALL_HOLDERS,aggregate,all,2021-01-31,M,920.02726,fred,2026-09-07T17:18:12Z
revolving_credit_nsa,ALL_HOLDERS,aggregate,all,2021-02-28,M,903.96354,fred,2026-09-07T17:18:12Z
revolving_credit_nsa,ALL_HOLDERS,aggregate,all,2021-03-31,M,892.27796,fred,2026-09-07T17:18:12Z
revolving_credit_nsa,ALL_HOLDERS,aggregate,all,2021-04-30,M,894.60704,fred,2026-09-07T17:18:12Z
revolving_credit_nsa,ALL_HOLDERS,aggregate,all,2021-05-31,M,914.9318,fred,2026-09-07T17:18:12Z
revolving_credit_nsa,ALL_HOLDERS,aggregate,all,2021-06-30,M,945.69915,fred,2026-09-07T17:18:12Z
revolving_credit_nsa,ALL_HOLDERS,aggregate,all,2021-07-31,M,950.92823,fred,2026-09-07T17:18:12Z
revolving_credit_nsa,ALL_HOLDERS,aggregate,all,2021-08-31,M,959.52642,fred,2026-09-07T17:18:12Z
revolving_credit_nsa,ALL_HOLDERS,aggregate,all,2021-09-30,M,965.27457,fred,2026-09-07T17:18:12Z
revolving_credit_nsa,ALL_HOLDERS,aggregate,all,2021-10-31,M,974.71644,fred,2026-09-07T17:18:12Z
revolving_credit_nsa,ALL_HOLDERS,aggregate,all,2021-11-30,M,1008.14164,fred,2026-09-07T17:18:12Z
revolving_credit_nsa,ALL_HOLDERS,aggregate,all,2021-12-31,M,1033.54693,fred,2026-09-07T17:18:12Z
revolving_credit_nsa,ALL_HOLDERS,aggregate,all,2022-01-31,M,1010.46248,fred,2026-09-07T17:18:12Z
revolving_credit_nsa,ALL_HOLDERS,aggregate,all,2022-02-28,M,1002.05244,fred,2026-09-07T17:18:12Z
revolving_credit_nsa,ALL_HOLDERS,aggregate,all,2022-03-31,M,1016.80093,fred,2026-09-07T17:18:12Z
revolving_credit_nsa,ALL_HOLDERS,aggregate,all,2022-04-30,M,1032.85015,fred,2026-09-07T17:18:12Z
revolving_credit_nsa,ALL_HOLDERS,aggregate,all,2022-05-31,M,1054.18651,fred,2026-09-07T17:18:12Z
revolving_credit_nsa,ALL_HOLDERS,aggregate,all,2022-06-30,M,1079.31203,fred,2026-09-07T17:18:12Z
revolving_credit_nsa,ALL_HOLDERS,aggregate,all,2022-07-31,M,1090.24593,fred,2026-09-07T17:18:12Z
revolving_credit_nsa,ALL_HOLDERS,aggregate,all,2022-08-31,M,1110.1021,fred,2026-09-07T17:18:12Z
revolving_credit_nsa,ALL_HOLDERS,aggregate,all,2022-09-30,M,1113.94353,fred,2026-09-07T17:18:12Z
revolving_credit_nsa,ALL_HOLDERS,aggregate,all,2022-10-31,M,1127.26141,fred,2026-09-07T17:18:12Z
revolving_credit_nsa,ALL_HOLDERS,aggregate,all,2022-11-30,M,1164.46465,fred,2026-09-07T17:18:12Z
revolving_credit_nsa,ALL_HOLDERS,aggregate,all,2022-12-31,M,1192.6397,fred,2026-09-07T17:18:12Z
revolving_credit_nsa,ALL_HOLDERS,aggregate,all,2023-01-31,M,1166.99,fred,2026-09-07T17:18:12Z
revolving_credit_nsa,ALL_HOLDERS,aggregate,all,2023-02-28,M,1151.53079,fred,2026-09-07T17:18:12Z
revolving_credit_nsa,ALL_HOLDERS,aggregate,all,2023-03-31,M,1160.03165,fred,2026-09-07T17:18:12Z
revolving_credit_nsa,ALL_HOLDERS,aggregate,all,2023-04-30,M,1173.96443,fred,2026-09-07T17:18:12Z
revolving_credit_nsa,ALL_HOLDERS,aggregate,all,2023-05-31,M,1194.13422,fred,2026-09-07T17:18:12Z
revolving_credit_nsa,ALL_HOLDERS,aggregate,all,2023-06-30,M,1205.0672,fred,2026-09-07T17:18:12Z
revolving_credit_nsa,ALL_HOLDERS,aggregate,all,2023-07-31,M,1215.46221,fred,2026-09-07T17:18:12Z
revolving_credit_nsa,ALL_HOLDERS,aggregate,all,2023-08-31,M,1236.07219,fred,2026-09-07T17:18:12Z
revolving_credit_nsa,ALL_HOLDERS,aggregate,all,2023-09-30,M,1234.66936,fred,2026-09-07T17:18:12Z
revolving_credit_nsa,ALL_HOLDERS,aggregate,all,2023-10-31,M,1241.19685,fred,2026-09-07T17:18:12Z
revolving_credit_nsa,ALL_HOLDERS,aggregate,all,2023-11-30,M,1280.58723,fred,2026-09-07T17:18:12Z
revolving_credit_nsa,ALL_HOLDERS,aggregate,all,2023-12-31,M,1298.86594,fred,2026-09-07T17:18:12Z
revolving_credit_nsa,ALL_HOLDERS,aggregate,all,2024-01-31,M,1275.7439,fred,2026-09-07T17:18:12Z
revolving_credit_nsa,ALL_HOLDERS,aggregate,all,2024-02-29,M,1265.95507,fred,2026-09-07T17:18:12Z
revolving_credit_nsa,ALL_HOLDERS,aggregate,all,2024-03-31,M,1259.72158,fred,2026-09-07T17:18:12Z
revolving_credit_nsa,ALL_HOLDERS,aggregate,all,2024-04-30,M,1264.34909,fred,2026-09-07T17:18:12Z
revolving_credit_nsa,ALL_HOLDERS,aggregate,all,2024-05-31,M,1283.83075,fred,2026-09-07T17:18:12Z
revolving_credit_nsa,ALL_HOLDERS,aggregate,all,2024-06-30,M,1286.62725,fred,2026-09-07T17:18:12Z
revolving_credit_nsa,ALL_HOLDERS,aggregate,all,2024-07-31,M,1296.77003,fred,2026-09-07T17:18:12Z
revolving_credit_nsa,ALL_HOLDERS,aggregate,all,2024-08-31,M,1303.77626,fred,2026-09-07T17:18:12Z
revolving_credit_nsa,ALL_HOLDERS,aggregate,all,2024-09-30,M,1298.03328,fred,2026-09-07T17:18:12Z
revolving_credit_nsa,ALL_HOLDERS,aggregate,all,2024-10-31,M,1310.772,fred,2026-09-07T17:18:12Z
revolving_credit_nsa,ALL_HOLDERS,aggregate,all,2024-11-30,M,1319.58282,fred,2026-09-07T17:18:12Z
revolving_credit_nsa,ALL_HOLDERS,aggregate,all,2024-12-31,M,1296.96562,fred,2026-09-07T17:18:12Z
revolving_credit_nsa,ALL_HOLDERS,aggregate,all,2025-01-31,M,1269.91717,fred,2026-09-07T17:18:12Z
revolving_credit_nsa,ALL_HOLDERS,aggregate,all,2025-02-28,M,1251.18898,fred,2026-09-07T17:18:12Z
revolving_credit_nsa,ALL_HOLDERS,aggregate,all,2025-03-31,M,1232.03915,fred,2026-09-07T17:18:12Z
revolving_credit_nsa,ALL_HOLDERS,aggregate,all,2025-04-30,M,1241.24438,fred,2026-09-07T17:18:12Z
revolving_credit_nsa,ALL_HOLDERS,aggregate,all,2025-05-31,M,1252.89386,fred,2026-09-07T17:18:12Z
revolving_credit_nsa,ALL_HOLDERS,aggregate,all,2025-06-30,M,1256.29973,fred,2026-09-07T17:18:12Z
revolving_credit_nsa,ALL_HOLDERS,aggregate,all,2025-07-31,M,1269.20701,fred,2026-09-07T17:18:12Z
revolving_credit_nsa,ALL_HOLDERS,aggregate,all,2025-08-31,M,1271.12556,fred,2026-09-07T17:18:12Z
revolving_credit_nsa,ALL_HOLDERS,aggregate,all,2025-09-30,M,1267.41284,fred,2026-09-07T17:18:12Z
revolving_credit_nsa,ALL_HOLDERS,aggregate,all,2025-10-31,M,1275.19505,fred,2026-09-07T17:18:12Z
revolving_credit_nsa,ALL_HOLDERS,aggregate,all,2025-11-30,M,1292.55588,fred,2026-09-07T17:18:12Z
revolving_credit_nsa,ALL_HOLDERS,aggregate,all,2025-12-31,M,1324.32234,fred,2026-09-07T17:18:12Z
revolving_credit_nsa,ALL_HOLDERS,aggregate,all,2026-01-31,M,1294.06509,fred,2026-09-07T17:18:12Z
revolving_credit_nsa,ALL_HOLDERS,aggregate,all,2026-02-28,M,1274.21347,fred,2026-09-07T17:18:12Z
revolving_credit_nsa,ALL_HOLDERS,aggregate,all,2026-03-31,M,1277.19594,fred,2026-09-07T17:18:12Z
revolving_credit_nsa,ALL_HOLDERS,aggregate,all,2026-04-30,M,1291.46331,fred,2026-09-07T17:18:12Z
revolving_credit_nsa,ALL_HOLDERS,aggregate,all,2026-05-31,M,1296.99778,fred,2026-09-07T17:18:12Z
revolving_credit_nsa,ALL_HOLDERS,aggregate,all,2026-06-30,M,1305.6267,fred,2026-09-07T17:18:12Z
revolving_credit_sa,ALL_HOLDERS,aggregate,all,1968-01-31,M,1.31677,fred,2026-09-07T17:18:12Z
revolving_credit_sa,ALL_HOLDERS,aggregate,all,1968-02-29,M,1.35878,fred,2026-09-07T17:18:12Z
revolving_credit_sa,ALL_HOLDERS,aggregate,all,1968-03-31,M,1.41275,fred,2026-09-07T17:18:12Z
revolving_credit_sa,ALL_HOLDERS,aggregate,all,1968-04-30,M,1.47766,fred,2026-09-07T17:18:12Z
revolving_credit_sa,ALL_HOLDERS,aggregate,all,1968-05-31,M,1.53842,fred,2026-09-07T17:18:12Z
revolving_credit_sa,ALL_HOLDERS,aggregate,all,1968-06-30,M,1.61448,fred,2026-09-07T17:18:12Z
revolving_credit_sa,ALL_HOLDERS,aggregate,all,1968-07-31,M,1.68567,fred,2026-09-07T17:18:12Z
revolving_credit_sa,ALL_HOLDERS,aggregate,all,1968-08-31,M,1.76911,fred,2026-09-07T17:18:12Z
revolving_credit_sa,ALL_HOLDERS,aggregate,all,1968-09-30,M,1.83973,fred,2026-09-07T17:18:12Z
revolving_credit_sa,ALL_HOLDERS,aggregate,all,1968-10-31,M,1.95513,fred,2026-09-07T17:18:12Z
revolving_credit_sa,ALL_HOLDERS,aggregate,all,1968-11-30,M,1.99721,fred,2026-09-07T17:18:12Z
revolving_credit_sa,ALL_HOLDERS,aggregate,all,1968-12-31,M,2.04154,fred,2026-09-07T17:18:12Z
revolving_credit_sa,ALL_HOLDERS,aggregate,all,1969-01-31,M,2.13751,fred,2026-09-07T17:18:12Z
revolving_credit_sa,ALL_HOLDERS,aggregate,all,1969-02-28,M,2.21634,fred,2026-09-07T17:18:12Z
revolving_credit_sa,ALL_HOLDERS,aggregate,all,1969-03-31,M,2.3077,fred,2026-09-07T17:18:12Z
revolving_credit_sa,ALL_HOLDERS,aggregate,all,1969-04-30,M,2.43857,fred,2026-09-07T17:18:12Z
revolving_credit_sa,ALL_HOLDERS,aggregate,all,1969-05-31,M,2.59369,fred,2026-09-07T17:18:12Z
revolving_credit_sa,ALL_HOLDERS,aggregate,all,1969-06-30,M,2.72796,fred,2026-09-07T17:18:12Z
revolving_credit_sa,ALL_HOLDERS,aggregate,all,1969-07-31,M,2.86367,fred,2026-09-07T17:18:12Z
revolving_credit_sa,ALL_HOLDERS,aggregate,all,1969-08-31,M,2.9972,fred,2026-09-07T17:18:12Z
revolving_credit_sa,ALL_HOLDERS,aggregate,all,1969-09-30,M,3.15896,fred,2026-09-07T17:18:12Z
revolving_credit_sa,ALL_HOLDERS,aggregate,all,1969-10-31,M,3.32694,fred,2026-09-07T17:18:12Z
revolving_credit_sa,ALL_HOLDERS,aggregate,all,1969-11-30,M,3.46395,fred,2026-09-07T17:18:12Z
revolving_credit_sa,ALL_HOLDERS,aggregate,all,1969-12-31,M,3.60484,fred,2026-09-07T17:18:12Z
revolving_credit_sa,ALL_HOLDERS,aggregate,all,1970-01-31,M,3.69321,fred,2026-09-07T17:18:12Z
revolving_credit_sa,ALL_HOLDERS,aggregate,all,1970-02-28,M,3.80258,fred,2026-09-07T17:18:12Z
revolving_credit_sa,ALL_HOLDERS,aggregate,all,1970-03-31,M,3.90814,fred,2026-09-07T17:18:12Z
revolving_credit_sa,ALL_HOLDERS,aggregate,all,1970-04-30,M,4.03354,fred,2026-09-07T17:18:12Z
revolving_credit_sa,ALL_HOLDERS,aggregate,all,1970-05-31,M,4.1379,fred,2026-09-07T17:18:12Z
revolving_credit_sa,ALL_HOLDERS,aggregate,all,1970-06-30,M,4.28008,fred,2026-09-07T17:18:12Z
revolving_credit_sa,ALL_HOLDERS,aggregate,all,1970-07-31,M,4.42289,fred,2026-09-07T17:18:12Z
revolving_credit_sa,ALL_HOLDERS,aggregate,all,1970-08-31,M,4.54239,fred,2026-09-07T17:18:12Z
revolving_credit_sa,ALL_HOLDERS,aggregate,all,1970-09-30,M,4.68666,fred,2026-09-07T17:18:12Z
revolving_credit_sa,ALL_HOLDERS,aggregate,all,1970-10-31,M,4.83592,fred,2026-09-07T17:18:12Z
revolving_credit_sa,ALL_HOLDERS,aggregate,all,1970-11-30,M,4.91497,fred,2026-09-07T17:18:12Z
revolving_credit_sa,ALL_HOLDERS,aggregate,all,1970-12-31,M,4.96146,fred,2026-09-07T17:18:12Z
revolving_credit_sa,ALL_HOLDERS,aggregate,all,1971-01-31,M,7.16898,fred,2026-09-07T17:18:12Z
revolving_credit_sa,ALL_HOLDERS,aggregate,all,1971-02-28,M,7.23287,fred,2026-09-07T17:18:12Z
revolving_credit_sa,ALL_HOLDERS,aggregate,all,1971-03-31,M,7.29756,fred,2026-09-07T17:18:12Z
revolving_credit_sa,ALL_HOLDERS,aggregate,all,1971-04-30,M,7.45991,fred,2026-09-07T17:18:12Z
revolving_credit_sa,ALL_HOLDERS,aggregate,all,1971-05-31,M,7.64201,fred,2026-09-07T17:18:12Z
revolving_credit_sa,ALL_HOLDERS,aggregate,all,1971-06-30,M,7.73985,fred,2026-09-07T17:18:12Z
revolving_credit_sa,ALL_HOLDERS,aggregate,all,1971-07-31,M,7.90086,fred,2026-09-07T17:18:12Z
revolving_credit_sa,ALL_HOLDERS,aggregate,all,1971-08-31,M,8.04478,fred,2026-09-07T17:18:12Z
revolving_credit_sa,ALL_HOLDERS,aggregate,all,1971-09-30,M,8.23075,fred,2026-09-07T17:18:12Z
revolving_credit_sa,ALL_HOLDERS,aggregate,all,1971-10-31,M,8.31358,fred,2026-09-07T17:18:12Z
revolving_credit_sa,ALL_HOLDERS,aggregate,all,1971-11-30,M,8.30586,fred,2026-09-07T17:18:12Z
revolving_credit_sa,ALL_HOLDERS,aggregate,all,1971-12-31,M,8.24533,fred,2026-09-07T17:18:12Z
revolving_credit_sa,ALL_HOLDERS,aggregate,all,1972-01-31,M,8.09201,fred,2026-09-07T17:18:12Z
revolving_credit_sa,ALL_HOLDERS,aggregate,all,1972-02-29,M,8.09382,fred,2026-09-07T17:18:12Z
revolving_credit_sa,ALL_HOLDERS,aggregate,all,1972-03-31,M,8.2353,fred,2026-09-07T17:18:12Z
revolving_credit_sa,ALL_HOLDERS,aggregate,all,1972-04-30,M,8.42795,fred,2026-09-07T17:18:12Z
revolving_credit_sa,ALL_HOLDERS,aggregate,all,1972-05-31,M,8.57825,fred,2026-09-07T17:18:12Z
revolving_credit_sa,ALL_HOLDERS,aggregate,all,1972-06-30,M,8.78571,fred,2026-09-07T17:18:12Z
revolving_credit_sa,ALL_HOLDERS,aggregate,all,1972-07-31,M,8.95798,fred,2026-09-07T17:18:12Z
revolving_credit_sa,ALL_HOLDERS,aggregate,all,1972-08-31,M,9.13316,fred,2026-09-07T17:18:12Z
revolving_credit_sa,ALL_HOLDERS,aggregate,all,1972-09-30,M,9.30774,fred,2026-09-07T17:18:12Z
revolving_credit_sa,ALL_HOLDERS,aggregate,all,1972-10-31,M,9.39008,fred,2026-09-07T17:18:12Z
revolving_credit_sa,ALL_HOLDERS,aggregate,all,1972-11-30,M,9.4018,fred,2026-09-07T17:18:12Z
revolving_credit_sa,ALL_HOLDERS,aggregate,all,1972-12-31,M,9.37924,fred,2026-09-07T17:18:12Z
revolving_credit_sa,ALL_HOLDERS,aggregate,all,1973-01-31,M,9.38086,fred,2026-09-07T17:18:12Z
revolving_credit_sa,ALL_HOLDERS,aggregate,all,1973-02-28,M,9.50571,fred,2026-09-07T17:18:12Z
revolving_credit_sa,ALL_HOLDERS,aggregate,all,1973-03-31,M,9.65566,fred,2026-09-07T17:18:12Z
revolving_credit_sa,ALL_HOLDERS,aggregate,all,1973-04-30,M,9.82485,fred,2026-09-07T17:18:12Z
revolving_credit_sa,ALL_HOLDERS,aggregate,all,1973-05-31,M,10.04368,fred,2026-09-07T17:18:12Z
revolving_credit_sa,ALL_HOLDERS,aggregate,all,1973-06-30,M,10.34707,fred,2026-09-07T17:18:12Z
revolving_credit_sa,ALL_HOLDERS,aggregate,all,1973-07-31,M,10.53074,fred,2026-09-07T17:18:12Z
revolving_credit_sa,ALL_HOLDERS,aggregate,all,1973-08-31,M,10.80076,fred,2026-09-07T17:18:12Z
revolving_credit_sa,ALL_HOLDERS,aggregate,all,1973-09-30,M,10.93355,fred,2026-09-07T17:18:12Z
revolving_credit_sa,ALL_HOLDERS,aggregate,all,1973-10-31,M,11.1877,fred,2026-09-07T17:18:12Z
revolving_credit_sa,ALL_HOLDERS,aggregate,all,1973-11-30,M,11.36228,fred,2026-09-07T17:18:12Z
revolving_credit_sa,ALL_HOLDERS,aggregate,all,1973-12-31,M,11.34222,fred,2026-09-07T17:18:12Z
revolving_credit_sa,ALL_HOLDERS,aggregate,all,1974-01-31,M,11.32678,fred,2026-09-07T17:18:12Z
revolving_credit_sa,ALL_HOLDERS,aggregate,all,1974-02-28,M,11.32644,fred,2026-09-07T17:18:12Z
revolving_credit_sa,ALL_HOLDERS,aggregate,all,1974-03-31,M,11.377,fred,2026-09-07T17:18:12Z
revolving_credit_sa,ALL_HOLDERS,aggregate,all,1974-04-30,M,11.58243,fred,2026-09-07T17:18:12Z
revolving_credit_sa,ALL_HOLDERS,aggregate,all,1974-05-31,M,11.95253,fred,2026-09-07T17:18:12Z
revolving_credit_sa,ALL_HOLDERS,aggregate,all,1974-06-30,M,12.28955,fred,2026-09-07T17:18:12Z
revolving_credit_sa,ALL_HOLDERS,aggregate,all,1974-07-31,M,12.65167,fred,2026-09-07T17:18:12Z
revolving_credit_sa,ALL_HOLDERS,aggregate,all,1974-08-31,M,13.02668,fred,2026-09-07T17:18:12Z
revolving_credit_sa,ALL_HOLDERS,aggregate,all,1974-09-30,M,13.25092,fred,2026-09-07T17:18:12Z
revolving_credit_sa,ALL_HOLDERS,aggregate,all,1974-10-31,M,13.53065,fred,2026-09-07T17:18:12Z
revolving_credit_sa,ALL_HOLDERS,aggregate,all,1974-11-30,M,13.57561,fred,2026-09-07T17:18:12Z
revolving_credit_sa,ALL_HOLDERS,aggregate,all,1974-12-31,M,13.24126,fred,2026-09-07T17:18:12Z
revolving_credit_sa,ALL_HOLDERS,aggregate,all,1975-01-31,M,13.27485,fred,2026-09-07T17:18:12Z
revolving_credit_sa,ALL_HOLDERS,aggregate,all,1975-02-28,M,13.22156,fred,2026-09-07T17:18:12Z
revolving_credit_sa,ALL_HOLDERS,aggregate,all,1975-03-31,M,13.17787,fred,2026-09-07T17:18:12Z
revolving_credit_sa,ALL_HOLDERS,aggregate,all,1975-04-30,M,13.34263,fred,2026-09-07T17:18:12Z
revolving_credit_sa,ALL_HOLDERS,aggregate,all,1975-05-31,M,13.45392,fred,2026-09-07T17:18:12Z
revolving_credit_sa,ALL_HOLDERS,aggregate,all,1975-06-30,M,13.59096,fred,2026-09-07T17:18:12Z
revolving_credit_sa,ALL_HOLDERS,aggregate,all,1975-07-31,M,13.88567,fred,2026-09-07T17:18:12Z
revolving_credit_sa,ALL_HOLDERS,aggregate,all,1975-08-31,M,14.16755,fred,2026-09-07T17:18:12Z
revolving_credit_sa,ALL_HOLDERS,aggregate,all,1975-09-30,M,14.49056,fred,2026-09-07T17:18:12Z
revolving_credit_sa,ALL_HOLDERS,aggregate,all,1975-10-31,M,14.81104,fred,2026-09-07T17:18:12Z
revolving_credit_sa,ALL_HOLDERS,aggregate,all,1975-11-30,M,14.70324,fred,2026-09-07T17:18:12Z
revolving_credit_sa,ALL_HOLDERS,aggregate,all,1975-12-31,M,14.49527,fred,2026-09-07T17:18:12Z
revolving_credit_sa,ALL_HOLDERS,aggregate,all,1976-01-31,M,14.43258,fred,2026-09-07T17:18:12Z
revolving_credit_sa,ALL_HOLDERS,aggregate,all,1976-02-29,M,14.35037,fred,2026-09-07T17:18:12Z
revolving_credit_sa,ALL_HOLDERS,aggregate,all,1976-03-31,M,14.3141,fred,2026-09-07T17:18:12Z
revolving_credit_sa,ALL_HOLDERS,aggregate,all,1976-04-30,M,14.59604,fred,2026-09-07T17:18:12Z
revolving_credit_sa,ALL_HOLDERS,aggregate,all,1976-05-31,M,14.8015,fred,2026-09-07T17:18:12Z
revolving_credit_sa,ALL_HOLDERS,aggregate,all,1976-06-30,M,15.08581,fred,2026-09-07T17:18:12Z
revolving_credit_sa,ALL_HOLDERS,aggregate,all,1976-07-31,M,15.5854,fred,2026-09-07T17:18:12Z
revolving_credit_sa,ALL_HOLDERS,aggregate,all,1976-08-31,M,15.90054,fred,2026-09-07T17:18:12Z
revolving_credit_sa,ALL_HOLDERS,aggregate,all,1976-09-30,M,16.35292,fred,2026-09-07T17:18:12Z
revolving_credit_sa,ALL_HOLDERS,aggregate,all,1976-10-31,M,16.74719,fred,2026-09-07T17:18:12Z
revolving_credit_sa,ALL_HOLDERS,aggregate,all,1976-11-30,M,16.70557,fred,2026-09-07T17:18:12Z
revolving_credit_sa,ALL_HOLDERS,aggregate,all,1976-12-31,M,16.48905,fred,2026-09-07T17:18:12Z
revolving_credit_sa,ALL_HOLDERS,aggregate,all,1977-01-31,M,30.68363,fred,2026-09-07T17:18:12Z
revolving_credit_sa,ALL_HOLDERS,aggregate,all,1977-02-28,M,30.5339,fred,2026-09-07T17:18:12Z
revolving_credit_sa,ALL_HOLDERS,aggregate,all,1977-03-31,M,30.99794,fred,2026-09-07T17:18:12Z
revolving_credit_sa,ALL_HOLDERS,aggregate,all,1977-04-30,M,31.81766,fred,2026-09-07T17:18:12Z
revolving_credit_sa,ALL_HOLDERS,aggregate,all,1977-05-31,M,32.68531,fred,2026-09-07T17:18:12Z
revolving_credit_sa,ALL_HOLDERS,aggregate,all,1977-06-30,M,33.43002,fred,2026-09-07T17:18:12Z
revolving_credit_sa,ALL_HOLDERS,aggregate,all,1977-07-31,M,33.96685,fred,2026-09-07T17:18:12Z
revolving_credit_sa,ALL_HOLDERS,aggregate,all,1977-08-31,M,34.6058,fred,2026-09-07T17:18:12Z
revolving_credit_sa,ALL_HOLDERS,aggregate,all,1977-09-30,M,35.37381,fred,2026-09-07T17:18:12Z
revolving_credit_sa,ALL_HOLDERS,aggregate,all,1977-10-31,M,36.47374,fred,2026-09-07T17:18:12Z
revolving_credit_sa,ALL_HOLDERS,aggregate,all,1977-11-30,M,36.97917,fred,2026-09-07T17:18:12Z
revolving_credit_sa,ALL_HOLDERS,aggregate,all,1977-12-31,M,37.41482,fred,2026-09-07T17:18:12Z
revolving_credit_sa,ALL_HOLDERS,aggregate,all,1978-01-31,M,36.92459,fred,2026-09-07T17:18:12Z
revolving_credit_sa,ALL_HOLDERS,aggregate,all,1978-02-28,M,36.89421,fred,2026-09-07T17:18:12Z
revolving_credit_sa,ALL_HOLDERS,aggregate,all,1978-03-31,M,37.47917,fred,2026-09-07T17:18:12Z
revolving_credit_sa,ALL_HOLDERS,aggregate,all,1978-04-30,M,38.34303,fred,2026-09-07T17:18:12Z
revolving_credit_sa,ALL_HOLDERS,aggregate,all,1978-05-31,M,39.35116,fred,2026-09-07T17:18:12Z
revolving_credit_sa,ALL_HOLDERS,aggregate,all,1978-06-30,M,40.54699,fred,2026-09-07T17:18:12Z
revolving_credit_sa,ALL_HOLDERS,aggregate,all,1978-07-31,M,41.53508,fred,2026-09-07T17:18:12Z
revolving_credit_sa,ALL_HOLDERS,aggregate,all,1978-08-31,M,42.48186,fred,2026-09-07T17:18:12Z
revolving_credit_sa,ALL_HOLDERS,aggregate,all,1978-09-30,M,43.51036,fred,2026-09-07T17:18:12Z
revolving_credit_sa,ALL_HOLDERS,aggregate,all,1978-10-31,M,44.44507,fred,2026-09-07T17:18:12Z
revolving_credit_sa,ALL_HOLDERS,aggregate,all,1978-11-30,M,45.04068,fred,2026-09-07T17:18:12Z
revolving_credit_sa,ALL_HOLDERS,aggregate,all,1978-12-31,M,45.69095,fred,2026-09-07T17:18:12Z
revolving_credit_sa,ALL_HOLDERS,aggregate,all,1979-01-31,M,45.58799,fred,2026-09-07T17:18:12Z
revolving_credit_sa,ALL_HOLDERS,aggregate,all,1979-02-28,M,45.80713,fred,2026-09-07T17:18:12Z
revolving_credit_sa,ALL_HOLDERS,aggregate,all,1979-03-31,M,46.3697,fred,2026-09-07T17:18:12Z
revolving_credit_sa,ALL_HOLDERS,aggregate,all,1979-04-30,M,47.38997,fred,2026-09-07T17:18:12Z
revolving_credit_sa,ALL_HOLDERS,aggregate,all,1979-05-31,M,48.52036,fred,2026-09-07T17:18:12Z
revolving_credit_sa,ALL_HOLDERS,aggregate,all,1979-06-30,M,49.40527,fred,2026-09-07T17:18:12Z
revolving_credit_sa,ALL_HOLDERS,aggregate,all,1979-07-31,M,50.13061,fred,2026-09-07T17:18:12Z
revolving_credit_sa,ALL_HOLDERS,aggregate,all,1979-08-31,M,51.27147,fred,2026-09-07T17:18:12Z
revolving_credit_sa,ALL_HOLDERS,aggregate,all,1979-09-30,M,52.07621,fred,2026-09-07T17:18:12Z
revolving_credit_sa,ALL_HOLDERS,aggregate,all,1979-10-31,M,53.1807,fred,2026-09-07T17:18:12Z
revolving_credit_sa,ALL_HOLDERS,aggregate,all,1979-11-30,M,53.91502,fred,2026-09-07T17:18:12Z
revolving_credit_sa,ALL_HOLDERS,aggregate,all,1979-12-31,M,53.59643,fred,2026-09-07T17:18:12Z
revolving_credit_sa,ALL_HOLDERS,aggregate,all,1980-01-31,M,53.74977,fred,2026-09-07T17:18:12Z
revolving_credit_sa,ALL_HOLDERS,aggregate,all,1980-02-29,M,54.12913,fred,2026-09-07T17:18:12Z
revolving_credit_sa,ALL_HOLDERS,aggregate,all,1980-03-31,M,54.13908,fred,2026-09-07T17:18:12Z
revolving_credit_sa,ALL_HOLDERS,aggregate,all,1980-04-30,M,53.96004,fred,2026-09-07T17:18:12Z
revolving_credit_sa,ALL_HOLDERS,aggregate,all,1980-05-31,M,53.98282,fred,2026-09-07T17:18:12Z
revolving_credit_sa,ALL_HOLDERS,aggregate,all,1980-06-30,M,53.78412,fred,2026-09-07T17:18:12Z
revolving_credit_sa,ALL_HOLDERS,aggregate,all,1980-07-31,M,54.05161,fred,2026-09-07T17:18:12Z
revolving_credit_sa,ALL_HOLDERS,aggregate,all,1980-08-31,M,54.41411,fred,2026-09-07T17:18:12Z
revolving_credit_sa,ALL_HOLDERS,aggregate,all,1980-09-30,M,54.39128,fred,2026-09-07T17:18:12Z
revolving_credit_sa,ALL_HOLDERS,aggregate,all,1980-10-31,M,54.3573,fred,2026-09-07T17:18:12Z
revolving_credit_sa,ALL_HOLDERS,aggregate,all,1980-11-30,M,54.44586,fred,2026-09-07T17:18:12Z
revolving_credit_sa,ALL_HOLDERS,aggregate,all,1980-12-31,M,54.97005,fred,2026-09-07T17:18:12Z
revolving_credit_sa,ALL_HOLDERS,aggregate,all,1981-01-31,M,55.49118,fred,2026-09-07T17:18:12Z
revolving_credit_sa,ALL_HOLDERS,aggregate,all,1981-02-28,M,55.81135,fred,2026-09-07T17:18:12Z
revolving_credit_sa,ALL_HOLDERS,aggregate,all,1981-03-31,M,56.28222,fred,2026-09-07T17:18:12Z
revolving_credit_sa,ALL_HOLDERS,aggregate,all,1981-04-30,M,57.12532,fred,2026-09-07T17:18:12Z
revolving_credit_sa,ALL_HOLDERS,aggregate,all,1981-05-31,M,57.76716,fred,2026-09-07T17:18:12Z
revolving_credit_sa,ALL_HOLDERS,aggregate,all,1981-06-30,M,58.74201,fred,2026-09-07T17:18:12Z
revolving_credit_sa,ALL_HOLDERS,aggregate,all,1981-07-31,M,59.0447,fred,2026-09-07T17:18:12Z
revolving_credit_sa,ALL_HOLDERS,aggregate,all,1981-08-31,M,59.29919,fred,2026-09-07T17:18:12Z
revolving_credit_sa,ALL_HOLDERS,aggregate,all,1981-09-30,M,60.19475,fred,2026-09-07T17:18:12Z
revolving_credit_sa,ALL_HOLDERS,aggregate,all,1981-10-31,M,60.62736,fred,2026-09-07T17:18:12Z
revolving_credit_sa,ALL_HOLDERS,aggregate,all,1981-11-30,M,60.75736,fred,2026-09-07T17:18:12Z
revolving_credit_sa,ALL_HOLDERS,aggregate,all,1981-12-31,M,60.928,fred,2026-09-07T17:18:12Z
revolving_credit_sa,ALL_HOLDERS,aggregate,all,1982-01-31,M,61.1961,fred,2026-09-07T17:18:12Z
revolving_credit_sa,ALL_HOLDERS,aggregate,all,1982-02-28,M,61.46881,fred,2026-09-07T17:18:12Z
revolving_credit_sa,ALL_HOLDERS,aggregate,all,1982-03-31,M,61.62525,fred,2026-09-07T17:18:12Z
revolving_credit_sa,ALL_HOLDERS,aggregate,all,1982-04-30,M,62.25483,fred,2026-09-07T17:18:12Z
revolving_credit_sa,ALL_HOLDERS,aggregate,all,1982-05-31,M,62.84921,fred,2026-09-07T17:18:12Z
revolving_credit_sa,ALL_HOLDERS,aggregate,all,1982-06-30,M,63.48542,fred,2026-09-07T17:18:12Z
revolving_credit_sa,ALL_HOLDERS,aggregate,all,1982-07-31,M,64.34066,fred,2026-09-07T17:18:12Z
revolving_credit_sa,ALL_HOLDERS,aggregate,all,1982-08-31,M,64.80438,fred,2026-09-07T17:18:12Z
revolving_credit_sa,ALL_HOLDERS,aggregate,all,1982-09-30,M,65.14116,fred,2026-09-07T17:18:12Z
revolving_credit_sa,ALL_HOLDERS,aggregate,all,1982-10-31,M,65.44613,fred,2026-09-07T17:18:12Z
revolving_credit_sa,ALL_HOLDERS,aggregate,all,1982-11-30,M,65.64031,fred,2026-09-07T17:18:12Z
revolving_credit_sa,ALL_HOLDERS,aggregate,all,1982-12-31,M,66.3483,fred,2026-09-07T17:18:12Z
revolving_credit_sa,ALL_HOLDERS,aggregate,all,1983-01-31,M,66.72623,fred,2026-09-07T17:18:12Z
revolving_credit_sa,ALL_HOLDERS,aggregate,all,1983-02-28,M,66.7562,fred,2026-09-07T17:18:12Z
revolving_credit_sa,ALL_HOLDERS,aggregate,all,1983-03-31,M,67.54154,fred,2026-09-07T17:18:12Z
revolving_credit_sa,ALL_HOLDERS,aggregate,all,1983-04-30,M,68.40334,fred,2026-09-07T17:18:12Z
revolving_credit_sa,ALL_HOLDERS,aggregate,all,1983-05-31,M,68.88553,fred,2026-09-07T17:18:12Z
revolving_credit_sa,ALL_HOLDERS,aggregate,all,1983-06-30,M,70.2808,fred,2026-09-07T17:18:12Z
revolving_credit_sa,ALL_HOLDERS,aggregate,all,1983-07-31,M,71.54034,fred,2026-09-07T17:18:12Z
revolving_credit_sa,ALL_HOLDERS,aggregate,all,1983-08-31,M,72.56593,fred,2026-09-07T17:18:12Z
revolving_credit_sa,ALL_HOLDERS,aggregate,all,1983-09-30,M,73.56389,fred,2026-09-07T17:18:12Z
revolving_credit_sa,ALL_HOLDERS,aggregate,all,1983-10-31,M,75.12216,fred,2026-09-07T17:18:12Z
revolving_credit_sa,ALL_HOLDERS,aggregate,all,1983-11-30,M,76.78694,fred,2026-09-07T17:18:12Z
revolving_credit_sa,ALL_HOLDERS,aggregate,all,1983-12-31,M,79.02725,fred,2026-09-07T17:18:12Z
revolving_credit_sa,ALL_HOLDERS,aggregate,all,1984-01-31,M,79.11394,fred,2026-09-07T17:18:12Z
revolving_credit_sa,ALL_HOLDERS,aggregate,all,1984-02-29,M,80.70449,fred,2026-09-07T17:18:12Z
revolving_credit_sa,ALL_HOLDERS,aggregate,all,1984-03-31,M,83.05709,fred,2026-09-07T17:18:12Z
revolving_credit_sa,ALL_HOLDERS,aggregate,all,1984-04-30,M,84.32707,fred,2026-09-07T17:18:12Z
revolving_credit_sa,ALL_HOLDERS,aggregate,all,1984-05-31,M,87.09005,fred,2026-09-07T17:18:12Z
revolving_credit_sa,ALL_HOLDERS,aggregate,all,1984-06-30,M,89.41895,fred,2026-09-07T17:18:12Z
revolving_credit_sa,ALL_HOLDERS,aggregate,all,1984-07-31,M,90.38567,fred,2026-09-07T17:18:12Z
revolving_credit_sa,ALL_HOLDERS,aggregate,all,1984-08-31,M,92.43169,fred,2026-09-07T17:18:12Z
revolving_credit_sa,ALL_HOLDERS,aggregate,all,1984-09-30,M,94.47191,fred,2026-09-07T17:18:12Z
revolving_credit_sa,ALL_HOLDERS,aggregate,all,1984-10-31,M,96.23311,fred,2026-09-07T17:18:12Z
revolving_credit_sa,ALL_HOLDERS,aggregate,all,1984-11-30,M,98.1359,fred,2026-09-07T17:18:12Z
revolving_credit_sa,ALL_HOLDERS,aggregate,all,1984-12-31,M,100.38563,fred,2026-09-07T17:18:12Z
revolving_credit_sa,ALL_HOLDERS,aggregate,all,1985-01-31,M,102.84183,fred,2026-09-07T17:18:12Z
revolving_credit_sa,ALL_HOLDERS,aggregate,all,1985-02-28,M,105.34046,fred,2026-09-07T17:18:12Z
revolving_credit_sa,ALL_HOLDERS,aggregate,all,1985-03-31,M,107.95035,fred,2026-09-07T17:18:12Z
revolving_credit_sa,ALL_HOLDERS,aggregate,all,1985-04-30,M,110.06839,fred,2026-09-07T17:18:12Z
revolving_credit_sa,ALL_HOLDERS,aggregate,all,1985-05-31,M,111.15629,fred,2026-09-07T17:18:12Z
revolving_credit_sa,ALL_HOLDERS,aggregate,all,1985-06-30,M,112.39548,fred,2026-09-07T17:18:12Z
revolving_credit_sa,ALL_HOLDERS,aggregate,all,1985-07-31,M,114.13431,fred,2026-09-07T17:18:12Z
revolving_credit_sa,ALL_HOLDERS,aggregate,all,1985-08-31,M,115.9937,fred,2026-09-07T17:18:12Z
revolving_credit_sa,ALL_HOLDERS,aggregate,all,1985-09-30,M,118.33614,fred,2026-09-07T17:18:12Z
revolving_credit_sa,ALL_HOLDERS,aggregate,all,1985-10-31,M,120.23606,fred,2026-09-07T17:18:12Z
revolving_credit_sa,ALL_HOLDERS,aggregate,all,1985-11-30,M,122.54642,fred,2026-09-07T17:18:12Z
revolving_credit_sa,ALL_HOLDERS,aggregate,all,1985-12-31,M,124.4658,fred,2026-09-07T17:18:12Z
revolving_credit_sa,ALL_HOLDERS,aggregate,all,1986-01-31,M,127.08832,fred,2026-09-07T17:18:12Z
revolving_credit_sa,ALL_HOLDERS,aggregate,all,1986-02-28,M,128.79756,fred,2026-09-07T17:18:12Z
revolving_credit_sa,ALL_HOLDERS,aggregate,all,1986-03-31,M,130.17799,fred,2026-09-07T17:18:12Z
revolving_credit_sa,ALL_HOLDERS,aggregate,all,1986-04-30,M,132.04035,fred,2026-09-07T17:18:12Z
revolving_credit_sa,ALL_HOLDERS,aggregate,all,1986-05-31,M,133.59911,fred,2026-09-07T17:18:12Z
revolving_credit_sa,ALL_HOLDERS,aggregate,all,1986-06-30,M,134.40945,fred,2026-09-07T17:18:12Z
revolving_credit_sa,ALL_HOLDERS,aggregate,all,1986-07-31,M,135.66107,fred,2026-09-07T17:18:12Z
revolving_credit_sa,ALL_HOLDERS,aggregate,all,1986-08-31,M,136.85857,fred,2026-09-07T17:18:12Z
revolving_credit_sa,ALL_HOLDERS,aggregate,all,1986-09-30,M,137.24737,fred,2026-09-07T17:18:12Z
revolving_credit_sa,ALL_HOLDERS,aggregate,all,1986-10-31,M,138.90654,fred,2026-09-07T17:18:12Z
revolving_credit_sa,ALL_HOLDERS,aggregate,all,1986-11-30,M,139.96312,fred,2026-09-07T17:18:12Z
revolving_credit_sa,ALL_HOLDERS,aggregate,all,1986-12-31,M,141.06815,fred,2026-09-07T17:18:12Z
revolving_credit_sa,ALL_HOLDERS,aggregate,all,1987-01-31,M,141.10787,fred,2026-09-07T17:18:12Z
revolving_credit_sa,ALL_HOLDERS,aggregate,all,1987-02-28,M,142.42395,fred,2026-09-07T17:18:12Z
revolving_credit_sa,ALL_HOLDERS,aggregate,all,1987-03-31,M,143.10173,fred,2026-09-07T17:18:12Z
revolving_credit_sa,ALL_HOLDERS,aggregate,all,1987-04-30,M,145.49185,fred,2026-09-07T17:18:12Z
revolving_credit_sa,ALL_HOLDERS,aggregate,all,1987-05-31,M,147.3065,fred,2026-09-07T17:18:12Z
revolving_credit_sa,ALL_HOLDERS,aggregate,all,1987-06-30,M,149.83379,fred,2026-09-07T17:18:12Z
revolving_credit_sa,ALL_HOLDERS,aggregate,all,1987-07-31,M,152.39741,fred,2026-09-07T17:18:12Z
revolving_credit_sa,ALL_HOLDERS,aggregate,all,1987-08-31,M,153.8712,fred,2026-09-07T17:18:12Z
revolving_credit_sa,ALL_HOLDERS,aggregate,all,1987-09-30,M,156.46089,fred,2026-09-07T17:18:12Z
revolving_credit_sa,ALL_HOLDERS,aggregate,all,1987-10-31,M,158.07433,fred,2026-09-07T17:18:12Z
revolving_credit_sa,ALL_HOLDERS,aggregate,all,1987-11-30,M,158.01895,fred,2026-09-07T17:18:12Z
revolving_credit_sa,ALL_HOLDERS,aggregate,all,1987-12-31,M,160.85391,fred,2026-09-07T17:18:12Z
revolving_credit_sa,ALL_HOLDERS,aggregate,all,1988-01-31,M,164.6819,fred,2026-09-07T17:18:12Z
revolving_credit_sa,ALL_HOLDERS,aggregate,all,1988-02-29,M,165.95733,fred,2026-09-07T17:18:12Z
revolving_credit_sa,ALL_HOLDERS,aggregate,all,1988-03-31,M,167.5259,fred,2026-09-07T17:18:12Z
revolving_credit_sa,ALL_HOLDERS,aggregate,all,1988-04-30,M,169.09073,fred,2026-09-07T17:18:12Z
revolving_credit_sa,ALL_HOLDERS,aggregate,all,1988-05-31,M,170.74958,fred,2026-09-07T17:18:12Z
revolving_credit_sa,ALL_HOLDERS,aggregate,all,1988-06-30,M,172.96318,fred,2026-09-07T17:18:12Z
revolving_credit_sa,ALL_HOLDERS,aggregate,all,1988-07-31,M,174.01927,fred,2026-09-07T17:18:12Z
revolving_credit_sa,ALL_HOLDERS,aggregate,all,1988-08-31,M,175.86892,fred,2026-09-07T17:18:12Z
revolving_credit_sa,ALL_HOLDERS,aggregate,all,1988-09-30,M,177.48012,fred,2026-09-07T17:18:12Z
revolving_credit_sa,ALL_HOLDERS,aggregate,all,1988-10-31,M,179.83214,fred,2026-09-07T17:18:12Z
revolving_credit_sa,ALL_HOLDERS,aggregate,all,1988-11-30,M,183.01111,fred,2026-09-07T17:18:12Z
revolving_credit_sa,ALL_HOLDERS,aggregate,all,1988-12-31,M,184.59312,fred,2026-09-07T17:18:12Z
revolving_credit_sa,ALL_HOLDERS,aggregate,all,1989-01-31,M,185.72307,fred,2026-09-07T17:18:12Z
revolving_credit_sa,ALL_HOLDERS,aggregate,all,1989-02-28,M,187.6148,fred,2026-09-07T17:18:12Z
revolving_credit_sa,ALL_HOLDERS,aggregate,all,1989-03-31,M,190.92409,fred,2026-09-07T17:18:12Z
revolving_credit_sa,ALL_HOLDERS,aggregate,all,1989-04-30,M,193.14159,fred,2026-09-07T17:18:12Z
revolving_credit_sa,ALL_HOLDERS,aggregate,all,1989-05-31,M,195.15598,fred,2026-09-07T17:18:12Z
revolving_credit_sa,ALL_HOLDERS,aggregate,all,1989-06-30,M,197.68395,fred,2026-09-07T17:18:12Z
revolving_credit_sa,ALL_HOLDERS,aggregate,all,1989-07-31,M,199.52882,fred,2026-09-07T17:18:12Z
revolving_credit_sa,ALL_HOLDERS,aggregate,all,1989-08-31,M,201.86261,fred,2026-09-07T17:18:12Z
revolving_credit_sa,ALL_HOLDERS,aggregate,all,1989-09-30,M,203.17698,fred,2026-09-07T17:18:12Z
revolving_credit_sa,ALL_HOLDERS,aggregate,all,1989-10-31,M,204.92586,fred,2026-09-07T17:18:12Z
revolving_credit_sa,ALL_HOLDERS,aggregate,all,1989-11-30,M,207.6253,fred,2026-09-07T17:18:12Z
revolving_credit_sa,ALL_HOLDERS,aggregate,all,1989-12-31,M,211.22983,fred,2026-09-07T17:18:12Z
revolving_credit_sa,ALL_HOLDERS,aggregate,all,1990-01-31,M,213.64744,fred,2026-09-07T17:18:12Z
revolving_credit_sa,ALL_HOLDERS,aggregate,all,1990-02-28,M,216.50457,fred,2026-09-07T17:18:12Z
revolving_credit_sa,ALL_HOLDERS,aggregate,all,1990-03-31,M,217.58937,fred,2026-09-07T17:18:12Z
revolving_credit_sa,ALL_HOLDERS,aggregate,all,1990-04-30,M,219.76962,fred,2026-09-07T17:18:12Z
revolving_credit_sa,ALL_HOLDERS,aggregate,all,1990-05-31,M,223.27619,fred,2026-09-07T17:18:12Z
revolving_credit_sa,ALL_HOLDERS,aggregate,all,1990-06-30,M,225.66482,fred,2026-09-07T17:18:12Z
revolving_credit_sa,ALL_HOLDERS,aggregate,all,1990-07-31,M,229.58626,fred,2026-09-07T17:18:12Z
revolving_credit_sa,ALL_HOLDERS,aggregate,all,1990-08-31,M,232.41491,fred,2026-09-07T17:18:12Z
revolving_credit_sa,ALL_HOLDERS,aggregate,all,1990-09-30,M,234.72503,fred,2026-09-07T17:18:12Z
revolving_credit_sa,ALL_HOLDERS,aggregate,all,1990-10-31,M,236.17064,fred,2026-09-07T17:18:12Z
revolving_credit_sa,ALL_HOLDERS,aggregate,all,1990-11-30,M,239.29412,fred,2026-09-07T17:18:12Z
revolving_credit_sa,ALL_HOLDERS,aggregate,all,1990-12-31,M,238.64262,fred,2026-09-07T17:18:12Z
revolving_credit_sa,ALL_HOLDERS,aggregate,all,1991-01-31,M,238.71484,fred,2026-09-07T17:18:12Z
revolving_credit_sa,ALL_HOLDERS,aggregate,all,1991-02-28,M,242.28812,fred,2026-09-07T17:18:12Z
revolving_credit_sa,ALL_HOLDERS,aggregate,all,1991-03-31,M,246.84076,fred,2026-09-07T17:18:12Z
revolving_credit_sa,ALL_HOLDERS,aggregate,all,1991-04-30,M,248.74389,fred,2026-09-07T17:18:12Z
revolving_credit_sa,ALL_HOLDERS,aggregate,all,1991-05-31,M,250.93103,fred,2026-09-07T17:18:12Z
revolving_credit_sa,ALL_HOLDERS,aggregate,all,1991-06-30,M,252.24644,fred,2026-09-07T17:18:12Z
revolving_credit_sa,ALL_HOLDERS,aggregate,all,1991-07-31,M,253.72026,fred,2026-09-07T17:18:12Z
revolving_credit_sa,ALL_HOLDERS,aggregate,all,1991-08-31,M,255.89274,fred,2026-09-07T17:18:12Z
revolving_credit_sa,ALL_HOLDERS,aggregate,all,1991-09-30,M,258.81222,fred,2026-09-07T17:18:12Z
revolving_credit_sa,ALL_HOLDERS,aggregate,all,1991-10-31,M,261.34824,fred,2026-09-07T17:18:12Z
revolving_credit_sa,ALL_HOLDERS,aggregate,all,1991-11-30,M,262.77728,fred,2026-09-07T17:18:12Z
revolving_credit_sa,ALL_HOLDERS,aggregate,all,1991-12-31,M,263.76855,fred,2026-09-07T17:18:12Z
revolving_credit_sa,ALL_HOLDERS,aggregate,all,1992-01-31,M,265.38649,fred,2026-09-07T17:18:12Z
revolving_credit_sa,ALL_HOLDERS,aggregate,all,1992-02-29,M,266.48213,fred,2026-09-07T17:18:12Z
revolving_credit_sa,ALL_HOLDERS,aggregate,all,1992-03-31,M,266.7557,fred,2026-09-07T17:18:12Z
revolving_credit_sa,ALL_HOLDERS,aggregate,all,1992-04-30,M,267.82923,fred,2026-09-07T17:18:12Z
revolving_credit_sa,ALL_HOLDERS,aggregate,all,1992-05-31,M,268.7518,fred,2026-09-07T17:18:12Z
revolving_credit_sa,ALL_HOLDERS,aggregate,all,1992-06-30,M,270.70763,fred,2026-09-07T17:18:12Z
revolving_credit_sa,ALL_HOLDERS,aggregate,all,1992-07-31,M,270.81759,fred,2026-09-07T17:18:12Z
revolving_credit_sa,ALL_HOLDERS,aggregate,all,1992-08-31,M,272.0805,fred,2026-09-07T17:18:12Z
revolving_credit_sa,ALL_HOLDERS,aggregate,all,1992-09-30,M,273.17696,fred,2026-09-07T17:18:12Z
revolving_credit_sa,ALL_HOLDERS,aggregate,all,1992-10-31,M,275.20764,fred,2026-09-07T17:18:12Z
revolving_credit_sa,ALL_HOLDERS,aggregate,all,1992-11-30,M,275.45975,fred,2026-09-07T17:18:12Z
revolving_credit_sa,ALL_HOLDERS,aggregate,all,1992-12-31,M,278.44967,fred,2026-09-07T17:18:12Z
revolving_credit_sa,ALL_HOLDERS,aggregate,all,1993-01-31,M,280.99481,fred,2026-09-07T17:18:12Z
revolving_credit_sa,ALL_HOLDERS,aggregate,all,1993-02-28,M,283.53125,fred,2026-09-07T17:18:12Z
revolving_credit_sa,ALL_HOLDERS,aggregate,all,1993-03-31,M,284.89041,fred,2026-09-07T17:18:12Z
revolving_credit_sa,ALL_HOLDERS,aggregate,all,1993-04-30,M,286.97613,fred,2026-09-07T17:18:12Z
revolving_credit_sa,ALL_HOLDERS,aggregate,all,1993-05-31,M,288.47063,fred,2026-09-07T17:18:12Z
revolving_credit_sa,ALL_HOLDERS,aggregate,all,1993-06-30,M,289.96125,fred,2026-09-07T17:18:12Z
revolving_credit_sa,ALL_HOLDERS,aggregate,all,1993-07-31,M,294.23201,fred,2026-09-07T17:18:12Z
revolving_credit_sa,ALL_HOLDERS,aggregate,all,1993-08-31,M,296.26417,fred,2026-09-07T17:18:12Z
revolving_credit_sa,ALL_HOLDERS,aggregate,all,1993-09-30,M,299.44798,fred,2026-09-07T17:18:12Z
revolving_credit_sa,ALL_HOLDERS,aggregate,all,1993-10-31,M,301.65409,fred,2026-09-07T17:18:12Z
revolving_credit_sa,ALL_HOLDERS,aggregate,all,1993-11-30,M,306.56401,fred,2026-09-07T17:18:12Z
revolving_credit_sa,ALL_HOLDERS,aggregate,all,1993-12-31,M,309.90802,fred,2026-09-07T17:18:12Z
revolving_credit_sa,ALL_HOLDERS,aggregate,all,1994-01-31,M,312.52167,fred,2026-09-07T17:18:12Z
revolving_credit_sa,ALL_HOLDERS,aggregate,all,1994-02-28,M,315.41372,fred,2026-09-07T17:18:12Z
revolving_credit_sa,ALL_HOLDERS,aggregate,all,1994-03-31,M,319.77737,fred,2026-09-07T17:18:12Z
revolving_credit_sa,ALL_HOLDERS,aggregate,all,1994-04-30,M,325.01574,fred,2026-09-07T17:18:12Z
revolving_credit_sa,ALL_HOLDERS,aggregate,all,1994-05-31,M,329.09763,fred,2026-09-07T17:18:12Z
revolving_credit_sa,ALL_HOLDERS,aggregate,all,1994-06-30,M,334.8528,fred,2026-09-07T17:18:12Z
revolving_credit_sa,ALL_HOLDERS,aggregate,all,1994-07-31,M,339.94548,fred,2026-09-07T17:18:12Z
revolving_credit_sa,ALL_HOLDERS,aggregate,all,1994-08-31,M,347.6707,fred,2026-09-07T17:18:12Z
revolving_credit_sa,ALL_HOLDERS,aggregate,all,1994-09-30,M,350.08391,fred,2026-09-07T17:18:12Z
revolving_credit_sa,ALL_HOLDERS,aggregate,all,1994-10-31,M,352.77903,fred,2026-09-07T17:18:12Z
revolving_credit_sa,ALL_HOLDERS,aggregate,all,1994-11-30,M,362.59272,fred,2026-09-07T17:18:12Z
revolving_credit_sa,ALL_HOLDERS,aggregate,all,1994-12-31,M,365.56956,fred,2026-09-07T17:18:12Z
revolving_credit_sa,ALL_HOLDERS,aggregate,all,1995-01-31,M,372.00317,fred,2026-09-07T17:18:12Z
revolving_credit_sa,ALL_HOLDERS,aggregate,all,1995-02-28,M,378.10338,fred,2026-09-07T17:18:12Z
revolving_credit_sa,ALL_HOLDERS,aggregate,all,1995-03-31,M,385.55992,fred,2026-09-07T17:18:12Z
revolving_credit_sa,ALL_HOLDERS,aggregate,all,1995-04-30,M,389.74358,fred,2026-09-07T17:18:12Z
revolving_credit_sa,ALL_HOLDERS,aggregate,all,1995-05-31,M,398.16397,fred,2026-09-07T17:18:12Z
revolving_credit_sa,ALL_HOLDERS,aggregate,all,1995-06-30,M,406.08743,fred,2026-09-07T17:18:12Z
revolving_credit_sa,ALL_HOLDERS,aggregate,all,1995-07-31,M,409.14129,fred,2026-09-07T17:18:12Z
revolving_credit_sa,ALL_HOLDERS,aggregate,all,1995-08-31,M,417.56574,fred,2026-09-07T17:18:12Z
revolving_credit_sa,ALL_HOLDERS,aggregate,all,1995-09-30,M,429.03215,fred,2026-09-07T17:18:12Z
revolving_credit_sa,ALL_HOLDERS,aggregate,all,1995-10-31,M,433.45042,fred,2026-09-07T17:18:12Z
revolving_credit_sa,ALL_HOLDERS,aggregate,all,1995-11-30,M,436.74016,fred,2026-09-07T17:18:12Z
revolving_credit_sa,ALL_HOLDERS,aggregate,all,1995-12-31,M,443.92009,fred,2026-09-07T17:18:12Z
revolving_credit_sa,ALL_HOLDERS,aggregate,all,1996-01-31,M,449.99468,fred,2026-09-07T17:18:12Z
revolving_credit_sa,ALL_HOLDERS,aggregate,all,1996-02-29,M,455.59738,fred,2026-09-07T17:18:12Z
revolving_credit_sa,ALL_HOLDERS,aggregate,all,1996-03-31,M,461.59195,fred,2026-09-07T17:18:12Z
revolving_credit_sa,ALL_HOLDERS,aggregate,all,1996-04-30,M,465.78159,fred,2026-09-07T17:18:12Z
revolving_credit_sa,ALL_HOLDERS,aggregate,all,1996-05-31,M,470.65979,fred,2026-09-07T17:18:12Z
revolving_credit_sa,ALL_HOLDERS,aggregate,all,1996-06-30,M,474.26236,fred,2026-09-07T17:18:12Z
revolving_credit_sa,ALL_HOLDERS,aggregate,all,1996-07-31,M,479.26701,fred,2026-09-07T17:18:12Z
revolving_credit_sa,ALL_HOLDERS,aggregate,all,1996-08-31,M,483.29311,fred,2026-09-07T17:18:12Z
revolving_credit_sa,ALL_HOLDERS,aggregate,all,1996-09-30,M,486.28481,fred,2026-09-07T17:18:12Z
revolving_credit_sa,ALL_HOLDERS,aggregate,all,1996-10-31,M,490.44162,fred,2026-09-07T17:18:12Z
revolving_credit_sa,ALL_HOLDERS,aggregate,all,1996-11-30,M,497.51148,fred,2026-09-07T17:18:12Z
revolving_credit_sa,ALL_HOLDERS,aggregate,all,1996-12-31,M,507.51657,fred,2026-09-07T17:18:12Z
revolving_credit_sa,ALL_HOLDERS,aggregate,all,1997-01-31,M,510.47026,fred,2026-09-07T17:18:12Z
revolving_credit_sa,ALL_HOLDERS,aggregate,all,1997-02-28,M,511.71355,fred,2026-09-07T17:18:12Z
revolving_credit_sa,ALL_HOLDERS,aggregate,all,1997-03-31,M,511.95609,fred,2026-09-07T17:18:12Z
revolving_credit_sa,ALL_HOLDERS,aggregate,all,1997-04-30,M,511.86457,fred,2026-09-07T17:18:12Z
revolving_credit_sa,ALL_HOLDERS,aggregate,all,1997-05-31,M,514.48111,fred,2026-09-07T17:18:12Z
revolving_credit_sa,ALL_HOLDERS,aggregate,all,1997-06-30,M,515.56618,fred,2026-09-07T17:18:12Z
revolving_credit_sa,ALL_HOLDERS,aggregate,all,1997-07-31,M,520.89635,fred,2026-09-07T17:18:12Z
revolving_credit_sa,ALL_HOLDERS,aggregate,all,1997-08-31,M,524.44478,fred,2026-09-07T17:18:12Z
revolving_credit_sa,ALL_HOLDERS,aggregate,all,1997-09-30,M,528.7224,fred,2026-09-07T17:18:12Z
revolving_credit_sa,ALL_HOLDERS,aggregate,all,1997-10-31,M,532.04428,fred,2026-09-07T17:18:12Z
revolving_credit_sa,ALL_HOLDERS,aggregate,all,1997-11-30,M,534.8078,fred,2026-09-07T17:18:12Z
revolving_credit_sa,ALL_HOLDERS,aggregate,all,1997-12-31,M,540.00556,fred,2026-09-07T17:18:12Z
revolving_credit_sa,ALL_HOLDERS,aggregate,all,1998-01-31,M,537.94246,fred,2026-09-07T17:18:12Z
revolving_credit_sa,ALL_HOLDERS,aggregate,all,1998-02-28,M,538.89429,fred,2026-09-07T17:18:12Z
revolving_credit_sa,ALL_HOLDERS,aggregate,all,1998-03-31,M,541.44751,fred,2026-09-07T17:18:12Z
revolving_credit_sa,ALL_HOLDERS,aggregate,all,1998-04-30,M,560.90683,fred,2026-09-07T17:18:12Z
revolving_credit_sa,ALL_HOLDERS,aggregate,all,1998-05-31,M,559.83413,fred,2026-09-07T17:18:12Z
revolving_credit_sa,ALL_HOLDERS,aggregate,all,1998-06-30,M,561.55045,fred,2026-09-07T17:18:12Z
revolving_credit_sa,ALL_HOLDERS,aggregate,all,1998-07-31,M,560.55394,fred,2026-09-07T17:18:12Z
revolving_credit_sa,ALL_HOLDERS,aggregate,all,1998-08-31,M,564.42041,fred,2026-09-07T17:18:12Z
revolving_credit_sa,ALL_HOLDERS,aggregate,all,1998-09-30,M,568.61569,fred,2026-09-07T17:18:12Z
revolving_credit_sa,ALL_HOLDERS,aggregate,all,1998-10-31,M,572.28934,fred,2026-09-07T17:18:12Z
revolving_credit_sa,ALL_HOLDERS,aggregate,all,1998-11-30,M,571.20779,fred,2026-09-07T17:18:12Z
revolving_credit_sa,ALL_HOLDERS,aggregate,all,1998-12-31,M,581.41478,fred,2026-09-07T17:18:12Z
revolving_credit_sa,ALL_HOLDERS,aggregate,all,1999-01-31,M,585.17701,fred,2026-09-07T17:18:12Z
revolving_credit_sa,ALL_HOLDERS,aggregate,all,1999-02-28,M,585.45404,fred,2026-09-07T17:18:12Z
revolving_credit_sa,ALL_HOLDERS,aggregate,all,1999-03-31,M,585.15722,fred,2026-09-07T17:18:12Z
revolving_credit_sa,ALL_HOLDERS,aggregate,all,1999-04-30,M,585.73442,fred,2026-09-07T17:18:12Z
revolving_credit_sa,ALL_HOLDERS,aggregate,all,1999-05-31,M,588.37769,fred,2026-09-07T17:18:12Z
revolving_credit_sa,ALL_HOLDERS,aggregate,all,1999-06-30,M,594.61074,fred,2026-09-07T17:18:12Z
revolving_credit_sa,ALL_HOLDERS,aggregate,all,1999-07-31,M,600.99538,fred,2026-09-07T17:18:12Z
revolving_credit_sa,ALL_HOLDERS,aggregate,all,1999-08-31,M,603.52893,fred,2026-09-07T17:18:12Z
revolving_credit_sa,ALL_HOLDERS,aggregate,all,1999-09-30,M,606.88656,fred,2026-09-07T17:18:12Z
revolving_credit_sa,ALL_HOLDERS,aggregate,all,1999-10-31,M,608.14154,fred,2026-09-07T17:18:12Z
revolving_credit_sa,ALL_HOLDERS,aggregate,all,1999-11-30,M,610.10183,fred,2026-09-07T17:18:12Z
revolving_credit_sa,ALL_HOLDERS,aggregate,all,1999-12-31,M,610.69647,fred,2026-09-07T17:18:12Z
revolving_credit_sa,ALL_HOLDERS,aggregate,all,2000-01-31,M,614.84655,fred,2026-09-07T17:18:12Z
revolving_credit_sa,ALL_HOLDERS,aggregate,all,2000-02-29,M,617.33256,fred,2026-09-07T17:18:12Z
revolving_credit_sa,ALL_HOLDERS,aggregate,all,2000-03-31,M,622.51097,fred,2026-09-07T17:18:12Z
revolving_credit_sa,ALL_HOLDERS,aggregate,all,2000-04-30,M,625.73594,fred,2026-09-07T17:18:12Z
revolving_credit_sa,ALL_HOLDERS,aggregate,all,2000-05-31,M,631.85715,fred,2026-09-07T17:18:12Z
revolving_credit_sa,ALL_HOLDERS,aggregate,all,2000-06-30,M,639.15855,fred,2026-09-07T17:18:12Z
revolving_credit_sa,ALL_HOLDERS,aggregate,all,2000-07-31,M,646.92701,fred,2026-09-07T17:18:12Z
revolving_credit_sa,ALL_HOLDERS,aggregate,all,2000-08-31,M,656.02189,fred,2026-09-07T17:18:12Z
revolving_credit_sa,ALL_HOLDERS,aggregate,all,2000-09-30,M,661.99681,fred,2026-09-07T17:18:12Z
revolving_credit_sa,ALL_HOLDERS,aggregate,all,2000-10-31,M,667.94815,fred,2026-09-07T17:18:12Z
revolving_credit_sa,ALL_HOLDERS,aggregate,all,2000-11-30,M,673.99474,fred,2026-09-07T17:18:12Z
revolving_credit_sa,ALL_HOLDERS,aggregate,all,2000-12-31,M,682.64637,fred,2026-09-07T17:18:12Z
revolving_credit_sa,ALL_HOLDERS,aggregate,all,2001-01-31,M,686.7615,fred,2026-09-07T17:18:12Z
revolving_credit_sa,ALL_HOLDERS,aggregate,all,2001-02-28,M,697.98251,fred,2026-09-07T17:18:12Z
revolving_credit_sa,ALL_HOLDERS,aggregate,all,2001-03-31,M,702.56077,fred,2026-09-07T17:18:12Z
revolving_credit_sa,ALL_HOLDERS,aggregate,all,2001-04-30,M,707.44702,fred,2026-09-07T17:18:12Z
revolving_credit_sa,ALL_HOLDERS,aggregate,all,2001-05-31,M,709.59051,fred,2026-09-07T17:18:12Z
revolving_credit_sa,ALL_HOLDERS,aggregate,all,2001-06-30,M,712.00255,fred,2026-09-07T17:18:12Z
revolving_credit_sa,ALL_HOLDERS,aggregate,all,2001-07-31,M,707.89002,fred,2026-09-07T17:18:12Z
revolving_credit_sa,ALL_HOLDERS,aggregate,all,2001-08-31,M,706.69134,fred,2026-09-07T17:18:12Z
revolving_credit_sa,ALL_HOLDERS,aggregate,all,2001-09-30,M,707.26263,fred,2026-09-07T17:18:12Z
revolving_credit_sa,ALL_HOLDERS,aggregate,all,2001-10-31,M,705.40852,fred,2026-09-07T17:18:12Z
revolving_credit_sa,ALL_HOLDERS,aggregate,all,2001-11-30,M,712.65874,fred,2026-09-07T17:18:12Z
revolving_credit_sa,ALL_HOLDERS,aggregate,all,2001-12-31,M,714.84073,fred,2026-09-07T17:18:12Z
revolving_credit_sa,ALL_HOLDERS,aggregate,all,2002-01-31,M,714.7815,fred,2026-09-07T17:18:12Z
revolving_credit_sa,ALL_HOLDERS,aggregate,all,2002-02-28,M,714.8221,fred,2026-09-07T17:18:12Z
revolving_credit_sa,ALL_HOLDERS,aggregate,all,2002-03-31,M,719.95604,fred,2026-09-07T17:18:12Z
revolving_credit_sa,ALL_HOLDERS,aggregate,all,2002-04-30,M,725.2277,fred,2026-09-07T17:18:12Z
revolving_credit_sa,ALL_HOLDERS,aggregate,all,2002-05-31,M,728.3641,fred,2026-09-07T17:18:12Z
revolving_credit_sa,ALL_HOLDERS,aggregate,all,2002-06-30,M,732.81338,fred,2026-09-07T17:18:12Z
revolving_credit_sa,ALL_HOLDERS,aggregate,all,2002-07-31,M,736.26446,fred,2026-09-07T17:18:12Z
revolving_credit_sa,ALL_HOLDERS,aggregate,all,2002-08-31,M,740.48945,fred,2026-09-07T17:18:12Z
revolving_credit_sa,ALL_HOLDERS,aggregate,all,2002-09-30,M,743.32636,fred,2026-09-07T17:18:12Z
revolving_credit_sa,ALL_HOLDERS,aggregate,all,2002-10-31,M,747.93958,fred,2026-09-07T17:18:12Z
revolving_credit_sa,ALL_HOLDERS,aggregate,all,2002-11-30,M,749.90622,fred,2026-09-07T17:18:12Z
revolving_credit_sa,ALL_HOLDERS,aggregate,all,2002-12-31,M,750.94745,fred,2026-09-07T17:18:12Z
revolving_credit_sa,ALL_HOLDERS,aggregate,all,2003-01-31,M,754.7894,fred,2026-09-07T17:18:12Z
revolving_credit_sa,ALL_HOLDERS,aggregate,all,2003-02-28,M,758.60134,fred,2026-09-07T17:18:12Z
revolving_credit_sa,ALL_HOLDERS,aggregate,all,2003-03-31,M,759.65521,fred,2026-09-07T17:18:12Z
revolving_credit_sa,ALL_HOLDERS,aggregate,all,2003-04-30,M,760.75243,fred,2026-09-07T17:18:12Z
revolving_credit_sa,ALL_HOLDERS,aggregate,all,2003-05-31,M,763.70474,fred,2026-09-07T17:18:12Z
revolving_credit_sa,ALL_HOLDERS,aggregate,all,2003-06-30,M,763.81488,fred,2026-09-07T17:18:12Z
revolving_credit_sa,ALL_HOLDERS,aggregate,all,2003-07-31,M,764.38866,fred,2026-09-07T17:18:12Z
revolving_credit_sa,ALL_HOLDERS,aggregate,all,2003-08-31,M,766.3244,fred,2026-09-07T17:18:12Z
revolving_credit_sa,ALL_HOLDERS,aggregate,all,2003-09-30,M,766.04192,fred,2026-09-07T17:18:12Z
revolving_credit_sa,ALL_HOLDERS,aggregate,all,2003-10-31,M,765.53519,fred,2026-09-07T17:18:12Z
revolving_credit_sa,ALL_HOLDERS,aggregate,all,2003-11-30,M,765.00792,fred,2026-09-07T17:18:12Z
revolving_credit_sa,ALL_HOLDERS,aggregate,all,2003-12-31,M,768.25831,fred,2026-09-07T17:18:12Z
revolving_credit_sa,ALL_HOLDERS,aggregate,all,2004-01-31,M,770.6725,fred,2026-09-07T17:18:12Z
revolving_credit_sa,ALL_HOLDERS,aggregate,all,2004-02-29,M,772.36227,fred,2026-09-07T17:18:12Z
revolving_credit_sa,ALL_HOLDERS,aggregate,all,2004-03-31,M,778.09248,fred,2026-09-07T17:18:12Z
revolving_credit_sa,ALL_HOLDERS,aggregate,all,2004-04-30,M,775.55479,fred,2026-09-07T17:18:12Z
revolving_credit_sa,ALL_HOLDERS,aggregate,all,2004-05-31,M,778.08865,fred,2026-09-07T17:18:12Z
revolving_credit_sa,ALL_HOLDERS,aggregate,all,2004-06-30,M,779.73122,fred,2026-09-07T17:18:12Z
revolving_credit_sa,ALL_HOLDERS,aggregate,all,2004-07-31,M,786.08714,fred,2026-09-07T17:18:12Z
revolving_credit_sa,ALL_HOLDERS,aggregate,all,2004-08-31,M,787.01166,fred,2026-09-07T17:18:12Z
revolving_credit_sa,ALL_HOLDERS,aggregate,all,2004-09-30,M,793.63581,fred,2026-09-07T17:18:12Z
revolving_credit_sa,ALL_HOLDERS,aggregate,all,2004-10-31,M,796.69649,fred,2026-09-07T17:18:12Z
revolving_credit_sa,ALL_HOLDERS,aggregate,all,2004-11-30,M,797.18497,fred,2026-09-07T17:18:12Z
revolving_credit_sa,ALL_HOLDERS,aggregate,all,2004-12-31,M,799.55218,fred,2026-09-07T17:18:12Z
revolving_credit_sa,ALL_HOLDERS,aggregate,all,2005-01-31,M,804.63576,fred,2026-09-07T17:18:12Z
revolving_credit_sa,ALL_HOLDERS,aggregate,all,2005-02-28,M,804.10729,fred,2026-09-07T17:18:12Z
revolving_credit_sa,ALL_HOLDERS,aggregate,all,2005-03-31,M,804.63997,fred,2026-09-07T17:18:12Z
revolving_credit_sa,ALL_HOLDERS,aggregate,all,2005-04-30,M,810.55839,fred,2026-09-07T17:18:12Z
revolving_credit_sa,ALL_HOLDERS,aggregate,all,2005-05-31,M,809.21155,fred,2026-09-07T17:18:12Z
revolving_credit_sa,ALL_HOLDERS,aggregate,all,2005-06-30,M,814.18165,fred,2026-09-07T17:18:12Z
revolving_credit_sa,ALL_HOLDERS,aggregate,all,2005-07-31,M,814.90846,fred,2026-09-07T17:18:12Z
revolving_credit_sa,ALL_HOLDERS,aggregate,all,2005-08-31,M,817.84241,fred,2026-09-07T17:18:12Z
revolving_credit_sa,ALL_HOLDERS,aggregate,all,2005-09-30,M,819.65175,fred,2026-09-07T17:18:12Z
revolving_credit_sa,ALL_HOLDERS,aggregate,all,2005-10-31,M,821.08267,fred,2026-09-07T17:18:12Z
revolving_credit_sa,ALL_HOLDERS,aggregate,all,2005-11-30,M,825.87808,fred,2026-09-07T17:18:12Z
revolving_credit_sa,ALL_HOLDERS,aggregate,all,2005-12-31,M,829.51836,fred,2026-09-07T17:18:12Z
revolving_credit_sa,ALL_HOLDERS,aggregate,all,2006-01-31,M,879.57712,fred,2026-09-07T17:18:12Z
revolving_credit_sa,ALL_HOLDERS,aggregate,all,2006-02-28,M,885.28973,fred,2026-09-07T17:18:12Z
revolving_credit_sa,ALL_HOLDERS,aggregate,all,2006-03-31,M,888.24358,fred,2026-09-07T17:18:12Z
revolving_credit_sa,ALL_HOLDERS,aggregate,all,2006-04-30,M,893.52692,fred,2026-09-07T17:18:12Z
revolving_credit_sa,ALL_HOLDERS,aggregate,all,2006-05-31,M,899.47133,fred,2026-09-07T17:18:12Z
revolving_credit_sa,ALL_HOLDERS,aggregate,all,2006-06-30,M,897.48331,fred,2026-09-07T17:18:12Z
revolving_credit_sa,ALL_HOLDERS,aggregate,all,2006-07-31,M,898.67663,fred,2026-09-07T17:18:12Z
revolving_credit_sa,ALL_HOLDERS,aggregate,all,2006-08-31,M,903.92428,fred,2026-09-07T17:18:12Z
revolving_credit_sa,ALL_HOLDERS,aggregate,all,2006-09-30,M,907.81435,fred,2026-09-07T17:18:12Z
revolving_credit_sa,ALL_HOLDERS,aggregate,all,2006-10-31,M,911.61451,fred,2026-09-07T17:18:12Z
revolving_credit_sa,ALL_HOLDERS,aggregate,all,2006-11-30,M,917.34618,fred,2026-09-07T17:18:12Z
revolving_credit_sa,ALL_HOLDERS,aggregate,all,2006-12-31,M,923.87678,fred,2026-09-07T17:18:12Z
revolving_credit_sa,ALL_HOLDERS,aggregate,all,2007-01-31,M,927.62946,fred,2026-09-07T17:18:12Z
revolving_credit_sa,ALL_HOLDERS,aggregate,all,2007-02-28,M,933.3558,fred,2026-09-07T17:18:12Z
revolving_credit_sa,ALL_HOLDERS,aggregate,all,2007-03-31,M,938.46358,fred,2026-09-07T17:18:12Z
revolving_credit_sa,ALL_HOLDERS,aggregate,all,2007-04-30,M,941.38651,fred,2026-09-07T17:18:12Z
revolving_credit_sa,ALL_HOLDERS,aggregate,all,2007-05-31,M,950.62604,fred,2026-09-07T17:18:12Z
revolving_credit_sa,ALL_HOLDERS,aggregate,all,2007-06-30,M,953.92509,fred,2026-09-07T17:18:12Z
revolving_credit_sa,ALL_HOLDERS,aggregate,all,2007-07-31,M,958.32231,fred,2026-09-07T17:18:12Z
revolving_credit_sa,ALL_HOLDERS,aggregate,all,2007-08-31,M,968.22562,fred,2026-09-07T17:18:12Z
revolving_credit_sa,ALL_HOLDERS,aggregate,all,2007-09-30,M,975.49977,fred,2026-09-07T17:18:12Z
revolving_credit_sa,ALL_HOLDERS,aggregate,all,2007-10-31,M,982.85285,fred,2026-09-07T17:18:12Z
revolving_credit_sa,ALL_HOLDERS,aggregate,all,2007-11-30,M,994.56528,fred,2026-09-07T17:18:12Z
revolving_credit_sa,ALL_HOLDERS,aggregate,all,2007-12-31,M,1001.6253,fred,2026-09-07T17:18:12Z
revolving_credit_sa,ALL_HOLDERS,aggregate,all,2008-01-31,M,1008.03446,fred,2026-09-07T17:18:12Z
revolving_credit_sa,ALL_HOLDERS,aggregate,all,2008-02-29,M,1014.94446,fred,2026-09-07T17:18:12Z
revolving_credit_sa,ALL_HOLDERS,aggregate,all,2008-03-31,M,1016.772,fred,2026-09-07T17:18:12Z
revolving_credit_sa,ALL_HOLDERS,aggregate,all,2008-04-30,M,1018.53196,fred,2026-09-07T17:18:12Z
revolving_credit_sa,ALL_HOLDERS,aggregate,all,2008-05-31,M,1019.63696,fred,2026-09-07T17:18:12Z
revolving_credit_sa,ALL_HOLDERS,aggregate,all,2008-06-30,M,1019.32207,fred,2026-09-07T17:18:12Z
revolving_credit_sa,ALL_HOLDERS,aggregate,all,2008-07-31,M,1018.3639,fred,2026-09-07T17:18:12Z
revolving_credit_sa,ALL_HOLDERS,aggregate,all,2008-08-31,M,1017.43052,fred,2026-09-07T17:18:12Z
revolving_credit_sa,ALL_HOLDERS,aggregate,all,2008-09-30,M,1012.56094,fred,2026-09-07T17:18:12Z
revolving_credit_sa,ALL_HOLDERS,aggregate,all,2008-10-31,M,1016.46134,fred,2026-09-07T17:18:12Z
revolving_credit_sa,ALL_HOLDERS,aggregate,all,2008-11-30,M,1010.48206,fred,2026-09-07T17:18:12Z
revolving_credit_sa,ALL_HOLDERS,aggregate,all,2008-12-31,M,1003.99704,fred,2026-09-07T17:18:12Z
revolving_credit_sa,ALL_HOLDERS,aggregate,all,2009-01-31,M,1007.21524,fred,2026-09-07T17:18:12Z
revolving_credit_sa,ALL_HOLDERS,aggregate,all,2009-02-28,M,998.87618,fred,2026-09-07T17:18:12Z
revolving_credit_sa,ALL_HOLDERS,aggregate,all,2009-03-31,M,984.51263,fred,2026-09-07T17:18:12Z
revolving_credit_sa,ALL_HOLDERS,aggregate,all,2009-04-30,M,980.66614,fred,2026-09-07T17:18:12Z
revolving_credit_sa,ALL_HOLDERS,aggregate,all,2009-05-31,M,966.76034,fred,2026-09-07T17:18:12Z
revolving_credit_sa,ALL_HOLDERS,aggregate,all,2009-06-30,M,963.14709,fred,2026-09-07T17:18:12Z
revolving_credit_sa,ALL_HOLDERS,aggregate,all,2009-07-31,M,960.21734,fred,2026-09-07T17:18:12Z
revolving_credit_sa,ALL_HOLDERS,aggregate,all,2009-08-31,M,952.04504,fred,2026-09-07T17:18:12Z
revolving_credit_sa,ALL_HOLDERS,aggregate,all,2009-09-30,M,947.92326,fred,2026-09-07T17:18:12Z
revolving_credit_sa,ALL_HOLDERS,aggregate,all,2009-10-31,M,940.39211,fred,2026-09-07T17:18:12Z
revolving_credit_sa,ALL_HOLDERS,aggregate,all,2009-11-30,M,924.82091,fred,2026-09-07T17:18:12Z
revolving_credit_sa,ALL_HOLDERS,aggregate,all,2009-12-31,M,916.07663,fred,2026-09-07T17:18:12Z
revolving_credit_sa,ALL_HOLDERS,aggregate,all,2010-01-31,M,909.53116,fred,2026-09-07T17:18:12Z
revolving_credit_sa,ALL_HOLDERS,aggregate,all,2010-02-28,M,902.33023,fred,2026-09-07T17:18:12Z
revolving_credit_sa,ALL_HOLDERS,aggregate,all,2010-03-31,M,897.87961,fred,2026-09-07T17:18:12Z
revolving_credit_sa,ALL_HOLDERS,aggregate,all,2010-04-30,M,896.60291,fred,2026-09-07T17:18:12Z
revolving_credit_sa,ALL_HOLDERS,aggregate,all,2010-05-31,M,882.59544,fred,2026-09-07T17:18:12Z
revolving_credit_sa,ALL_HOLDERS,aggregate,all,2010-06-30,M,877.04312,fred,2026-09-07T17:18:12Z
revolving_credit_sa,ALL_HOLDERS,aggregate,all,2010-07-31,M,873.22328,fred,2026-09-07T17:18:12Z
revolving_credit_sa,ALL_HOLDERS,aggregate,all,2010-08-31,M,866.78493,fred,2026-09-07T17:18:12Z
revolving_credit_sa,ALL_HOLDERS,aggregate,all,2010-09-30,M,862.09068,fred,2026-09-07T17:18:12Z
revolving_credit_sa,ALL_HOLDERS,aggregate,all,2010-10-31,M,855.38039,fred,2026-09-07T17:18:12Z
revolving_credit_sa,ALL_HOLDERS,aggregate,all,2010-11-30,M,851.02371,fred,2026-09-07T17:18:12Z
revolving_credit_sa,ALL_HOLDERS,aggregate,all,2010-12-31,M,839.10267,fred,2026-09-07T17:18:12Z
revolving_credit_sa,ALL_HOLDERS,aggregate,all,2011-01-31,M,835.41827,fred,2026-09-07T17:18:12Z
revolving_credit_sa,ALL_HOLDERS,aggregate,all,2011-02-28,M,833.74499,fred,2026-09-07T17:18:12Z
revolving_credit_sa,ALL_HOLDERS,aggregate,all,2011-03-31,M,835.66793,fred,2026-09-07T17:18:12Z
revolving_credit_sa,ALL_HOLDERS,aggregate,all,2011-04-30,M,834.22614,fred,2026-09-07T17:18:12Z
revolving_credit_sa,ALL_HOLDERS,aggregate,all,2011-05-31,M,832.51072,fred,2026-09-07T17:18:12Z
revolving_credit_sa,ALL_HOLDERS,aggregate,all,2011-06-30,M,836.24843,fred,2026-09-07T17:18:12Z
revolving_credit_sa,ALL_HOLDERS,aggregate,all,2011-07-31,M,836.45922,fred,2026-09-07T17:18:12Z
revolving_credit_sa,ALL_HOLDERS,aggregate,all,2011-08-31,M,836.2136,fred,2026-09-07T17:18:12Z
revolving_credit_sa,ALL_HOLDERS,aggregate,all,2011-09-30,M,838.29307,fred,2026-09-07T17:18:12Z
revolving_credit_sa,ALL_HOLDERS,aggregate,all,2011-10-31,M,838.23509,fred,2026-09-07T17:18:12Z
revolving_credit_sa,ALL_HOLDERS,aggregate,all,2011-11-30,M,842.06965,fred,2026-09-07T17:18:12Z
revolving_credit_sa,ALL_HOLDERS,aggregate,all,2011-12-31,M,840.16423,fred,2026-09-07T17:18:12Z
revolving_credit_sa,ALL_HOLDERS,aggregate,all,2012-01-31,M,840.48451,fred,2026-09-07T17:18:12Z
revolving_credit_sa,ALL_HOLDERS,aggregate,all,2012-02-29,M,842.73181,fred,2026-09-07T17:18:12Z
revolving_credit_sa,ALL_HOLDERS,aggregate,all,2012-03-31,M,842.77494,fred,2026-09-07T17:18:12Z
revolving_credit_sa,ALL_HOLDERS,aggregate,all,2012-04-30,M,838.27676,fred,2026-09-07T17:18:12Z
revolving_credit_sa,ALL_HOLDERS,aggregate,all,2012-05-31,M,839.97512,fred,2026-09-07T17:18:12Z
revolving_credit_sa,ALL_HOLDERS,aggregate,all,2012-06-30,M,838.81852,fred,2026-09-07T17:18:12Z
revolving_credit_sa,ALL_HOLDERS,aggregate,all,2012-07-31,M,837.49026,fred,2026-09-07T17:18:12Z
revolving_credit_sa,ALL_HOLDERS,aggregate,all,2012-08-31,M,841.40915,fred,2026-09-07T17:18:12Z
revolving_credit_sa,ALL_HOLDERS,aggregate,all,2012-09-30,M,841.56754,fred,2026-09-07T17:18:12Z
revolving_credit_sa,ALL_HOLDERS,aggregate,all,2012-10-31,M,843.40968,fred,2026-09-07T17:18:12Z
revolving_credit_sa,ALL_HOLDERS,aggregate,all,2012-11-30,M,845.82777,fred,2026-09-07T17:18:12Z
revolving_credit_sa,ALL_HOLDERS,aggregate,all,2012-12-31,M,839.98084,fred,2026-09-07T17:18:12Z
revolving_credit_sa,ALL_HOLDERS,aggregate,all,2013-01-31,M,844.79466,fred,2026-09-07T17:18:12Z
revolving_credit_sa,ALL_HOLDERS,aggregate,all,2013-02-28,M,850.40645,fred,2026-09-07T17:18:12Z
revolving_credit_sa,ALL_HOLDERS,aggregate,all,2013-03-31,M,849.56363,fred,2026-09-07T17:18:12Z
revolving_credit_sa,ALL_HOLDERS,aggregate,all,2013-04-30,M,847.85623,fred,2026-09-07T17:18:12Z
revolving_credit_sa,ALL_HOLDERS,aggregate,all,2013-05-31,M,851.75163,fred,2026-09-07T17:18:12Z
revolving_credit_sa,ALL_HOLDERS,aggregate,all,2013-06-30,M,850.68848,fred,2026-09-07T17:18:12Z
revolving_credit_sa,ALL_HOLDERS,aggregate,all,2013-07-31,M,850.85489,fred,2026-09-07T17:18:12Z
revolving_credit_sa,ALL_HOLDERS,aggregate,all,2013-08-31,M,852.37838,fred,2026-09-07T17:18:12Z
revolving_credit_sa,ALL_HOLDERS,aggregate,all,2013-09-30,M,853.26362,fred,2026-09-07T17:18:12Z
revolving_credit_sa,ALL_HOLDERS,aggregate,all,2013-10-31,M,856.96462,fred,2026-09-07T17:18:12Z
revolving_credit_sa,ALL_HOLDERS,aggregate,all,2013-11-30,M,852.43984,fred,2026-09-07T17:18:12Z
revolving_credit_sa,ALL_HOLDERS,aggregate,all,2013-12-31,M,854.1388,fred,2026-09-07T17:18:12Z
revolving_credit_sa,ALL_HOLDERS,aggregate,all,2014-01-31,M,860.89656,fred,2026-09-07T17:18:12Z
revolving_credit_sa,ALL_HOLDERS,aggregate,all,2014-02-28,M,866.69765,fred,2026-09-07T17:18:12Z
revolving_credit_sa,ALL_HOLDERS,aggregate,all,2014-03-31,M,868.75338,fred,2026-09-07T17:18:12Z
revolving_credit_sa,ALL_HOLDERS,aggregate,all,2014-04-30,M,875.08645,fred,2026-09-07T17:18:12Z
revolving_credit_sa,ALL_HOLDERS,aggregate,all,2014-05-31,M,878.55519,fred,2026-09-07T17:18:12Z
revolving_credit_sa,ALL_HOLDERS,aggregate,all,2014-06-30,M,878.41509,fred,2026-09-07T17:18:12Z
revolving_credit_sa,ALL_HOLDERS,aggregate,all,2014-07-31,M,884.17175,fred,2026-09-07T17:18:12Z
revolving_credit_sa,ALL_HOLDERS,aggregate,all,2014-08-31,M,886.13352,fred,2026-09-07T17:18:12Z
revolving_credit_sa,ALL_HOLDERS,aggregate,all,2014-09-30,M,887.16915,fred,2026-09-07T17:18:12Z
revolving_credit_sa,ALL_HOLDERS,aggregate,all,2014-10-31,M,889.79843,fred,2026-09-07T17:18:12Z
revolving_credit_sa,ALL_HOLDERS,aggregate,all,2014-11-30,M,882.17375,fred,2026-09-07T17:18:12Z
revolving_credit_sa,ALL_HOLDERS,aggregate,all,2014-12-31,M,887.38164,fred,2026-09-07T17:18:12Z
revolving_credit_sa,ALL_HOLDERS,aggregate,all,2015-01-31,M,881.03359,fred,2026-09-07T17:18:12Z
revolving_credit_sa,ALL_HOLDERS,aggregate,all,2015-02-28,M,884.75164,fred,2026-09-07T17:18:12Z
revolving_credit_sa,ALL_HOLDERS,aggregate,all,2015-03-31,M,890.77797,fred,2026-09-07T17:18:12Z
revolving_credit_sa,ALL_HOLDERS,aggregate,all,2015-04-30,M,898.60206,fred,2026-09-07T17:18:12Z
revolving_credit_sa,ALL_HOLDERS,aggregate,all,2015-05-31,M,900.34245,fred,2026-09-07T17:18:12Z
revolving_credit_sa,ALL_HOLDERS,aggregate,all,2015-06-30,M,905.4907,fred,2026-09-07T17:18:12Z
revolving_credit_sa,ALL_HOLDERS,aggregate,all,2015-07-31,M,911.44236,fred,2026-09-07T17:18:12Z
revolving_credit_sa,ALL_HOLDERS,aggregate,all,2015-08-31,M,914.59411,fred,2026-09-07T17:18:12Z
revolving_credit_sa,ALL_HOLDERS,aggregate,all,2015-09-30,M,920.69887,fred,2026-09-07T17:18:12Z
revolving_credit_sa,ALL_HOLDERS,aggregate,all,2015-10-31,M,921.73124,fred,2026-09-07T17:18:12Z
revolving_credit_sa,ALL_HOLDERS,aggregate,all,2015-11-30,M,917.81955,fred,2026-09-07T17:18:12Z
revolving_credit_sa,ALL_HOLDERS,aggregate,all,2015-12-31,M,898.08265,fred,2026-09-07T17:18:12Z
revolving_credit_sa,ALL_HOLDERS,aggregate,all,2016-01-31,M,903.39127,fred,2026-09-07T17:18:12Z
revolving_credit_sa,ALL_HOLDERS,aggregate,all,2016-02-29,M,907.24794,fred,2026-09-07T17:18:12Z
revolving_credit_sa,ALL_HOLDERS,aggregate,all,2016-03-31,M,920.92783,fred,2026-09-07T17:18:12Z
revolving_credit_sa,ALL_HOLDERS,aggregate,all,2016-04-30,M,926.77757,fred,2026-09-07T17:18:12Z
revolving_credit_sa,ALL_HOLDERS,aggregate,all,2016-05-31,M,926.20793,fred,2026-09-07T17:18:12Z
revolving_credit_sa,ALL_HOLDERS,aggregate,all,2016-06-30,M,934.91474,fred,2026-09-07T17:18:12Z
revolving_credit_sa,ALL_HOLDERS,aggregate,all,2016-07-31,M,940.89383,fred,2026-09-07T17:18:12Z
revolving_credit_sa,ALL_HOLDERS,aggregate,all,2016-08-31,M,945.4502,fred,2026-09-07T17:18:12Z
revolving_credit_sa,ALL_HOLDERS,aggregate,all,2016-09-30,M,950.38325,fred,2026-09-07T17:18:12Z
revolving_credit_sa,ALL_HOLDERS,aggregate,all,2016-10-31,M,949.01977,fred,2026-09-07T17:18:12Z
revolving_credit_sa,ALL_HOLDERS,aggregate,all,2016-11-30,M,953.42745,fred,2026-09-07T17:18:12Z
revolving_credit_sa,ALL_HOLDERS,aggregate,all,2016-12-31,M,960.09549,fred,2026-09-07T17:18:12Z
revolving_credit_sa,ALL_HOLDERS,aggregate,all,2017-01-31,M,963.41214,fred,2026-09-07T17:18:12Z
revolving_credit_sa,ALL_HOLDERS,aggregate,all,2017-02-28,M,969.19419,fred,2026-09-07T17:18:12Z
revolving_credit_sa,ALL_HOLDERS,aggregate,all,2017-03-31,M,974.86885,fred,2026-09-07T17:18:12Z
revolving_credit_sa,ALL_HOLDERS,aggregate,all,2017-04-30,M,978.10415,fred,2026-09-07T17:18:12Z
revolving_credit_sa,ALL_HOLDERS,aggregate,all,2017-05-31,M,980.27999,fred,2026-09-07T17:18:12Z
revolving_credit_sa,ALL_HOLDERS,aggregate,all,2017-06-30,M,985.02853,fred,2026-09-07T17:18:12Z
revolving_credit_sa,ALL_HOLDERS,aggregate,all,2017-07-31,M,988.17045,fred,2026-09-07T17:18:12Z
revolving_credit_sa,ALL_HOLDERS,aggregate,all,2017-08-31,M,992.5231,fred,2026-09-07T17:18:12Z
revolving_credit_sa,ALL_HOLDERS,aggregate,all,2017-09-30,M,998.84697,fred,2026-09-07T17:18:12Z
revolving_credit_sa,ALL_HOLDERS,aggregate,all,2017-10-31,M,1005.84463,fred,2026-09-07T17:18:12Z
revolving_credit_sa,ALL_HOLDERS,aggregate,all,2017-11-30,M,1011.8107,fred,2026-09-07T17:18:12Z
revolving_credit_sa,ALL_HOLDERS,aggregate,all,2017-12-31,M,1016.8066,fred,2026-09-07T17:18:12Z
revolving_credit_sa,ALL_HOLDERS,aggregate,all,2018-01-31,M,1022.64586,fred,2026-09-07T17:18:12Z
revolving_credit_sa,ALL_HOLDERS,aggregate,all,2018-02-28,M,1024.8319,fred,2026-09-07T17:18:12Z
revolving_credit_sa,ALL_HOLDERS,aggregate,all,2018-03-31,M,1028.76603,fred,2026-09-07T17:18:12Z
revolving_credit_sa,ALL_HOLDERS,aggregate,all,2018-04-30,M,1025.12626,fred,2026-09-07T17:18:12Z
revolving_credit_sa,ALL_HOLDERS,aggregate,all,2018-05-31,M,1027.28318,fred,2026-09-07T17:18:12Z
revolving_credit_sa,ALL_HOLDERS,aggregate,all,2018-06-30,M,1025.34697,fred,2026-09-07T17:18:12Z
revolving_credit_sa,ALL_HOLDERS,aggregate,all,2018-07-31,M,1035.82478,fred,2026-09-07T17:18:12Z
revolving_credit_sa,ALL_HOLDERS,aggregate,all,2018-08-31,M,1042.27479,fred,2026-09-07T17:18:12Z
revolving_credit_sa,ALL_HOLDERS,aggregate,all,2018-09-30,M,1044.4359,fred,2026-09-07T17:18:12Z
revolving_credit_sa,ALL_HOLDERS,aggregate,all,2018-10-31,M,1050.20023,fred,2026-09-07T17:18:12Z
revolving_credit_sa,ALL_HOLDERS,aggregate,all,2018-11-30,M,1052.27329,fred,2026-09-07T17:18:12Z
revolving_credit_sa,ALL_HOLDERS,aggregate,all,2018-12-31,M,1053.84744,fred,2026-09-07T17:18:12Z
revolving_credit_sa,ALL_HOLDERS,aggregate,all,2019-01-31,M,1060.87135,fred,2026-09-07T17:18:12Z
revolving_credit_sa,ALL_HOLDERS,aggregate,all,2019-02-28,M,1063.15234,fred,2026-09-07T17:18:12Z
revolving_credit_sa,ALL_HOLDERS,aggregate,all,2019-03-31,M,1063.18399,fred,2026-09-07T17:18:12Z
revolving_credit_sa,ALL_HOLDERS,aggregate,all,2019-04-30,M,1069.91176,fred,2026-09-07T17:18:12Z
revolving_credit_sa,ALL_HOLDERS,aggregate,all,2019-05-31,M,1073.2195,fred,2026-09-07T17:18:12Z
revolving_credit_sa,ALL_HOLDERS,aggregate,all,2019-06-30,M,1071.35644,fred,2026-09-07T17:18:12Z
revolving_credit_sa,ALL_HOLDERS,aggregate,all,2019-07-31,M,1082.72564,fred,2026-09-07T17:18:12Z
revolving_credit_sa,ALL_HOLDERS,aggregate,all,2019-08-31,M,1084.05865,fred,2026-09-07T17:18:12Z
revolving_credit_sa,ALL_HOLDERS,aggregate,all,2019-09-30,M,1084.27268,fred,2026-09-07T17:18:12Z
revolving_credit_sa,ALL_HOLDERS,aggregate,all,2019-10-31,M,1087.26079,fred,2026-09-07T17:18:12Z
revolving_credit_sa,ALL_HOLDERS,aggregate,all,2019-11-30,M,1077.23511,fred,2026-09-07T17:18:12Z
revolving_credit_sa,ALL_HOLDERS,aggregate,all,2019-12-31,M,1091.98888,fred,2026-09-07T17:18:12Z
revolving_credit_sa,ALL_HOLDERS,aggregate,all,2020-01-31,M,1076.0666,fred,2026-09-07T17:18:12Z
revolving_credit_sa,ALL_HOLDERS,aggregate,all,2020-02-29,M,1081.53896,fred,2026-09-07T17:18:12Z
revolving_credit_sa,ALL_HOLDERS,aggregate,all,2020-03-31,M,1062.20746,fred,2026-09-07T17:18:12Z
revolving_credit_sa,ALL_HOLDERS,aggregate,all,2020-04-30,M,1005.1029,fred,2026-09-07T17:18:12Z
revolving_credit_sa,ALL_HOLDERS,aggregate,all,2020-05-31,M,980.41913,fred,2026-09-07T17:18:12Z
revolving_credit_sa,ALL_HOLDERS,aggregate,all,2020-06-30,M,973.45287,fred,2026-09-07T17:18:12Z
revolving_credit_sa,ALL_HOLDERS,aggregate,all,2020-07-31,M,971.3032,fred,2026-09-07T17:18:12Z
revolving_credit_sa,ALL_HOLDERS,aggregate,all,2020-08-31,M,961.38723,fred,2026-09-07T17:18:12Z
revolving_credit_sa,ALL_HOLDERS,aggregate,all,2020-09-30,M,964.35767,fred,2026-09-07T17:18:12Z
revolving_credit_sa,ALL_HOLDERS,aggregate,all,2020-10-31,M,961.05049,fred,2026-09-07T17:18:12Z
revolving_credit_sa,ALL_HOLDERS,aggregate,all,2020-11-30,M,953.26765,fred,2026-09-07T17:18:12Z
revolving_credit_sa,ALL_HOLDERS,aggregate,all,2020-12-31,M,954.60343,fred,2026-09-07T17:18:12Z
revolving_credit_sa,ALL_HOLDERS,aggregate,all,2021-01-31,M,951.4101,fred,2026-09-07T17:18:12Z
revolving_credit_sa,ALL_HOLDERS,aggregate,all,2021-02-28,M,955.38231,fred,2026-09-07T17:18:12Z
revolving_credit_sa,ALL_HOLDERS,aggregate,all,2021-03-31,M,952.0808,fred,2026-09-07T17:18:12Z
revolving_credit_sa,ALL_HOLDERS,aggregate,all,2021-04-30,M,952.14446,fred,2026-09-07T17:18:12Z
revolving_credit_sa,ALL_HOLDERS,aggregate,all,2021-05-31,M,960.4518,fred,2026-09-07T17:18:12Z
revolving_credit_sa,ALL_HOLDERS,aggregate,all,2021-06-30,M,985.55264,fred,2026-09-07T17:18:12Z
revolving_credit_sa,ALL_HOLDERS,aggregate,all,2021-07-31,M,990.63482,fred,2026-09-07T17:18:12Z
revolving_credit_sa,ALL_HOLDERS,aggregate,all,2021-08-31,M,994.03502,fred,2026-09-07T17:18:12Z
revolving_credit_sa,ALL_HOLDERS,aggregate,all,2021-09-30,M,1005.47137,fred,2026-09-07T17:18:12Z
revolving_credit_sa,ALL_HOLDERS,aggregate,all,2021-10-31,M,1013.71784,fred,2026-09-07T17:18:12Z
revolving_credit_sa,ALL_HOLDERS,aggregate,all,2021-11-30,M,1026.36594,fred,2026-09-07T17:18:12Z
revolving_credit_sa,ALL_HOLDERS,aggregate,all,2021-12-31,M,1033.54693,fred,2026-09-07T17:18:12Z
revolving_credit_sa,ALL_HOLDERS,aggregate,all,2022-01-31,M,1043.043,fred,2026-09-07T17:18:12Z
revolving_credit_sa,ALL_HOLDERS,aggregate,all,2022-02-28,M,1054.70834,fred,2026-09-07T17:18:12Z
revolving_credit_sa,ALL_HOLDERS,aggregate,all,2022-03-31,M,1077.50317,fred,2026-09-07T17:18:12Z
revolving_credit_sa,ALL_HOLDERS,aggregate,all,2022-04-30,M,1091.12882,fred,2026-09-07T17:18:12Z
revolving_credit_sa,ALL_HOLDERS,aggregate,all,2022-05-31,M,1100.5473,fred,2026-09-07T17:18:12Z
revolving_credit_sa,ALL_HOLDERS,aggregate,all,2022-06-30,M,1120.16809,fred,2026-09-07T17:18:12Z
revolving_credit_sa,ALL_HOLDERS,aggregate,all,2022-07-31,M,1129.89402,fred,2026-09-07T17:18:12Z
revolving_credit_sa,ALL_HOLDERS,aggregate,all,2022-08-31,M,1144.93067,fred,2026-09-07T17:18:12Z
revolving_credit_sa,ALL_HOLDERS,aggregate,all,2022-09-30,M,1155.43956,fred,2026-09-07T17:18:12Z
revolving_credit_sa,ALL_HOLDERS,aggregate,all,2022-10-31,M,1167.445,fred,2026-09-07T17:18:12Z
revolving_credit_sa,ALL_HOLDERS,aggregate,all,2022-11-30,M,1183.88899,fred,2026-09-07T17:18:12Z
revolving_credit_sa,ALL_HOLDERS,aggregate,all,2022-12-31,M,1192.6397,fred,2026-09-07T17:18:12Z
revolving_credit_sa,ALL_HOLDERS,aggregate,all,2023-01-31,M,1199.84864,fred,2026-09-07T17:18:12Z
revolving_credit_sa,ALL_HOLDERS,aggregate,all,2023-02-28,M,1204.6579,fred,2026-09-07T17:18:12Z
revolving_credit_sa,ALL_HOLDERS,aggregate,all,2023-03-31,M,1220.94204,fred,2026-09-07T17:18:12Z
revolving_credit_sa,ALL_HOLDERS,aggregate,all,2023-04-30,M,1232.54416,fred,2026-09-07T17:18:12Z
revolving_credit_sa,ALL_HOLDERS,aggregate,all,2023-05-31,M,1241.27433,fred,2026-09-07T17:18:12Z
revolving_credit_sa,ALL_HOLDERS,aggregate,all,2023-06-30,M,1247.63005,fred,2026-09-07T17:18:12Z
revolving_credit_sa,ALL_HOLDERS,aggregate,all,2023-07-31,M,1255.74942,fred,2026-09-07T17:18:12Z
revolving_credit_sa,ALL_HOLDERS,aggregate,all,2023-08-31,M,1271.8086,fred,2026-09-07T17:18:12Z
revolving_credit_sa,ALL_HOLDERS,aggregate,all,2023-09-30,M,1277.92745,fred,2026-09-07T17:18:12Z
revolving_credit_sa,ALL_HOLDERS,aggregate,all,2023-10-31,M,1282.36029,fred,2026-09-07T17:18:12Z
revolving_credit_sa,ALL_HOLDERS,aggregate,all,2023-11-30,M,1301.58414,fred,2026-09-07T17:18:12Z
revolving_credit_sa,ALL_HOLDERS,aggregate,all,2023-12-31,M,1298.86594,fred,2026-09-07T17:18:12Z
revolving_credit_sa,ALL_HOLDERS,aggregate,all,2024-01-31,M,1308.36021,fred,2026-09-07T17:18:12Z
revolving_credit_sa,ALL_HOLDERS,aggregate,all,2024-02-29,M,1319.46664,fred,2026-09-07T17:18:12Z
revolving_credit_sa,ALL_HOLDERS,aggregate,all,2024-03-31,M,1320.92067,fred,2026-09-07T17:18:12Z
revolving_credit_sa,ALL_HOLDERS,aggregate,all,2024-04-30,M,1322.88921,fred,2026-09-07T17:18:12Z
revolving_credit_sa,ALL_HOLDERS,aggregate,all,2024-05-31,M,1331.2856,fred,2026-09-07T17:18:12Z
revolving_credit_sa,ALL_HOLDERS,aggregate,all,2024-06-30,M,1330.87894,fred,2026-09-07T17:18:12Z
revolving_credit_sa,ALL_HOLDERS,aggregate,all,2024-07-31,M,1337.48465,fred,2026-09-07T17:18:12Z
revolving_credit_sa,ALL_HOLDERS,aggregate,all,2024-08-31,M,1340.18448,fred,2026-09-07T17:18:12Z
revolving_credit_sa,ALL_HOLDERS,aggregate,all,2024-09-30,M,1342.48089,fred,2026-09-07T17:18:12Z
revolving_credit_sa,ALL_HOLDERS,aggregate,all,2024-10-31,M,1352.43361,fred,2026-09-07T17:18:12Z
revolving_credit_sa,ALL_HOLDERS,aggregate,all,2024-11-30,M,1342.09048,fred,2026-09-07T17:18:12Z
revolving_credit_sa,ALL_HOLDERS,aggregate,all,2024-12-31,M,1296.96562,fred,2026-09-07T17:18:12Z
revolving_credit_sa,ALL_HOLDERS,aggregate,all,2025-01-31,M,1301.93581,fred,2026-09-07T17:18:12Z
revolving_credit_sa,ALL_HOLDERS,aggregate,all,2025-02-28,M,1304.18174,fred,2026-09-07T17:18:12Z
revolving_credit_sa,ALL_HOLDERS,aggregate,all,2025-03-31,M,1292.80254,fred,2026-09-07T17:18:12Z
revolving_credit_sa,ALL_HOLDERS,aggregate,all,2025-04-30,M,1299.41258,fred,2026-09-07T17:18:12Z
revolving_credit_sa,ALL_HOLDERS,aggregate,all,2025-05-31,M,1300.22495,fred,2026-09-07T17:18:12Z
revolving_credit_sa,ALL_HOLDERS,aggregate,all,2025-06-30,M,1301.74216,fred,2026-09-07T17:18:12Z
revolving_credit_sa,ALL_HOLDERS,aggregate,all,2025-07-31,M,1310.28147,fred,2026-09-07T17:18:12Z
revolving_credit_sa,ALL_HOLDERS,aggregate,all,2025-08-31,M,1308.31166,fred,2026-09-07T17:18:12Z
revolving_credit_sa,ALL_HOLDERS,aggregate,all,2025-09-30,M,1312.71348,fred,2026-09-07T17:18:12Z
revolving_credit_sa,ALL_HOLDERS,aggregate,all,2025-10-31,M,1317.07774,fred,2026-09-07T17:18:12Z
revolving_credit_sa,ALL_HOLDERS,aggregate,all,2025-11-30,M,1316.33621,fred,2026-09-07T17:18:12Z
revolving_credit_sa,ALL_HOLDERS,aggregate,all,2025-12-31,M,1324.32234,fred,2026-09-07T17:18:12Z
revolving_credit_sa,ALL_HOLDERS,aggregate,all,2026-01-31,M,1326.08372,fred,2026-09-07T17:18:12Z
revolving_credit_sa,ALL_HOLDERS,aggregate,all,2026-02-28,M,1327.20623,fred,2026-09-07T17:18:12Z
revolving_credit_sa,ALL_HOLDERS,aggregate,all,2026-03-31,M,1337.95933,fred,2026-09-07T17:18:12Z
revolving_credit_sa,ALL_HOLDERS,aggregate,all,2026-04-30,M,1349.63151,fred,2026-09-07T17:18:12Z
revolving_credit_sa,ALL_HOLDERS,aggregate,all,2026-05-31,M,1344.32887,fred,2026-09-07T17:18:12Z
revolving_credit_sa,ALL_HOLDERS,aggregate,all,2026-06-30,M,1351.06914,fred,2026-09-07T17:18:12Z
sloos_card_standards_net_tightening,SLOOS_DOMESTIC,aggregate,all,1996-03-31,Q,25,fred,2026-09-07T17:18:12Z
sloos_card_standards_net_tightening,SLOOS_DOMESTIC,aggregate,all,1996-06-30,Q,23.4,fred,2026-09-07T17:18:12Z
sloos_card_standards_net_tightening,SLOOS_DOMESTIC,aggregate,all,1996-09-30,Q,48.9,fred,2026-09-07T17:18:12Z
sloos_card_standards_net_tightening,SLOOS_DOMESTIC,aggregate,all,1996-12-31,Q,48.9,fred,2026-09-07T17:18:12Z
sloos_card_standards_net_tightening,SLOOS_DOMESTIC,aggregate,all,1997-03-31,Q,37,fred,2026-09-07T17:18:12Z
sloos_card_standards_net_tightening,SLOOS_DOMESTIC,aggregate,all,1997-06-30,Q,45.8,fred,2026-09-07T17:18:12Z
sloos_card_standards_net_tightening,SLOOS_DOMESTIC,aggregate,all,1997-09-30,Q,23.3,fred,2026-09-07T17:18:12Z
sloos_card_standards_net_tightening,SLOOS_DOMESTIC,aggregate,all,1997-12-31,Q,25,fred,2026-09-07T17:18:12Z
sloos_card_standards_net_tightening,SLOOS_DOMESTIC,aggregate,all,1998-03-31,Q,22.2,fred,2026-09-07T17:18:12Z
sloos_card_standards_net_tightening,SLOOS_DOMESTIC,aggregate,all,1998-06-30,Q,16.3,fred,2026-09-07T17:18:12Z
sloos_card_standards_net_tightening,SLOOS_DOMESTIC,aggregate,all,1998-09-30,Q,20,fred,2026-09-07T17:18:12Z
sloos_card_standards_net_tightening,SLOOS_DOMESTIC,aggregate,all,1998-12-31,Q,15.9,fred,2026-09-07T17:18:12Z
sloos_card_standards_net_tightening,SLOOS_DOMESTIC,aggregate,all,1999-03-31,Q,7.3,fred,2026-09-07T17:18:12Z
sloos_card_standards_net_tightening,SLOOS_DOMESTIC,aggregate,all,1999-06-30,Q,13.3,fred,2026-09-07T17:18:12Z
sloos_card_standards_net_tightening,SLOOS_DOMESTIC,aggregate,all,1999-09-30,Q,4.8,fred,2026-09-07T17:18:12Z
sloos_card_standards_net_tightening,SLOOS_DOMESTIC,aggregate,all,1999-12-31,Q,4.9,fred,2026-09-07T17:18:12Z
sloos_card_standards_net_tightening,SLOOS_DOMESTIC,aggregate,all,2000-03-31,Q,4.8,fred,2026-09-07T17:18:12Z
sloos_card_standards_net_tightening,SLOOS_DOMESTIC,aggregate,all,2000-06-30,Q,2.6,fred,2026-09-07T17:18:12Z
sloos_card_standards_net_tightening,SLOOS_DOMESTIC,aggregate,all,2000-09-30,Q,-2.6,fred,2026-09-07T17:18:12Z
sloos_card_standards_net_tightening,SLOOS_DOMESTIC,aggregate,all,2000-12-31,Q,8.3,fred,2026-09-07T17:18:12Z
sloos_card_standards_net_tightening,SLOOS_DOMESTIC,aggregate,all,2001-03-31,Q,11.8,fred,2026-09-07T17:18:12Z
sloos_card_standards_net_tightening,SLOOS_DOMESTIC,aggregate,all,2001-06-30,Q,20,fred,2026-09-07T17:18:12Z
sloos_card_standards_net_tightening,SLOOS_DOMESTIC,aggregate,all,2001-09-30,Q,11.4,fred,2026-09-07T17:18:12Z
sloos_card_standards_net_tightening,SLOOS_DOMESTIC,aggregate,all,2001-12-31,Q,20,fred,2026-09-07T17:18:12Z
sloos_card_standards_net_tightening,SLOOS_DOMESTIC,aggregate,all,2002-03-31,Q,18.2,fred,2026-09-07T17:18:12Z
sloos_card_standards_net_tightening,SLOOS_DOMESTIC,aggregate,all,2002-06-30,Q,8.6,fred,2026-09-07T17:18:12Z
sloos_card_standards_net_tightening,SLOOS_DOMESTIC,aggregate,all,2002-09-30,Q,14.7,fred,2026-09-07T17:18:12Z
sloos_card_standards_net_tightening,SLOOS_DOMESTIC,aggregate,all,2002-12-31,Q,15.2,fred,2026-09-07T17:18:12Z
sloos_card_standards_net_tightening,SLOOS_DOMESTIC,aggregate,all,2003-03-31,Q,16.2,fred,2026-09-07T17:18:12Z
sloos_card_standards_net_tightening,SLOOS_DOMESTIC,aggregate,all,2003-06-30,Q,9.7,fred,2026-09-07T17:18:12Z
sloos_card_standards_net_tightening,SLOOS_DOMESTIC,aggregate,all,2003-09-30,Q,0,fred,2026-09-07T17:18:12Z
sloos_card_standards_net_tightening,SLOOS_DOMESTIC,aggregate,all,2003-12-31,Q,2.9,fred,2026-09-07T17:18:12Z
sloos_card_standards_net_tightening,SLOOS_DOMESTIC,aggregate,all,2004-03-31,Q,6.3,fred,2026-09-07T17:18:12Z
sloos_card_standards_net_tightening,SLOOS_DOMESTIC,aggregate,all,2004-06-30,Q,3.2,fred,2026-09-07T17:18:12Z
sloos_card_standards_net_tightening,SLOOS_DOMESTIC,aggregate,all,2004-09-30,Q,0,fred,2026-09-07T17:18:12Z
sloos_card_standards_net_tightening,SLOOS_DOMESTIC,aggregate,all,2004-12-31,Q,-2.9,fred,2026-09-07T17:18:12Z
sloos_card_standards_net_tightening,SLOOS_DOMESTIC,aggregate,all,2005-03-31,Q,-2.9,fred,2026-09-07T17:18:12Z
sloos_card_standards_net_tightening,SLOOS_DOMESTIC,aggregate,all,2005-06-30,Q,-8.3,fred,2026-09-07T17:18:12Z
sloos_card_standards_net_tightening,SLOOS_DOMESTIC,aggregate,all,2005-09-30,Q,-6.5,fred,2026-09-07T17:18:12Z
sloos_card_standards_net_tightening,SLOOS_DOMESTIC,aggregate,all,2005-12-31,Q,-3,fred,2026-09-07T17:18:12Z
sloos_card_standards_net_tightening,SLOOS_DOMESTIC,aggregate,all,2006-03-31,Q,3.1,fred,2026-09-07T17:18:12Z
sloos_card_standards_net_tightening,SLOOS_DOMESTIC,aggregate,all,2006-06-30,Q,-2.6,fred,2026-09-07T17:18:12Z
sloos_card_standards_net_tightening,SLOOS_DOMESTIC,aggregate,all,2006-09-30,Q,-3,fred,2026-09-07T17:18:12Z
sloos_card_standards_net_tightening,SLOOS_DOMESTIC,aggregate,all,2006-12-31,Q,-2.9,fred,2026-09-07T17:18:12Z
sloos_card_standards_net_tightening,SLOOS_DOMESTIC,aggregate,all,2007-03-31,Q,0,fred,2026-09-07T17:18:12Z
sloos_card_standards_net_tightening,SLOOS_DOMESTIC,aggregate,all,2007-06-30,Q,-11.1,fred,2026-09-07T17:18:12Z
sloos_card_standards_net_tightening,SLOOS_DOMESTIC,aggregate,all,2007-09-30,Q,-3.1,fred,2026-09-07T17:18:12Z
sloos_card_standards_net_tightening,SLOOS_DOMESTIC,aggregate,all,2007-12-31,Q,3.2,fred,2026-09-07T17:18:12Z
sloos_card_standards_net_tightening,SLOOS_DOMESTIC,aggregate,all,2008-03-31,Q,9.8,fred,2026-09-07T17:18:12Z
sloos_card_standards_net_tightening,SLOOS_DOMESTIC,aggregate,all,2008-06-30,Q,32.4,fred,2026-09-07T17:18:12Z
sloos_card_standards_net_tightening,SLOOS_DOMESTIC,aggregate,all,2008-09-30,Q,66.7,fred,2026-09-07T17:18:12Z
sloos_card_standards_net_tightening,SLOOS_DOMESTIC,aggregate,all,2008-12-31,Q,58.8,fred,2026-09-07T17:18:12Z
sloos_card_standards_net_tightening,SLOOS_DOMESTIC,aggregate,all,2009-03-31,Q,58.8,fred,2026-09-07T17:18:12Z
sloos_card_standards_net_tightening,SLOOS_DOMESTIC,aggregate,all,2009-06-30,Q,58.1,fred,2026-09-07T17:18:12Z
sloos_card_standards_net_tightening,SLOOS_DOMESTIC,aggregate,all,2009-09-30,Q,35.3,fred,2026-09-07T17:18:12Z
sloos_card_standards_net_tightening,SLOOS_DOMESTIC,aggregate,all,2009-12-31,Q,15.8,fred,2026-09-07T17:18:12Z
sloos_card_standards_net_tightening,SLOOS_DOMESTIC,aggregate,all,2010-03-31,Q,2.8,fred,2026-09-07T17:18:12Z
sloos_card_standards_net_tightening,SLOOS_DOMESTIC,aggregate,all,2010-06-30,Q,9.1,fred,2026-09-07T17:18:12Z
sloos_card_standards_net_tightening,SLOOS_DOMESTIC,aggregate,all,2010-09-30,Q,-7.9,fred,2026-09-07T17:18:12Z
sloos_card_standards_net_tightening,SLOOS_DOMESTIC,aggregate,all,2010-12-31,Q,-10,fred,2026-09-07T17:18:12Z
sloos_card_standards_net_tightening,SLOOS_DOMESTIC,aggregate,all,2011-03-31,Q,-10,fred,2026-09-07T17:18:12Z
sloos_card_standards_net_tightening,SLOOS_DOMESTIC,aggregate,all,2011-06-30,Q,-20.5,fred,2026-09-07T17:18:12Z
sloos_card_standards_net_tightening,SLOOS_DOMESTIC,aggregate,all,2011-09-30,Q,-9.3,fred,2026-09-07T17:18:12Z
sloos_card_standards_net_tightening,SLOOS_DOMESTIC,aggregate,all,2011-12-31,Q,-7.9,fred,2026-09-07T17:18:12Z
sloos_card_standards_net_tightening,SLOOS_DOMESTIC,aggregate,all,2012-03-31,Q,-11.6,fred,2026-09-07T17:18:12Z
sloos_card_standards_net_tightening,SLOOS_DOMESTIC,aggregate,all,2012-06-30,Q,-11.6,fred,2026-09-07T17:18:12Z
sloos_card_standards_net_tightening,SLOOS_DOMESTIC,aggregate,all,2012-09-30,Q,-10.9,fred,2026-09-07T17:18:12Z
sloos_card_standards_net_tightening,SLOOS_DOMESTIC,aggregate,all,2012-12-31,Q,-11.1,fred,2026-09-07T17:18:12Z
sloos_card_standards_net_tightening,SLOOS_DOMESTIC,aggregate,all,2013-03-31,Q,-2,fred,2026-09-07T17:18:12Z
sloos_card_standards_net_tightening,SLOOS_DOMESTIC,aggregate,all,2013-06-30,Q,-7.4,fred,2026-09-07T17:18:12Z
sloos_card_standards_net_tightening,SLOOS_DOMESTIC,aggregate,all,2013-09-30,Q,-3.6,fred,2026-09-07T17:18:12Z
sloos_card_standards_net_tightening,SLOOS_DOMESTIC,aggregate,all,2013-12-31,Q,-5.2,fred,2026-09-07T17:18:12Z
sloos_card_standards_net_tightening,SLOOS_DOMESTIC,aggregate,all,2014-03-31,Q,-7,fred,2026-09-07T17:18:12Z
sloos_card_standards_net_tightening,SLOOS_DOMESTIC,aggregate,all,2014-06-30,Q,-9.3,fred,2026-09-07T17:18:12Z
sloos_card_standards_net_tightening,SLOOS_DOMESTIC,aggregate,all,2014-09-30,Q,-13,fred,2026-09-07T17:18:12Z
sloos_card_standards_net_tightening,SLOOS_DOMESTIC,aggregate,all,2014-12-31,Q,-8.8,fred,2026-09-07T17:18:12Z
sloos_card_standards_net_tightening,SLOOS_DOMESTIC,aggregate,all,2015-03-31,Q,-1.9,fred,2026-09-07T17:18:12Z
sloos_card_standards_net_tightening,SLOOS_DOMESTIC,aggregate,all,2015-06-30,Q,-1.8,fred,2026-09-07T17:18:12Z
sloos_card_standards_net_tightening,SLOOS_DOMESTIC,aggregate,all,2015-09-30,Q,-7.7,fred,2026-09-07T17:18:12Z
sloos_card_standards_net_tightening,SLOOS_DOMESTIC,aggregate,all,2015-12-31,Q,-5.8,fred,2026-09-07T17:18:12Z
sloos_card_standards_net_tightening,SLOOS_DOMESTIC,aggregate,all,2016-03-31,Q,-1.9,fred,2026-09-07T17:18:12Z
sloos_card_standards_net_tightening,SLOOS_DOMESTIC,aggregate,all,2016-06-30,Q,-5.7,fred,2026-09-07T17:18:12Z
sloos_card_standards_net_tightening,SLOOS_DOMESTIC,aggregate,all,2016-09-30,Q,-5.6,fred,2026-09-07T17:18:12Z
sloos_card_standards_net_tightening,SLOOS_DOMESTIC,aggregate,all,2016-12-31,Q,0,fred,2026-09-07T17:18:12Z
sloos_card_standards_net_tightening,SLOOS_DOMESTIC,aggregate,all,2017-03-31,Q,8.3,fred,2026-09-07T17:18:12Z
sloos_card_standards_net_tightening,SLOOS_DOMESTIC,aggregate,all,2017-06-30,Q,-7.8,fred,2026-09-07T17:18:12Z
sloos_card_standards_net_tightening,SLOOS_DOMESTIC,aggregate,all,2017-09-30,Q,5.8,fred,2026-09-07T17:18:12Z
sloos_card_standards_net_tightening,SLOOS_DOMESTIC,aggregate,all,2017-12-31,Q,9.1,fred,2026-09-07T17:18:12Z
sloos_card_standards_net_tightening,SLOOS_DOMESTIC,aggregate,all,2018-03-31,Q,1.9,fred,2026-09-07T17:18:12Z
sloos_card_standards_net_tightening,SLOOS_DOMESTIC,aggregate,all,2018-06-30,Q,9.4,fred,2026-09-07T17:18:12Z
sloos_card_standards_net_tightening,SLOOS_DOMESTIC,aggregate,all,2018-09-30,Q,12,fred,2026-09-07T17:18:12Z
sloos_card_standards_net_tightening,SLOOS_DOMESTIC,aggregate,all,2018-12-31,Q,-2.2,fred,2026-09-07T17:18:12Z
sloos_card_standards_net_tightening,SLOOS_DOMESTIC,aggregate,all,2019-03-31,Q,6.4,fred,2026-09-07T17:18:12Z
sloos_card_standards_net_tightening,SLOOS_DOMESTIC,aggregate,all,2019-06-30,Q,15.2,fred,2026-09-07T17:18:12Z
sloos_card_standards_net_tightening,SLOOS_DOMESTIC,aggregate,all,2019-09-30,Q,8.5,fred,2026-09-07T17:18:12Z
sloos_card_standards_net_tightening,SLOOS_DOMESTIC,aggregate,all,2019-12-31,Q,10.4,fred,2026-09-07T17:18:12Z
sloos_card_standards_net_tightening,SLOOS_DOMESTIC,aggregate,all,2020-03-31,Q,13.6,fred,2026-09-07T17:18:12Z
sloos_card_standards_net_tightening,SLOOS_DOMESTIC,aggregate,all,2020-06-30,Q,38.5,fred,2026-09-07T17:18:12Z
sloos_card_standards_net_tightening,SLOOS_DOMESTIC,aggregate,all,2020-09-30,Q,71.7,fred,2026-09-07T17:18:12Z
sloos_card_standards_net_tightening,SLOOS_DOMESTIC,aggregate,all,2020-12-31,Q,26.7,fred,2026-09-07T17:18:12Z
sloos_card_standards_net_tightening,SLOOS_DOMESTIC,aggregate,all,2021-03-31,Q,-12.8,fred,2026-09-07T17:18:12Z
sloos_card_standards_net_tightening,SLOOS_DOMESTIC,aggregate,all,2021-06-30,Q,-27.1,fred,2026-09-07T17:18:12Z
sloos_card_standards_net_tightening,SLOOS_DOMESTIC,aggregate,all,2021-09-30,Q,-37.3,fred,2026-09-07T17:18:12Z
sloos_card_standards_net_tightening,SLOOS_DOMESTIC,aggregate,all,2021-12-31,Q,-31.1,fred,2026-09-07T17:18:12Z
sloos_card_standards_net_tightening,SLOOS_DOMESTIC,aggregate,all,2022-03-31,Q,-17,fred,2026-09-07T17:18:12Z
sloos_card_standards_net_tightening,SLOOS_DOMESTIC,aggregate,all,2022-06-30,Q,-10.4,fred,2026-09-07T17:18:12Z
sloos_card_standards_net_tightening,SLOOS_DOMESTIC,aggregate,all,2022-09-30,Q,0,fred,2026-09-07T17:18:12Z
sloos_card_standards_net_tightening,SLOOS_DOMESTIC,aggregate,all,2022-12-31,Q,18.8,fred,2026-09-07T17:18:12Z
sloos_card_standards_net_tightening,SLOOS_DOMESTIC,aggregate,all,2023-03-31,Q,28.3,fred,2026-09-07T17:18:12Z
sloos_card_standards_net_tightening,SLOOS_DOMESTIC,aggregate,all,2023-06-30,Q,30.4,fred,2026-09-07T17:18:12Z
sloos_card_standards_net_tightening,SLOOS_DOMESTIC,aggregate,all,2023-09-30,Q,36.4,fred,2026-09-07T17:18:12Z
sloos_card_standards_net_tightening,SLOOS_DOMESTIC,aggregate,all,2023-12-31,Q,28.9,fred,2026-09-07T17:18:12Z
sloos_card_standards_net_tightening,SLOOS_DOMESTIC,aggregate,all,2024-03-31,Q,22.9,fred,2026-09-07T17:18:12Z
sloos_card_standards_net_tightening,SLOOS_DOMESTIC,aggregate,all,2024-06-30,Q,21.2,fred,2026-09-07T17:18:12Z
sloos_card_standards_net_tightening,SLOOS_DOMESTIC,aggregate,all,2024-09-30,Q,20,fred,2026-09-07T17:18:12Z
sloos_card_standards_net_tightening,SLOOS_DOMESTIC,aggregate,all,2024-12-31,Q,18.4,fred,2026-09-07T17:18:12Z
sloos_card_standards_net_tightening,SLOOS_DOMESTIC,aggregate,all,2025-03-31,Q,9.4,fred,2026-09-07T17:18:12Z
sloos_card_standards_net_tightening,SLOOS_DOMESTIC,aggregate,all,2025-06-30,Q,5.6,fred,2026-09-07T17:18:12Z
sloos_card_standards_net_tightening,SLOOS_DOMESTIC,aggregate,all,2025-09-30,Q,10.4,fred,2026-09-07T17:18:12Z
sloos_card_standards_net_tightening,SLOOS_DOMESTIC,aggregate,all,2025-12-31,Q,4.2,fred,2026-09-07T17:18:12Z
sloos_card_standards_net_tightening,SLOOS_DOMESTIC,aggregate,all,2026-03-31,Q,0,fred,2026-09-07T17:18:12Z
sloos_card_standards_net_tightening,SLOOS_DOMESTIC,aggregate,all,2026-06-30,Q,2,fred,2026-09-07T17:18:12Z
sloos_card_standards_net_tightening,SLOOS_DOMESTIC,aggregate,all,2026-09-30,Q,6.7,fred,2026-09-07T17:18:12Z
